2022-01-11 10:32:08,062 [20048] INFO: Jan 11 2022 10:32:08 test beginning...
2022-01-11 10:32:08,078 [20048] INFO: robot.rshd=0
2022-01-11 10:32:08,078 [20048] INFO: ip=192.168.84.137, port=8899
2022-01-11 10:38:11,533 [21916] INFO: Jan 11 2022 10:38:11 test beginning...
2022-01-11 10:38:11,547 [21916] INFO: robot.rshd=0
2022-01-11 10:38:11,547 [21916] INFO: ip=192.168.1.100, port=8899
2022-01-11 10:38:32,572 [21916] ERROR: login failed!
2022-01-11 10:38:32,573 [21916] INFO: connect server192.168.1.100:8899 failed.
2022-01-11 10:38:33,011 [21916] INFO: Jan 11 2022 10:38:33 test completed.
2022-01-11 10:38:33,012 [21916] INFO: client_count=0
2022-01-11 10:38:33,013 [21916] INFO: test completed
2022-01-11 10:38:33,013 [21916] INFO: ******************************test_number 2
2022-01-11 10:38:33,017 [21916] INFO: Jan 11 2022 10:38:33 test beginning...
2022-01-11 10:38:33,017 [21916] INFO: Jan 11 2022 10:38:33 test beginning...
2022-01-11 10:38:33,033 [21916] INFO: robot.rshd=1
2022-01-11 10:38:33,033 [21916] INFO: robot.rshd=1
2022-01-11 10:38:33,037 [21916] INFO: ip=192.168.1.100, port=8899
2022-01-11 10:38:33,037 [21916] INFO: ip=192.168.1.100, port=8899
2022-01-11 10:43:31,826 [13012] INFO: Jan 11 2022 10:43:31 test beginning...
2022-01-11 10:43:31,837 [13012] INFO: robot.rshd=0
2022-01-11 10:43:31,837 [13012] INFO: ip=192.168.1.100, port=8899
2022-01-11 10:43:45,657 [13012] INFO: joint_status={'joint1': {'current': -192, 'voltage': 48.349998474121094, 'temperature': 24.399999618530273}, 'joint2': {'current': -3044, 'voltage': 48.7400016784668, 'temperature': 20.200000762939453}, 'joint3': {'current': 6437, 'voltage': 48.31999969482422, 'temperature': 24.5}, 'joint4': {'current': -2050, 'voltage': 48.16999816894531, 'temperature': 25.5}, 'joint5': {'current': 30, 'voltage': 48.02000045776367, 'temperature': 27.0}, 'joint6': {'current': -173, 'voltage': 48.18000030517578, 'temperature': 27.5}}
2022-01-11 10:43:45,658 [13012] INFO: move joint to (0.541678, 0.225068, -0.948709, 0.397018, -1.5708, 0.541673)
2022-01-11 10:43:47,652 [13012] INFO: [1.5, 1.5, 1.5, 1.5, 1.5, 1.5]
2022-01-11 10:43:47,653 [13012] INFO: {'joint': [-3e-06, -0.127267, -1.321122, 0.376934, -1.570796, -8e-06], 'ori': [0.0019035388451642714, -0.7068867143164567, 0.7073205840617013, -0.0022673829325723237], 'pos': [-0.40248403904136104, -0.1202838765748893, 0.5489983883741528]}
2022-01-11 10:43:47,657 [13012] INFO: {'joint': [-5.057375646344044e-06, -0.12729901693319598, -1.321183866313307, 0.3769043641543926, -1.5707931332811875, -9.364330070719875e-06], 'ori': [0.0019035388451642714, -0.7068867143164567, 0.7073205840617013, -0.0022673829325723237], 'pos': [-0.40248403904136104, -0.1202838765748893, 0.5489983883741528]}
2022-01-11 10:43:47,659 [13012] INFO: move joint to (0.0, 0.0, 0.0, 0.0, 0.0, 0.0)
2022-01-11 10:43:50,022 [13012] INFO: joint_status={'joint1': {'current': -1661, 'voltage': 48.36000061035156, 'temperature': 24.700000762939453}, 'joint2': {'current': 1946, 'voltage': 48.77000045776367, 'temperature': 20.399999618530273}, 'joint3': {'current': -1020, 'voltage': 48.33000183105469, 'temperature': 24.600000381469727}, 'joint4': {'current': 195, 'voltage': 48.16999816894531, 'temperature': 25.799999237060547}, 'joint5': {'current': 89, 'voltage': 48.040000915527344, 'temperature': 27.299999237060547}, 'joint6': {'current': -34, 'voltage': 48.20000076293945, 'temperature': 27.799999237060547}}
2022-01-11 10:43:50,024 [13012] INFO: move joint to (0.541678, 0.225068, -0.948709, 0.397018, -1.5708, 0.541673)
2022-01-11 10:43:52,371 [13012] INFO: [1.5, 1.5, 1.5, 1.5, 1.5, 1.5]
2022-01-11 10:43:52,372 [13012] INFO: {'joint': [-3e-06, -0.127267, -1.321122, 0.376934, -1.570796, -8e-06], 'ori': [0.0019035388451642714, -0.7068867143164567, 0.7073205840617013, -0.0022673829325723237], 'pos': [-0.40248403904136104, -0.1202838765748893, 0.5489983883741528]}
2022-01-11 10:43:52,374 [13012] INFO: {'joint': [-5.057375646344044e-06, -0.12729901693319598, -1.321183866313307, 0.3769043641543926, -1.5707931332811875, -9.364330070719875e-06], 'ori': [0.0019035388451642714, -0.7068867143164567, 0.7073205840617013, -0.0022673829325723237], 'pos': [-0.40248403904136104, -0.1202838765748893, 0.5489983883741528]}
2022-01-11 10:43:52,377 [13012] INFO: move joint to (0.0, 0.0, 0.0, 0.0, 0.0, 0.0)
2022-01-11 10:43:55,239 [13012] INFO: ******************************disconnect1**********************
2022-01-11 10:43:57,014 [13012] INFO: Jan 11 2022 10:43:57 test completed.
2022-01-11 10:43:57,017 [13012] INFO: client_count=0
2022-01-11 10:43:57,019 [13012] INFO: test completed
2022-01-11 10:43:57,021 [13012] INFO: ******************************test_number 2
2022-01-11 10:43:57,035 [13012] INFO: Jan 11 2022 10:43:57 test beginning...
2022-01-11 10:43:57,035 [13012] INFO: Jan 11 2022 10:43:57 test beginning...
2022-01-11 10:43:57,076 [13012] INFO: robot.rshd=1
2022-01-11 10:43:57,076 [13012] INFO: robot.rshd=1
2022-01-11 10:43:57,080 [13012] INFO: ip=192.168.1.100, port=8899
2022-01-11 10:43:57,080 [13012] INFO: ip=192.168.1.100, port=8899
2022-01-11 10:44:01,415 [13012] INFO: joint_status={'joint1': {'current': -318, 'voltage': 48.34000015258789, 'temperature': 25.0}, 'joint2': {'current': 356, 'voltage': 48.75, 'temperature': 20.899999618530273}, 'joint3': {'current': -327, 'voltage': 48.31999969482422, 'temperature': 25.0}, 'joint4': {'current': 52, 'voltage': 48.150001525878906, 'temperature': 26.799999237060547}, 'joint5': {'current': -91, 'voltage': 48.029998779296875, 'temperature': 28.399999618530273}, 'joint6': {'current': 67, 'voltage': 48.189998626708984, 'temperature': 28.799999237060547}}
2022-01-11 10:44:01,415 [13012] INFO: joint_status={'joint1': {'current': -318, 'voltage': 48.34000015258789, 'temperature': 25.0}, 'joint2': {'current': 356, 'voltage': 48.75, 'temperature': 20.899999618530273}, 'joint3': {'current': -327, 'voltage': 48.31999969482422, 'temperature': 25.0}, 'joint4': {'current': 52, 'voltage': 48.150001525878906, 'temperature': 26.799999237060547}, 'joint5': {'current': -91, 'voltage': 48.029998779296875, 'temperature': 28.399999618530273}, 'joint6': {'current': 67, 'voltage': 48.189998626708984, 'temperature': 28.799999237060547}}
2022-01-11 10:44:01,416 [13012] INFO: move joint to (0.541678, 0.225068, -0.948709, 0.397018, -1.5708, 0.541673)
2022-01-11 10:44:01,416 [13012] INFO: move joint to (0.541678, 0.225068, -0.948709, 0.397018, -1.5708, 0.541673)
2022-01-11 10:44:03,752 [13012] INFO: [1.5, 1.5, 1.5, 1.5, 1.5, 1.5]
2022-01-11 10:44:03,752 [13012] INFO: [1.5, 1.5, 1.5, 1.5, 1.5, 1.5]
2022-01-11 10:44:03,756 [13012] INFO: {'joint': [-3e-06, -0.127267, -1.321122, 0.376934, -1.570796, -8e-06], 'ori': [0.0019035388451642714, -0.7068867143164567, 0.7073205840617013, -0.0022673829325723237], 'pos': [-0.40248403904136104, -0.1202838765748893, 0.5489983883741528]}
2022-01-11 10:44:03,756 [13012] INFO: {'joint': [-3e-06, -0.127267, -1.321122, 0.376934, -1.570796, -8e-06], 'ori': [0.0019035388451642714, -0.7068867143164567, 0.7073205840617013, -0.0022673829325723237], 'pos': [-0.40248403904136104, -0.1202838765748893, 0.5489983883741528]}
2022-01-11 10:44:03,768 [13012] INFO: {'joint': [-5.057375646344044e-06, -0.12729901693319598, -1.321183866313307, 0.3769043641543926, -1.5707931332811875, -9.364330070719875e-06], 'ori': [0.0019035388451642714, -0.7068867143164567, 0.7073205840617013, -0.0022673829325723237], 'pos': [-0.40248403904136104, -0.1202838765748893, 0.5489983883741528]}
2022-01-11 10:44:03,768 [13012] INFO: {'joint': [-5.057375646344044e-06, -0.12729901693319598, -1.321183866313307, 0.3769043641543926, -1.5707931332811875, -9.364330070719875e-06], 'ori': [0.0019035388451642714, -0.7068867143164567, 0.7073205840617013, -0.0022673829325723237], 'pos': [-0.40248403904136104, -0.1202838765748893, 0.5489983883741528]}
2022-01-11 10:44:03,770 [13012] INFO: move joint to (0.0, 0.0, 0.0, 0.0, 0.0, 0.0)
2022-01-11 10:44:03,770 [13012] INFO: move joint to (0.0, 0.0, 0.0, 0.0, 0.0, 0.0)
2022-01-11 10:44:06,105 [13012] INFO: joint_status={'joint1': {'current': -1766, 'voltage': 48.349998474121094, 'temperature': 25.0}, 'joint2': {'current': 2171, 'voltage': 48.7599983215332, 'temperature': 21.200000762939453}, 'joint3': {'current': -1148, 'voltage': 48.31999969482422, 'temperature': 25.200000762939453}, 'joint4': {'current': 222, 'voltage': 48.15999984741211, 'temperature': 27.299999237060547}, 'joint5': {'current': 77, 'voltage': 48.029998779296875, 'temperature': 28.799999237060547}, 'joint6': {'current': -25, 'voltage': 48.189998626708984, 'temperature': 29.299999237060547}}
2022-01-11 10:44:06,105 [13012] INFO: joint_status={'joint1': {'current': -1766, 'voltage': 48.349998474121094, 'temperature': 25.0}, 'joint2': {'current': 2171, 'voltage': 48.7599983215332, 'temperature': 21.200000762939453}, 'joint3': {'current': -1148, 'voltage': 48.31999969482422, 'temperature': 25.200000762939453}, 'joint4': {'current': 222, 'voltage': 48.15999984741211, 'temperature': 27.299999237060547}, 'joint5': {'current': 77, 'voltage': 48.029998779296875, 'temperature': 28.799999237060547}, 'joint6': {'current': -25, 'voltage': 48.189998626708984, 'temperature': 29.299999237060547}}
2022-01-11 10:44:06,114 [13012] INFO: move joint to (0.541678, 0.225068, -0.948709, 0.397018, -1.5708, 0.541673)
2022-01-11 10:44:06,114 [13012] INFO: move joint to (0.541678, 0.225068, -0.948709, 0.397018, -1.5708, 0.541673)
2022-01-11 10:44:08,470 [13012] INFO: [1.5, 1.5, 1.5, 1.5, 1.5, 1.5]
2022-01-11 10:44:08,470 [13012] INFO: [1.5, 1.5, 1.5, 1.5, 1.5, 1.5]
2022-01-11 10:44:08,472 [13012] INFO: {'joint': [-3e-06, -0.127267, -1.321122, 0.376934, -1.570796, -8e-06], 'ori': [0.0019035388451642714, -0.7068867143164567, 0.7073205840617013, -0.0022673829325723237], 'pos': [-0.40248403904136104, -0.1202838765748893, 0.5489983883741528]}
2022-01-11 10:44:08,472 [13012] INFO: {'joint': [-3e-06, -0.127267, -1.321122, 0.376934, -1.570796, -8e-06], 'ori': [0.0019035388451642714, -0.7068867143164567, 0.7073205840617013, -0.0022673829325723237], 'pos': [-0.40248403904136104, -0.1202838765748893, 0.5489983883741528]}
2022-01-11 10:44:08,476 [13012] INFO: {'joint': [-5.057375646344044e-06, -0.12729901693319598, -1.321183866313307, 0.3769043641543926, -1.5707931332811875, -9.364330070719875e-06], 'ori': [0.0019035388451642714, -0.7068867143164567, 0.7073205840617013, -0.0022673829325723237], 'pos': [-0.40248403904136104, -0.1202838765748893, 0.5489983883741528]}
2022-01-11 10:44:08,476 [13012] INFO: {'joint': [-5.057375646344044e-06, -0.12729901693319598, -1.321183866313307, 0.3769043641543926, -1.5707931332811875, -9.364330070719875e-06], 'ori': [0.0019035388451642714, -0.7068867143164567, 0.7073205840617013, -0.0022673829325723237], 'pos': [-0.40248403904136104, -0.1202838765748893, 0.5489983883741528]}
2022-01-11 10:44:08,481 [13012] INFO: move joint to (0.0, 0.0, 0.0, 0.0, 0.0, 0.0)
2022-01-11 10:44:08,481 [13012] INFO: move joint to (0.0, 0.0, 0.0, 0.0, 0.0, 0.0)
2022-01-11 10:44:11,339 [13012] INFO: ******************************disconnect1**********************
2022-01-11 10:44:11,339 [13012] INFO: ******************************disconnect1**********************
2022-01-11 10:44:13,014 [13012] INFO: Jan 11 2022 10:44:13 test completed.
2022-01-11 10:44:13,014 [13012] INFO: Jan 11 2022 10:44:13 test completed.
2022-01-11 10:44:13,015 [13012] INFO: client_count=0
2022-01-11 10:44:13,015 [13012] INFO: client_count=0
2022-01-11 10:44:13,016 [13012] INFO: test completed
2022-01-11 10:44:13,016 [13012] INFO: test completed
2022-01-11 10:44:13,017 [13012] INFO: ******************************test_number 3
2022-01-11 10:44:13,017 [13012] INFO: ******************************test_number 3
2022-01-11 10:44:13,024 [13012] INFO: Jan 11 2022 10:44:13 test beginning...
2022-01-11 10:44:13,024 [13012] INFO: Jan 11 2022 10:44:13 test beginning...
2022-01-11 10:44:13,024 [13012] INFO: Jan 11 2022 10:44:13 test beginning...
2022-01-11 10:44:13,038 [13012] INFO: robot.rshd=2
2022-01-11 10:44:13,038 [13012] INFO: robot.rshd=2
2022-01-11 10:44:13,038 [13012] INFO: robot.rshd=2
2022-01-11 10:44:13,039 [13012] INFO: ip=192.168.1.100, port=8899
2022-01-11 10:44:13,039 [13012] INFO: ip=192.168.1.100, port=8899
2022-01-11 10:44:13,039 [13012] INFO: ip=192.168.1.100, port=8899
2022-01-11 10:44:17,349 [13012] INFO: joint_status={'joint1': {'current': -319, 'voltage': 48.349998474121094, 'temperature': 25.399999618530273}, 'joint2': {'current': 281, 'voltage': 48.77000045776367, 'temperature': 21.700000762939453}, 'joint3': {'current': -339, 'voltage': 48.33000183105469, 'temperature': 25.399999618530273}, 'joint4': {'current': 57, 'voltage': 48.13999938964844, 'temperature': 28.299999237060547}, 'joint5': {'current': -80, 'voltage': 48.060001373291016, 'temperature': 29.799999237060547}, 'joint6': {'current': 69, 'voltage': 48.16999816894531, 'temperature': 30.299999237060547}}
2022-01-11 10:44:17,349 [13012] INFO: joint_status={'joint1': {'current': -319, 'voltage': 48.349998474121094, 'temperature': 25.399999618530273}, 'joint2': {'current': 281, 'voltage': 48.77000045776367, 'temperature': 21.700000762939453}, 'joint3': {'current': -339, 'voltage': 48.33000183105469, 'temperature': 25.399999618530273}, 'joint4': {'current': 57, 'voltage': 48.13999938964844, 'temperature': 28.299999237060547}, 'joint5': {'current': -80, 'voltage': 48.060001373291016, 'temperature': 29.799999237060547}, 'joint6': {'current': 69, 'voltage': 48.16999816894531, 'temperature': 30.299999237060547}}
2022-01-11 10:44:17,349 [13012] INFO: joint_status={'joint1': {'current': -319, 'voltage': 48.349998474121094, 'temperature': 25.399999618530273}, 'joint2': {'current': 281, 'voltage': 48.77000045776367, 'temperature': 21.700000762939453}, 'joint3': {'current': -339, 'voltage': 48.33000183105469, 'temperature': 25.399999618530273}, 'joint4': {'current': 57, 'voltage': 48.13999938964844, 'temperature': 28.299999237060547}, 'joint5': {'current': -80, 'voltage': 48.060001373291016, 'temperature': 29.799999237060547}, 'joint6': {'current': 69, 'voltage': 48.16999816894531, 'temperature': 30.299999237060547}}
2022-01-11 10:44:17,351 [13012] INFO: move joint to (0.541678, 0.225068, -0.948709, 0.397018, -1.5708, 0.541673)
2022-01-11 10:44:17,351 [13012] INFO: move joint to (0.541678, 0.225068, -0.948709, 0.397018, -1.5708, 0.541673)
2022-01-11 10:44:17,351 [13012] INFO: move joint to (0.541678, 0.225068, -0.948709, 0.397018, -1.5708, 0.541673)
2022-01-11 10:44:19,685 [13012] INFO: [1.5, 1.5, 1.5, 1.5, 1.5, 1.5]
2022-01-11 10:44:19,685 [13012] INFO: [1.5, 1.5, 1.5, 1.5, 1.5, 1.5]
2022-01-11 10:44:19,685 [13012] INFO: [1.5, 1.5, 1.5, 1.5, 1.5, 1.5]
2022-01-11 10:44:19,692 [13012] INFO: {'joint': [-3e-06, -0.127267, -1.321122, 0.376934, -1.570796, -8e-06], 'ori': [0.0019035388451642714, -0.7068867143164567, 0.7073205840617013, -0.0022673829325723237], 'pos': [-0.40248403904136104, -0.1202838765748893, 0.5489983883741528]}
2022-01-11 10:44:19,692 [13012] INFO: {'joint': [-3e-06, -0.127267, -1.321122, 0.376934, -1.570796, -8e-06], 'ori': [0.0019035388451642714, -0.7068867143164567, 0.7073205840617013, -0.0022673829325723237], 'pos': [-0.40248403904136104, -0.1202838765748893, 0.5489983883741528]}
2022-01-11 10:44:19,692 [13012] INFO: {'joint': [-3e-06, -0.127267, -1.321122, 0.376934, -1.570796, -8e-06], 'ori': [0.0019035388451642714, -0.7068867143164567, 0.7073205840617013, -0.0022673829325723237], 'pos': [-0.40248403904136104, -0.1202838765748893, 0.5489983883741528]}
2022-01-11 10:44:19,708 [13012] INFO: {'joint': [-5.057375646344044e-06, -0.12729901693319598, -1.321183866313307, 0.3769043641543926, -1.5707931332811875, -9.364330070719875e-06], 'ori': [0.0019035388451642714, -0.7068867143164567, 0.7073205840617013, -0.0022673829325723237], 'pos': [-0.40248403904136104, -0.1202838765748893, 0.5489983883741528]}
2022-01-11 10:44:19,708 [13012] INFO: {'joint': [-5.057375646344044e-06, -0.12729901693319598, -1.321183866313307, 0.3769043641543926, -1.5707931332811875, -9.364330070719875e-06], 'ori': [0.0019035388451642714, -0.7068867143164567, 0.7073205840617013, -0.0022673829325723237], 'pos': [-0.40248403904136104, -0.1202838765748893, 0.5489983883741528]}
2022-01-11 10:44:19,708 [13012] INFO: {'joint': [-5.057375646344044e-06, -0.12729901693319598, -1.321183866313307, 0.3769043641543926, -1.5707931332811875, -9.364330070719875e-06], 'ori': [0.0019035388451642714, -0.7068867143164567, 0.7073205840617013, -0.0022673829325723237], 'pos': [-0.40248403904136104, -0.1202838765748893, 0.5489983883741528]}
2022-01-11 10:44:19,715 [13012] INFO: move joint to (0.0, 0.0, 0.0, 0.0, 0.0, 0.0)
2022-01-11 10:44:19,715 [13012] INFO: move joint to (0.0, 0.0, 0.0, 0.0, 0.0, 0.0)
2022-01-11 10:44:19,715 [13012] INFO: move joint to (0.0, 0.0, 0.0, 0.0, 0.0, 0.0)
2022-01-11 10:44:22,061 [13012] INFO: joint_status={'joint1': {'current': -1583, 'voltage': 48.349998474121094, 'temperature': 25.5}, 'joint2': {'current': 1692, 'voltage': 48.7599983215332, 'temperature': 21.899999618530273}, 'joint3': {'current': -894, 'voltage': 48.31999969482422, 'temperature': 25.600000381469727}, 'joint4': {'current': 167, 'voltage': 48.150001525878906, 'temperature': 28.600000381469727}, 'joint5': {'current': 111, 'voltage': 48.0099983215332, 'temperature': 30.100000381469727}, 'joint6': {'current': -41, 'voltage': 48.16999816894531, 'temperature': 30.700000762939453}}
2022-01-11 10:44:22,061 [13012] INFO: joint_status={'joint1': {'current': -1583, 'voltage': 48.349998474121094, 'temperature': 25.5}, 'joint2': {'current': 1692, 'voltage': 48.7599983215332, 'temperature': 21.899999618530273}, 'joint3': {'current': -894, 'voltage': 48.31999969482422, 'temperature': 25.600000381469727}, 'joint4': {'current': 167, 'voltage': 48.150001525878906, 'temperature': 28.600000381469727}, 'joint5': {'current': 111, 'voltage': 48.0099983215332, 'temperature': 30.100000381469727}, 'joint6': {'current': -41, 'voltage': 48.16999816894531, 'temperature': 30.700000762939453}}
2022-01-11 10:44:22,061 [13012] INFO: joint_status={'joint1': {'current': -1583, 'voltage': 48.349998474121094, 'temperature': 25.5}, 'joint2': {'current': 1692, 'voltage': 48.7599983215332, 'temperature': 21.899999618530273}, 'joint3': {'current': -894, 'voltage': 48.31999969482422, 'temperature': 25.600000381469727}, 'joint4': {'current': 167, 'voltage': 48.150001525878906, 'temperature': 28.600000381469727}, 'joint5': {'current': 111, 'voltage': 48.0099983215332, 'temperature': 30.100000381469727}, 'joint6': {'current': -41, 'voltage': 48.16999816894531, 'temperature': 30.700000762939453}}
2022-01-11 10:44:22,064 [13012] INFO: move joint to (0.541678, 0.225068, -0.948709, 0.397018, -1.5708, 0.541673)
2022-01-11 10:44:22,064 [13012] INFO: move joint to (0.541678, 0.225068, -0.948709, 0.397018, -1.5708, 0.541673)
2022-01-11 10:44:22,064 [13012] INFO: move joint to (0.541678, 0.225068, -0.948709, 0.397018, -1.5708, 0.541673)
2022-01-11 10:44:24,418 [13012] INFO: [1.5, 1.5, 1.5, 1.5, 1.5, 1.5]
2022-01-11 10:44:24,418 [13012] INFO: [1.5, 1.5, 1.5, 1.5, 1.5, 1.5]
2022-01-11 10:44:24,418 [13012] INFO: [1.5, 1.5, 1.5, 1.5, 1.5, 1.5]
2022-01-11 10:44:24,421 [13012] INFO: {'joint': [-3e-06, -0.127267, -1.321122, 0.376934, -1.570796, -8e-06], 'ori': [0.0019035388451642714, -0.7068867143164567, 0.7073205840617013, -0.0022673829325723237], 'pos': [-0.40248403904136104, -0.1202838765748893, 0.5489983883741528]}
2022-01-11 10:44:24,421 [13012] INFO: {'joint': [-3e-06, -0.127267, -1.321122, 0.376934, -1.570796, -8e-06], 'ori': [0.0019035388451642714, -0.7068867143164567, 0.7073205840617013, -0.0022673829325723237], 'pos': [-0.40248403904136104, -0.1202838765748893, 0.5489983883741528]}
2022-01-11 10:44:24,421 [13012] INFO: {'joint': [-3e-06, -0.127267, -1.321122, 0.376934, -1.570796, -8e-06], 'ori': [0.0019035388451642714, -0.7068867143164567, 0.7073205840617013, -0.0022673829325723237], 'pos': [-0.40248403904136104, -0.1202838765748893, 0.5489983883741528]}
2022-01-11 10:44:24,426 [13012] INFO: {'joint': [-5.057375646344044e-06, -0.12729901693319598, -1.321183866313307, 0.3769043641543926, -1.5707931332811875, -9.364330070719875e-06], 'ori': [0.0019035388451642714, -0.7068867143164567, 0.7073205840617013, -0.0022673829325723237], 'pos': [-0.40248403904136104, -0.1202838765748893, 0.5489983883741528]}
2022-01-11 10:44:24,426 [13012] INFO: {'joint': [-5.057375646344044e-06, -0.12729901693319598, -1.321183866313307, 0.3769043641543926, -1.5707931332811875, -9.364330070719875e-06], 'ori': [0.0019035388451642714, -0.7068867143164567, 0.7073205840617013, -0.0022673829325723237], 'pos': [-0.40248403904136104, -0.1202838765748893, 0.5489983883741528]}
2022-01-11 10:44:24,426 [13012] INFO: {'joint': [-5.057375646344044e-06, -0.12729901693319598, -1.321183866313307, 0.3769043641543926, -1.5707931332811875, -9.364330070719875e-06], 'ori': [0.0019035388451642714, -0.7068867143164567, 0.7073205840617013, -0.0022673829325723237], 'pos': [-0.40248403904136104, -0.1202838765748893, 0.5489983883741528]}
2022-01-11 10:44:24,429 [13012] INFO: move joint to (0.0, 0.0, 0.0, 0.0, 0.0, 0.0)
2022-01-11 10:44:24,429 [13012] INFO: move joint to (0.0, 0.0, 0.0, 0.0, 0.0, 0.0)
2022-01-11 10:44:24,429 [13012] INFO: move joint to (0.0, 0.0, 0.0, 0.0, 0.0, 0.0)
2022-01-11 10:44:27,274 [13012] INFO: ******************************disconnect1**********************
2022-01-11 10:44:27,274 [13012] INFO: ******************************disconnect1**********************
2022-01-11 10:44:27,274 [13012] INFO: ******************************disconnect1**********************
2022-01-11 10:44:29,010 [13012] INFO: Jan 11 2022 10:44:29 test completed.
2022-01-11 10:44:29,010 [13012] INFO: Jan 11 2022 10:44:29 test completed.
2022-01-11 10:44:29,010 [13012] INFO: Jan 11 2022 10:44:29 test completed.
2022-01-11 10:44:29,015 [13012] INFO: client_count=0
2022-01-11 10:44:29,015 [13012] INFO: client_count=0
2022-01-11 10:44:29,015 [13012] INFO: client_count=0
2022-01-11 10:44:29,019 [13012] INFO: test completed
2022-01-11 10:44:29,019 [13012] INFO: test completed
2022-01-11 10:44:29,019 [13012] INFO: test completed
2022-01-11 10:44:29,029 [13012] INFO: ******************************test_number 4
2022-01-11 10:44:29,029 [13012] INFO: ******************************test_number 4
2022-01-11 10:44:29,029 [13012] INFO: ******************************test_number 4
2022-01-11 10:44:29,045 [13012] INFO: Jan 11 2022 10:44:29 test beginning...
2022-01-11 10:44:29,045 [13012] INFO: Jan 11 2022 10:44:29 test beginning...
2022-01-11 10:44:29,045 [13012] INFO: Jan 11 2022 10:44:29 test beginning...
2022-01-11 10:44:29,045 [13012] INFO: Jan 11 2022 10:44:29 test beginning...
2022-01-11 10:44:29,081 [13012] INFO: robot.rshd=3
2022-01-11 10:44:29,081 [13012] INFO: robot.rshd=3
2022-01-11 10:44:29,081 [13012] INFO: robot.rshd=3
2022-01-11 10:44:29,081 [13012] INFO: robot.rshd=3
2022-01-11 10:44:29,092 [13012] INFO: ip=192.168.1.100, port=8899
2022-01-11 10:44:29,092 [13012] INFO: ip=192.168.1.100, port=8899
2022-01-11 10:44:29,092 [13012] INFO: ip=192.168.1.100, port=8899
2022-01-11 10:44:29,092 [13012] INFO: ip=192.168.1.100, port=8899
2022-01-11 10:44:33,389 [13012] INFO: joint_status={'joint1': {'current': -319, 'voltage': 48.36000061035156, 'temperature': 25.700000762939453}, 'joint2': {'current': 159, 'voltage': 48.7599983215332, 'temperature': 22.299999237060547}, 'joint3': {'current': -283, 'voltage': 48.31999969482422, 'temperature': 25.799999237060547}, 'joint4': {'current': 29, 'voltage': 48.13999938964844, 'temperature': 29.5}, 'joint5': {'current': -100, 'voltage': 48.0, 'temperature': 30.899999618530273}, 'joint6': {'current': 54, 'voltage': 48.18000030517578, 'temperature': 31.5}}
2022-01-11 10:44:33,389 [13012] INFO: joint_status={'joint1': {'current': -319, 'voltage': 48.36000061035156, 'temperature': 25.700000762939453}, 'joint2': {'current': 159, 'voltage': 48.7599983215332, 'temperature': 22.299999237060547}, 'joint3': {'current': -283, 'voltage': 48.31999969482422, 'temperature': 25.799999237060547}, 'joint4': {'current': 29, 'voltage': 48.13999938964844, 'temperature': 29.5}, 'joint5': {'current': -100, 'voltage': 48.0, 'temperature': 30.899999618530273}, 'joint6': {'current': 54, 'voltage': 48.18000030517578, 'temperature': 31.5}}
2022-01-11 10:44:33,389 [13012] INFO: joint_status={'joint1': {'current': -319, 'voltage': 48.36000061035156, 'temperature': 25.700000762939453}, 'joint2': {'current': 159, 'voltage': 48.7599983215332, 'temperature': 22.299999237060547}, 'joint3': {'current': -283, 'voltage': 48.31999969482422, 'temperature': 25.799999237060547}, 'joint4': {'current': 29, 'voltage': 48.13999938964844, 'temperature': 29.5}, 'joint5': {'current': -100, 'voltage': 48.0, 'temperature': 30.899999618530273}, 'joint6': {'current': 54, 'voltage': 48.18000030517578, 'temperature': 31.5}}
2022-01-11 10:44:33,389 [13012] INFO: joint_status={'joint1': {'current': -319, 'voltage': 48.36000061035156, 'temperature': 25.700000762939453}, 'joint2': {'current': 159, 'voltage': 48.7599983215332, 'temperature': 22.299999237060547}, 'joint3': {'current': -283, 'voltage': 48.31999969482422, 'temperature': 25.799999237060547}, 'joint4': {'current': 29, 'voltage': 48.13999938964844, 'temperature': 29.5}, 'joint5': {'current': -100, 'voltage': 48.0, 'temperature': 30.899999618530273}, 'joint6': {'current': 54, 'voltage': 48.18000030517578, 'temperature': 31.5}}
2022-01-11 10:44:33,392 [13012] INFO: move joint to (0.541678, 0.225068, -0.948709, 0.397018, -1.5708, 0.541673)
2022-01-11 10:44:33,392 [13012] INFO: move joint to (0.541678, 0.225068, -0.948709, 0.397018, -1.5708, 0.541673)
2022-01-11 10:44:33,392 [13012] INFO: move joint to (0.541678, 0.225068, -0.948709, 0.397018, -1.5708, 0.541673)
2022-01-11 10:44:33,392 [13012] INFO: move joint to (0.541678, 0.225068, -0.948709, 0.397018, -1.5708, 0.541673)
2022-01-11 10:44:35,721 [13012] INFO: [1.5, 1.5, 1.5, 1.5, 1.5, 1.5]
2022-01-11 10:44:35,721 [13012] INFO: [1.5, 1.5, 1.5, 1.5, 1.5, 1.5]
2022-01-11 10:44:35,721 [13012] INFO: [1.5, 1.5, 1.5, 1.5, 1.5, 1.5]
2022-01-11 10:44:35,721 [13012] INFO: [1.5, 1.5, 1.5, 1.5, 1.5, 1.5]
2022-01-11 10:44:35,727 [13012] INFO: {'joint': [-3e-06, -0.127267, -1.321122, 0.376934, -1.570796, -8e-06], 'ori': [0.0019035388451642714, -0.7068867143164567, 0.7073205840617013, -0.0022673829325723237], 'pos': [-0.40248403904136104, -0.1202838765748893, 0.5489983883741528]}
2022-01-11 10:44:35,727 [13012] INFO: {'joint': [-3e-06, -0.127267, -1.321122, 0.376934, -1.570796, -8e-06], 'ori': [0.0019035388451642714, -0.7068867143164567, 0.7073205840617013, -0.0022673829325723237], 'pos': [-0.40248403904136104, -0.1202838765748893, 0.5489983883741528]}
2022-01-11 10:44:35,727 [13012] INFO: {'joint': [-3e-06, -0.127267, -1.321122, 0.376934, -1.570796, -8e-06], 'ori': [0.0019035388451642714, -0.7068867143164567, 0.7073205840617013, -0.0022673829325723237], 'pos': [-0.40248403904136104, -0.1202838765748893, 0.5489983883741528]}
2022-01-11 10:44:35,727 [13012] INFO: {'joint': [-3e-06, -0.127267, -1.321122, 0.376934, -1.570796, -8e-06], 'ori': [0.0019035388451642714, -0.7068867143164567, 0.7073205840617013, -0.0022673829325723237], 'pos': [-0.40248403904136104, -0.1202838765748893, 0.5489983883741528]}
2022-01-11 10:44:35,741 [13012] INFO: {'joint': [-5.057375646344044e-06, -0.12729901693319598, -1.321183866313307, 0.3769043641543926, -1.5707931332811875, -9.364330070719875e-06], 'ori': [0.0019035388451642714, -0.7068867143164567, 0.7073205840617013, -0.0022673829325723237], 'pos': [-0.40248403904136104, -0.1202838765748893, 0.5489983883741528]}
2022-01-11 10:44:35,741 [13012] INFO: {'joint': [-5.057375646344044e-06, -0.12729901693319598, -1.321183866313307, 0.3769043641543926, -1.5707931332811875, -9.364330070719875e-06], 'ori': [0.0019035388451642714, -0.7068867143164567, 0.7073205840617013, -0.0022673829325723237], 'pos': [-0.40248403904136104, -0.1202838765748893, 0.5489983883741528]}
2022-01-11 10:44:35,741 [13012] INFO: {'joint': [-5.057375646344044e-06, -0.12729901693319598, -1.321183866313307, 0.3769043641543926, -1.5707931332811875, -9.364330070719875e-06], 'ori': [0.0019035388451642714, -0.7068867143164567, 0.7073205840617013, -0.0022673829325723237], 'pos': [-0.40248403904136104, -0.1202838765748893, 0.5489983883741528]}
2022-01-11 10:44:35,741 [13012] INFO: {'joint': [-5.057375646344044e-06, -0.12729901693319598, -1.321183866313307, 0.3769043641543926, -1.5707931332811875, -9.364330070719875e-06], 'ori': [0.0019035388451642714, -0.7068867143164567, 0.7073205840617013, -0.0022673829325723237], 'pos': [-0.40248403904136104, -0.1202838765748893, 0.5489983883741528]}
2022-01-11 10:44:35,759 [13012] INFO: move joint to (0.0, 0.0, 0.0, 0.0, 0.0, 0.0)
2022-01-11 10:44:35,759 [13012] INFO: move joint to (0.0, 0.0, 0.0, 0.0, 0.0, 0.0)
2022-01-11 10:44:35,759 [13012] INFO: move joint to (0.0, 0.0, 0.0, 0.0, 0.0, 0.0)
2022-01-11 10:44:35,759 [13012] INFO: move joint to (0.0, 0.0, 0.0, 0.0, 0.0, 0.0)
2022-01-11 10:44:38,116 [13012] INFO: joint_status={'joint1': {'current': -1665, 'voltage': 48.349998474121094, 'temperature': 25.799999237060547}, 'joint2': {'current': 1990, 'voltage': 48.75, 'temperature': 22.399999618530273}, 'joint3': {'current': -1106, 'voltage': 48.310001373291016, 'temperature': 26.0}, 'joint4': {'current': 202, 'voltage': 48.150001525878906, 'temperature': 29.700000762939453}, 'joint5': {'current': 99, 'voltage': 48.0099983215332, 'temperature': 31.200000762939453}, 'joint6': {'current': -27, 'voltage': 48.16999816894531, 'temperature': 31.799999237060547}}
2022-01-11 10:44:38,116 [13012] INFO: joint_status={'joint1': {'current': -1665, 'voltage': 48.349998474121094, 'temperature': 25.799999237060547}, 'joint2': {'current': 1990, 'voltage': 48.75, 'temperature': 22.399999618530273}, 'joint3': {'current': -1106, 'voltage': 48.310001373291016, 'temperature': 26.0}, 'joint4': {'current': 202, 'voltage': 48.150001525878906, 'temperature': 29.700000762939453}, 'joint5': {'current': 99, 'voltage': 48.0099983215332, 'temperature': 31.200000762939453}, 'joint6': {'current': -27, 'voltage': 48.16999816894531, 'temperature': 31.799999237060547}}
2022-01-11 10:44:38,116 [13012] INFO: joint_status={'joint1': {'current': -1665, 'voltage': 48.349998474121094, 'temperature': 25.799999237060547}, 'joint2': {'current': 1990, 'voltage': 48.75, 'temperature': 22.399999618530273}, 'joint3': {'current': -1106, 'voltage': 48.310001373291016, 'temperature': 26.0}, 'joint4': {'current': 202, 'voltage': 48.150001525878906, 'temperature': 29.700000762939453}, 'joint5': {'current': 99, 'voltage': 48.0099983215332, 'temperature': 31.200000762939453}, 'joint6': {'current': -27, 'voltage': 48.16999816894531, 'temperature': 31.799999237060547}}
2022-01-11 10:44:38,116 [13012] INFO: joint_status={'joint1': {'current': -1665, 'voltage': 48.349998474121094, 'temperature': 25.799999237060547}, 'joint2': {'current': 1990, 'voltage': 48.75, 'temperature': 22.399999618530273}, 'joint3': {'current': -1106, 'voltage': 48.310001373291016, 'temperature': 26.0}, 'joint4': {'current': 202, 'voltage': 48.150001525878906, 'temperature': 29.700000762939453}, 'joint5': {'current': 99, 'voltage': 48.0099983215332, 'temperature': 31.200000762939453}, 'joint6': {'current': -27, 'voltage': 48.16999816894531, 'temperature': 31.799999237060547}}
2022-01-11 10:44:38,122 [13012] INFO: move joint to (0.541678, 0.225068, -0.948709, 0.397018, -1.5708, 0.541673)
2022-01-11 10:44:38,122 [13012] INFO: move joint to (0.541678, 0.225068, -0.948709, 0.397018, -1.5708, 0.541673)
2022-01-11 10:44:38,122 [13012] INFO: move joint to (0.541678, 0.225068, -0.948709, 0.397018, -1.5708, 0.541673)
2022-01-11 10:44:38,122 [13012] INFO: move joint to (0.541678, 0.225068, -0.948709, 0.397018, -1.5708, 0.541673)
2022-01-11 10:44:40,475 [13012] INFO: [1.5, 1.5, 1.5, 1.5, 1.5, 1.5]
2022-01-11 10:44:40,475 [13012] INFO: [1.5, 1.5, 1.5, 1.5, 1.5, 1.5]
2022-01-11 10:44:40,475 [13012] INFO: [1.5, 1.5, 1.5, 1.5, 1.5, 1.5]
2022-01-11 10:44:40,475 [13012] INFO: [1.5, 1.5, 1.5, 1.5, 1.5, 1.5]
2022-01-11 10:44:40,476 [13012] INFO: {'joint': [-3e-06, -0.127267, -1.321122, 0.376934, -1.570796, -8e-06], 'ori': [0.0019035388451642714, -0.7068867143164567, 0.7073205840617013, -0.0022673829325723237], 'pos': [-0.40248403904136104, -0.1202838765748893, 0.5489983883741528]}
2022-01-11 10:44:40,476 [13012] INFO: {'joint': [-3e-06, -0.127267, -1.321122, 0.376934, -1.570796, -8e-06], 'ori': [0.0019035388451642714, -0.7068867143164567, 0.7073205840617013, -0.0022673829325723237], 'pos': [-0.40248403904136104, -0.1202838765748893, 0.5489983883741528]}
2022-01-11 10:44:40,476 [13012] INFO: {'joint': [-3e-06, -0.127267, -1.321122, 0.376934, -1.570796, -8e-06], 'ori': [0.0019035388451642714, -0.7068867143164567, 0.7073205840617013, -0.0022673829325723237], 'pos': [-0.40248403904136104, -0.1202838765748893, 0.5489983883741528]}
2022-01-11 10:44:40,476 [13012] INFO: {'joint': [-3e-06, -0.127267, -1.321122, 0.376934, -1.570796, -8e-06], 'ori': [0.0019035388451642714, -0.7068867143164567, 0.7073205840617013, -0.0022673829325723237], 'pos': [-0.40248403904136104, -0.1202838765748893, 0.5489983883741528]}
2022-01-11 10:44:40,480 [13012] INFO: {'joint': [-5.057375646344044e-06, -0.12729901693319598, -1.321183866313307, 0.3769043641543926, -1.5707931332811875, -9.364330070719875e-06], 'ori': [0.0019035388451642714, -0.7068867143164567, 0.7073205840617013, -0.0022673829325723237], 'pos': [-0.40248403904136104, -0.1202838765748893, 0.5489983883741528]}
2022-01-11 10:44:40,480 [13012] INFO: {'joint': [-5.057375646344044e-06, -0.12729901693319598, -1.321183866313307, 0.3769043641543926, -1.5707931332811875, -9.364330070719875e-06], 'ori': [0.0019035388451642714, -0.7068867143164567, 0.7073205840617013, -0.0022673829325723237], 'pos': [-0.40248403904136104, -0.1202838765748893, 0.5489983883741528]}
2022-01-11 10:44:40,480 [13012] INFO: {'joint': [-5.057375646344044e-06, -0.12729901693319598, -1.321183866313307, 0.3769043641543926, -1.5707931332811875, -9.364330070719875e-06], 'ori': [0.0019035388451642714, -0.7068867143164567, 0.7073205840617013, -0.0022673829325723237], 'pos': [-0.40248403904136104, -0.1202838765748893, 0.5489983883741528]}
2022-01-11 10:44:40,480 [13012] INFO: {'joint': [-5.057375646344044e-06, -0.12729901693319598, -1.321183866313307, 0.3769043641543926, -1.5707931332811875, -9.364330070719875e-06], 'ori': [0.0019035388451642714, -0.7068867143164567, 0.7073205840617013, -0.0022673829325723237], 'pos': [-0.40248403904136104, -0.1202838765748893, 0.5489983883741528]}
2022-01-11 10:44:40,484 [13012] INFO: move joint to (0.0, 0.0, 0.0, 0.0, 0.0, 0.0)
2022-01-11 10:44:40,484 [13012] INFO: move joint to (0.0, 0.0, 0.0, 0.0, 0.0, 0.0)
2022-01-11 10:44:40,484 [13012] INFO: move joint to (0.0, 0.0, 0.0, 0.0, 0.0, 0.0)
2022-01-11 10:44:40,484 [13012] INFO: move joint to (0.0, 0.0, 0.0, 0.0, 0.0, 0.0)
2022-01-11 10:44:43,328 [13012] INFO: ******************************disconnect1**********************
2022-01-11 10:44:43,328 [13012] INFO: ******************************disconnect1**********************
2022-01-11 10:44:43,328 [13012] INFO: ******************************disconnect1**********************
2022-01-11 10:44:43,328 [13012] INFO: ******************************disconnect1**********************
2022-01-11 10:44:45,015 [13012] INFO: Jan 11 2022 10:44:45 test completed.
2022-01-11 10:44:45,015 [13012] INFO: Jan 11 2022 10:44:45 test completed.
2022-01-11 10:44:45,015 [13012] INFO: Jan 11 2022 10:44:45 test completed.
2022-01-11 10:44:45,015 [13012] INFO: Jan 11 2022 10:44:45 test completed.
2022-01-11 10:44:45,017 [13012] INFO: client_count=0
2022-01-11 10:44:45,017 [13012] INFO: client_count=0
2022-01-11 10:44:45,017 [13012] INFO: client_count=0
2022-01-11 10:44:45,017 [13012] INFO: client_count=0
2022-01-11 10:44:45,021 [13012] INFO: test completed
2022-01-11 10:44:45,021 [13012] INFO: test completed
2022-01-11 10:44:45,021 [13012] INFO: test completed
2022-01-11 10:44:45,021 [13012] INFO: test completed
2022-01-11 10:44:45,026 [13012] INFO: ******************************test_number 5
2022-01-11 10:44:45,026 [13012] INFO: ******************************test_number 5
2022-01-11 10:44:45,026 [13012] INFO: ******************************test_number 5
2022-01-11 10:44:45,026 [13012] INFO: ******************************test_number 5
2022-01-11 10:44:45,034 [13012] INFO: Jan 11 2022 10:44:45 test beginning...
2022-01-11 10:44:45,034 [13012] INFO: Jan 11 2022 10:44:45 test beginning...
2022-01-11 10:44:45,034 [13012] INFO: Jan 11 2022 10:44:45 test beginning...
2022-01-11 10:44:45,034 [13012] INFO: Jan 11 2022 10:44:45 test beginning...
2022-01-11 10:44:45,034 [13012] INFO: Jan 11 2022 10:44:45 test beginning...
2022-01-11 10:44:45,055 [13012] INFO: robot.rshd=4
2022-01-11 10:44:45,055 [13012] INFO: robot.rshd=4
2022-01-11 10:44:45,055 [13012] INFO: robot.rshd=4
2022-01-11 10:44:45,055 [13012] INFO: robot.rshd=4
2022-01-11 10:44:45,055 [13012] INFO: robot.rshd=4
2022-01-11 10:44:45,066 [13012] INFO: ip=192.168.1.100, port=8899
2022-01-11 10:44:45,066 [13012] INFO: ip=192.168.1.100, port=8899
2022-01-11 10:44:45,066 [13012] INFO: ip=192.168.1.100, port=8899
2022-01-11 10:44:45,066 [13012] INFO: ip=192.168.1.100, port=8899
2022-01-11 10:44:45,066 [13012] INFO: ip=192.168.1.100, port=8899
2022-01-11 10:44:49,442 [13012] INFO: joint_status={'joint1': {'current': -339, 'voltage': 48.349998474121094, 'temperature': 26.0}, 'joint2': {'current': 290, 'voltage': 48.77000045776367, 'temperature': 22.700000762939453}, 'joint3': {'current': -332, 'voltage': 48.33000183105469, 'temperature': 26.200000762939453}, 'joint4': {'current': 11, 'voltage': 48.130001068115234, 'temperature': 30.299999237060547}, 'joint5': {'current': -101, 'voltage': 48.0, 'temperature': 31.700000762939453}, 'joint6': {'current': 52, 'voltage': 48.15999984741211, 'temperature': 32.400001525878906}}
2022-01-11 10:44:49,442 [13012] INFO: joint_status={'joint1': {'current': -339, 'voltage': 48.349998474121094, 'temperature': 26.0}, 'joint2': {'current': 290, 'voltage': 48.77000045776367, 'temperature': 22.700000762939453}, 'joint3': {'current': -332, 'voltage': 48.33000183105469, 'temperature': 26.200000762939453}, 'joint4': {'current': 11, 'voltage': 48.130001068115234, 'temperature': 30.299999237060547}, 'joint5': {'current': -101, 'voltage': 48.0, 'temperature': 31.700000762939453}, 'joint6': {'current': 52, 'voltage': 48.15999984741211, 'temperature': 32.400001525878906}}
2022-01-11 10:44:49,442 [13012] INFO: joint_status={'joint1': {'current': -339, 'voltage': 48.349998474121094, 'temperature': 26.0}, 'joint2': {'current': 290, 'voltage': 48.77000045776367, 'temperature': 22.700000762939453}, 'joint3': {'current': -332, 'voltage': 48.33000183105469, 'temperature': 26.200000762939453}, 'joint4': {'current': 11, 'voltage': 48.130001068115234, 'temperature': 30.299999237060547}, 'joint5': {'current': -101, 'voltage': 48.0, 'temperature': 31.700000762939453}, 'joint6': {'current': 52, 'voltage': 48.15999984741211, 'temperature': 32.400001525878906}}
2022-01-11 10:44:49,442 [13012] INFO: joint_status={'joint1': {'current': -339, 'voltage': 48.349998474121094, 'temperature': 26.0}, 'joint2': {'current': 290, 'voltage': 48.77000045776367, 'temperature': 22.700000762939453}, 'joint3': {'current': -332, 'voltage': 48.33000183105469, 'temperature': 26.200000762939453}, 'joint4': {'current': 11, 'voltage': 48.130001068115234, 'temperature': 30.299999237060547}, 'joint5': {'current': -101, 'voltage': 48.0, 'temperature': 31.700000762939453}, 'joint6': {'current': 52, 'voltage': 48.15999984741211, 'temperature': 32.400001525878906}}
2022-01-11 10:44:49,442 [13012] INFO: joint_status={'joint1': {'current': -339, 'voltage': 48.349998474121094, 'temperature': 26.0}, 'joint2': {'current': 290, 'voltage': 48.77000045776367, 'temperature': 22.700000762939453}, 'joint3': {'current': -332, 'voltage': 48.33000183105469, 'temperature': 26.200000762939453}, 'joint4': {'current': 11, 'voltage': 48.130001068115234, 'temperature': 30.299999237060547}, 'joint5': {'current': -101, 'voltage': 48.0, 'temperature': 31.700000762939453}, 'joint6': {'current': 52, 'voltage': 48.15999984741211, 'temperature': 32.400001525878906}}
2022-01-11 10:44:49,448 [13012] INFO: move joint to (0.541678, 0.225068, -0.948709, 0.397018, -1.5708, 0.541673)
2022-01-11 10:44:49,448 [13012] INFO: move joint to (0.541678, 0.225068, -0.948709, 0.397018, -1.5708, 0.541673)
2022-01-11 10:44:49,448 [13012] INFO: move joint to (0.541678, 0.225068, -0.948709, 0.397018, -1.5708, 0.541673)
2022-01-11 10:44:49,448 [13012] INFO: move joint to (0.541678, 0.225068, -0.948709, 0.397018, -1.5708, 0.541673)
2022-01-11 10:44:49,448 [13012] INFO: move joint to (0.541678, 0.225068, -0.948709, 0.397018, -1.5708, 0.541673)
2022-01-11 10:44:51,800 [13012] INFO: [1.5, 1.5, 1.5, 1.5, 1.5, 1.5]
2022-01-11 10:44:51,800 [13012] INFO: [1.5, 1.5, 1.5, 1.5, 1.5, 1.5]
2022-01-11 10:44:51,800 [13012] INFO: [1.5, 1.5, 1.5, 1.5, 1.5, 1.5]
2022-01-11 10:44:51,800 [13012] INFO: [1.5, 1.5, 1.5, 1.5, 1.5, 1.5]
2022-01-11 10:44:51,800 [13012] INFO: [1.5, 1.5, 1.5, 1.5, 1.5, 1.5]
2022-01-11 10:44:51,810 [13012] INFO: {'joint': [-3e-06, -0.127267, -1.321122, 0.376934, -1.570796, -8e-06], 'ori': [0.0019035388451642714, -0.7068867143164567, 0.7073205840617013, -0.0022673829325723237], 'pos': [-0.40248403904136104, -0.1202838765748893, 0.5489983883741528]}
2022-01-11 10:44:51,810 [13012] INFO: {'joint': [-3e-06, -0.127267, -1.321122, 0.376934, -1.570796, -8e-06], 'ori': [0.0019035388451642714, -0.7068867143164567, 0.7073205840617013, -0.0022673829325723237], 'pos': [-0.40248403904136104, -0.1202838765748893, 0.5489983883741528]}
2022-01-11 10:44:51,810 [13012] INFO: {'joint': [-3e-06, -0.127267, -1.321122, 0.376934, -1.570796, -8e-06], 'ori': [0.0019035388451642714, -0.7068867143164567, 0.7073205840617013, -0.0022673829325723237], 'pos': [-0.40248403904136104, -0.1202838765748893, 0.5489983883741528]}
2022-01-11 10:44:51,810 [13012] INFO: {'joint': [-3e-06, -0.127267, -1.321122, 0.376934, -1.570796, -8e-06], 'ori': [0.0019035388451642714, -0.7068867143164567, 0.7073205840617013, -0.0022673829325723237], 'pos': [-0.40248403904136104, -0.1202838765748893, 0.5489983883741528]}
2022-01-11 10:44:51,810 [13012] INFO: {'joint': [-3e-06, -0.127267, -1.321122, 0.376934, -1.570796, -8e-06], 'ori': [0.0019035388451642714, -0.7068867143164567, 0.7073205840617013, -0.0022673829325723237], 'pos': [-0.40248403904136104, -0.1202838765748893, 0.5489983883741528]}
2022-01-11 10:44:51,816 [13012] INFO: {'joint': [-5.057375646344044e-06, -0.12729901693319598, -1.321183866313307, 0.3769043641543926, -1.5707931332811875, -9.364330070719875e-06], 'ori': [0.0019035388451642714, -0.7068867143164567, 0.7073205840617013, -0.0022673829325723237], 'pos': [-0.40248403904136104, -0.1202838765748893, 0.5489983883741528]}
2022-01-11 10:44:51,816 [13012] INFO: {'joint': [-5.057375646344044e-06, -0.12729901693319598, -1.321183866313307, 0.3769043641543926, -1.5707931332811875, -9.364330070719875e-06], 'ori': [0.0019035388451642714, -0.7068867143164567, 0.7073205840617013, -0.0022673829325723237], 'pos': [-0.40248403904136104, -0.1202838765748893, 0.5489983883741528]}
2022-01-11 10:44:51,816 [13012] INFO: {'joint': [-5.057375646344044e-06, -0.12729901693319598, -1.321183866313307, 0.3769043641543926, -1.5707931332811875, -9.364330070719875e-06], 'ori': [0.0019035388451642714, -0.7068867143164567, 0.7073205840617013, -0.0022673829325723237], 'pos': [-0.40248403904136104, -0.1202838765748893, 0.5489983883741528]}
2022-01-11 10:44:51,816 [13012] INFO: {'joint': [-5.057375646344044e-06, -0.12729901693319598, -1.321183866313307, 0.3769043641543926, -1.5707931332811875, -9.364330070719875e-06], 'ori': [0.0019035388451642714, -0.7068867143164567, 0.7073205840617013, -0.0022673829325723237], 'pos': [-0.40248403904136104, -0.1202838765748893, 0.5489983883741528]}
2022-01-11 10:44:51,816 [13012] INFO: {'joint': [-5.057375646344044e-06, -0.12729901693319598, -1.321183866313307, 0.3769043641543926, -1.5707931332811875, -9.364330070719875e-06], 'ori': [0.0019035388451642714, -0.7068867143164567, 0.7073205840617013, -0.0022673829325723237], 'pos': [-0.40248403904136104, -0.1202838765748893, 0.5489983883741528]}
2022-01-11 10:44:51,824 [13012] INFO: move joint to (0.0, 0.0, 0.0, 0.0, 0.0, 0.0)
2022-01-11 10:44:51,824 [13012] INFO: move joint to (0.0, 0.0, 0.0, 0.0, 0.0, 0.0)
2022-01-11 10:44:51,824 [13012] INFO: move joint to (0.0, 0.0, 0.0, 0.0, 0.0, 0.0)
2022-01-11 10:44:51,824 [13012] INFO: move joint to (0.0, 0.0, 0.0, 0.0, 0.0, 0.0)
2022-01-11 10:44:51,824 [13012] INFO: move joint to (0.0, 0.0, 0.0, 0.0, 0.0, 0.0)
2022-01-11 10:44:54,171 [13012] INFO: joint_status={'joint1': {'current': -1462, 'voltage': 48.349998474121094, 'temperature': 26.0}, 'joint2': {'current': 1393, 'voltage': 48.75, 'temperature': 22.899999618530273}, 'joint3': {'current': -689, 'voltage': 48.29999923706055, 'temperature': 26.299999237060547}, 'joint4': {'current': 120, 'voltage': 48.130001068115234, 'temperature': 30.600000381469727}, 'joint5': {'current': 145, 'voltage': 48.0099983215332, 'temperature': 31.899999618530273}, 'joint6': {'current': -61, 'voltage': 48.150001525878906, 'temperature': 32.599998474121094}}
2022-01-11 10:44:54,171 [13012] INFO: joint_status={'joint1': {'current': -1462, 'voltage': 48.349998474121094, 'temperature': 26.0}, 'joint2': {'current': 1393, 'voltage': 48.75, 'temperature': 22.899999618530273}, 'joint3': {'current': -689, 'voltage': 48.29999923706055, 'temperature': 26.299999237060547}, 'joint4': {'current': 120, 'voltage': 48.130001068115234, 'temperature': 30.600000381469727}, 'joint5': {'current': 145, 'voltage': 48.0099983215332, 'temperature': 31.899999618530273}, 'joint6': {'current': -61, 'voltage': 48.150001525878906, 'temperature': 32.599998474121094}}
2022-01-11 10:44:54,171 [13012] INFO: joint_status={'joint1': {'current': -1462, 'voltage': 48.349998474121094, 'temperature': 26.0}, 'joint2': {'current': 1393, 'voltage': 48.75, 'temperature': 22.899999618530273}, 'joint3': {'current': -689, 'voltage': 48.29999923706055, 'temperature': 26.299999237060547}, 'joint4': {'current': 120, 'voltage': 48.130001068115234, 'temperature': 30.600000381469727}, 'joint5': {'current': 145, 'voltage': 48.0099983215332, 'temperature': 31.899999618530273}, 'joint6': {'current': -61, 'voltage': 48.150001525878906, 'temperature': 32.599998474121094}}
2022-01-11 10:44:54,171 [13012] INFO: joint_status={'joint1': {'current': -1462, 'voltage': 48.349998474121094, 'temperature': 26.0}, 'joint2': {'current': 1393, 'voltage': 48.75, 'temperature': 22.899999618530273}, 'joint3': {'current': -689, 'voltage': 48.29999923706055, 'temperature': 26.299999237060547}, 'joint4': {'current': 120, 'voltage': 48.130001068115234, 'temperature': 30.600000381469727}, 'joint5': {'current': 145, 'voltage': 48.0099983215332, 'temperature': 31.899999618530273}, 'joint6': {'current': -61, 'voltage': 48.150001525878906, 'temperature': 32.599998474121094}}
2022-01-11 10:44:54,171 [13012] INFO: joint_status={'joint1': {'current': -1462, 'voltage': 48.349998474121094, 'temperature': 26.0}, 'joint2': {'current': 1393, 'voltage': 48.75, 'temperature': 22.899999618530273}, 'joint3': {'current': -689, 'voltage': 48.29999923706055, 'temperature': 26.299999237060547}, 'joint4': {'current': 120, 'voltage': 48.130001068115234, 'temperature': 30.600000381469727}, 'joint5': {'current': 145, 'voltage': 48.0099983215332, 'temperature': 31.899999618530273}, 'joint6': {'current': -61, 'voltage': 48.150001525878906, 'temperature': 32.599998474121094}}
2022-01-11 10:44:54,176 [13012] INFO: move joint to (0.541678, 0.225068, -0.948709, 0.397018, -1.5708, 0.541673)
2022-01-11 10:44:54,176 [13012] INFO: move joint to (0.541678, 0.225068, -0.948709, 0.397018, -1.5708, 0.541673)
2022-01-11 10:44:54,176 [13012] INFO: move joint to (0.541678, 0.225068, -0.948709, 0.397018, -1.5708, 0.541673)
2022-01-11 10:44:54,176 [13012] INFO: move joint to (0.541678, 0.225068, -0.948709, 0.397018, -1.5708, 0.541673)
2022-01-11 10:44:54,176 [13012] INFO: move joint to (0.541678, 0.225068, -0.948709, 0.397018, -1.5708, 0.541673)
2022-01-11 10:44:56,524 [13012] INFO: [1.5, 1.5, 1.5, 1.5, 1.5, 1.5]
2022-01-11 10:44:56,524 [13012] INFO: [1.5, 1.5, 1.5, 1.5, 1.5, 1.5]
2022-01-11 10:44:56,524 [13012] INFO: [1.5, 1.5, 1.5, 1.5, 1.5, 1.5]
2022-01-11 10:44:56,524 [13012] INFO: [1.5, 1.5, 1.5, 1.5, 1.5, 1.5]
2022-01-11 10:44:56,524 [13012] INFO: [1.5, 1.5, 1.5, 1.5, 1.5, 1.5]
2022-01-11 10:44:56,531 [13012] INFO: {'joint': [-3e-06, -0.127267, -1.321122, 0.376934, -1.570796, -8e-06], 'ori': [0.0019035388451642714, -0.7068867143164567, 0.7073205840617013, -0.0022673829325723237], 'pos': [-0.40248403904136104, -0.1202838765748893, 0.5489983883741528]}
2022-01-11 10:44:56,531 [13012] INFO: {'joint': [-3e-06, -0.127267, -1.321122, 0.376934, -1.570796, -8e-06], 'ori': [0.0019035388451642714, -0.7068867143164567, 0.7073205840617013, -0.0022673829325723237], 'pos': [-0.40248403904136104, -0.1202838765748893, 0.5489983883741528]}
2022-01-11 10:44:56,531 [13012] INFO: {'joint': [-3e-06, -0.127267, -1.321122, 0.376934, -1.570796, -8e-06], 'ori': [0.0019035388451642714, -0.7068867143164567, 0.7073205840617013, -0.0022673829325723237], 'pos': [-0.40248403904136104, -0.1202838765748893, 0.5489983883741528]}
2022-01-11 10:44:56,531 [13012] INFO: {'joint': [-3e-06, -0.127267, -1.321122, 0.376934, -1.570796, -8e-06], 'ori': [0.0019035388451642714, -0.7068867143164567, 0.7073205840617013, -0.0022673829325723237], 'pos': [-0.40248403904136104, -0.1202838765748893, 0.5489983883741528]}
2022-01-11 10:44:56,531 [13012] INFO: {'joint': [-3e-06, -0.127267, -1.321122, 0.376934, -1.570796, -8e-06], 'ori': [0.0019035388451642714, -0.7068867143164567, 0.7073205840617013, -0.0022673829325723237], 'pos': [-0.40248403904136104, -0.1202838765748893, 0.5489983883741528]}
2022-01-11 10:44:56,548 [13012] INFO: {'joint': [-5.057375646344044e-06, -0.12729901693319598, -1.321183866313307, 0.3769043641543926, -1.5707931332811875, -9.364330070719875e-06], 'ori': [0.0019035388451642714, -0.7068867143164567, 0.7073205840617013, -0.0022673829325723237], 'pos': [-0.40248403904136104, -0.1202838765748893, 0.5489983883741528]}
2022-01-11 10:44:56,548 [13012] INFO: {'joint': [-5.057375646344044e-06, -0.12729901693319598, -1.321183866313307, 0.3769043641543926, -1.5707931332811875, -9.364330070719875e-06], 'ori': [0.0019035388451642714, -0.7068867143164567, 0.7073205840617013, -0.0022673829325723237], 'pos': [-0.40248403904136104, -0.1202838765748893, 0.5489983883741528]}
2022-01-11 10:44:56,548 [13012] INFO: {'joint': [-5.057375646344044e-06, -0.12729901693319598, -1.321183866313307, 0.3769043641543926, -1.5707931332811875, -9.364330070719875e-06], 'ori': [0.0019035388451642714, -0.7068867143164567, 0.7073205840617013, -0.0022673829325723237], 'pos': [-0.40248403904136104, -0.1202838765748893, 0.5489983883741528]}
2022-01-11 10:44:56,548 [13012] INFO: {'joint': [-5.057375646344044e-06, -0.12729901693319598, -1.321183866313307, 0.3769043641543926, -1.5707931332811875, -9.364330070719875e-06], 'ori': [0.0019035388451642714, -0.7068867143164567, 0.7073205840617013, -0.0022673829325723237], 'pos': [-0.40248403904136104, -0.1202838765748893, 0.5489983883741528]}
2022-01-11 10:44:56,548 [13012] INFO: {'joint': [-5.057375646344044e-06, -0.12729901693319598, -1.321183866313307, 0.3769043641543926, -1.5707931332811875, -9.364330070719875e-06], 'ori': [0.0019035388451642714, -0.7068867143164567, 0.7073205840617013, -0.0022673829325723237], 'pos': [-0.40248403904136104, -0.1202838765748893, 0.5489983883741528]}
2022-01-11 10:44:56,564 [13012] INFO: move joint to (0.0, 0.0, 0.0, 0.0, 0.0, 0.0)
2022-01-11 10:44:56,564 [13012] INFO: move joint to (0.0, 0.0, 0.0, 0.0, 0.0, 0.0)
2022-01-11 10:44:56,564 [13012] INFO: move joint to (0.0, 0.0, 0.0, 0.0, 0.0, 0.0)
2022-01-11 10:44:56,564 [13012] INFO: move joint to (0.0, 0.0, 0.0, 0.0, 0.0, 0.0)
2022-01-11 10:44:56,564 [13012] INFO: move joint to (0.0, 0.0, 0.0, 0.0, 0.0, 0.0)
2022-01-11 10:44:59,417 [13012] INFO: ******************************disconnect1**********************
2022-01-11 10:44:59,417 [13012] INFO: ******************************disconnect1**********************
2022-01-11 10:44:59,417 [13012] INFO: ******************************disconnect1**********************
2022-01-11 10:44:59,417 [13012] INFO: ******************************disconnect1**********************
2022-01-11 10:44:59,417 [13012] INFO: ******************************disconnect1**********************
2022-01-11 10:45:01,002 [13012] INFO: Jan 11 2022 10:45:01 test completed.
2022-01-11 10:45:01,002 [13012] INFO: Jan 11 2022 10:45:01 test completed.
2022-01-11 10:45:01,002 [13012] INFO: Jan 11 2022 10:45:01 test completed.
2022-01-11 10:45:01,002 [13012] INFO: Jan 11 2022 10:45:01 test completed.
2022-01-11 10:45:01,002 [13012] INFO: Jan 11 2022 10:45:01 test completed.
2022-01-11 10:45:01,007 [13012] INFO: client_count=0
2022-01-11 10:45:01,007 [13012] INFO: client_count=0
2022-01-11 10:45:01,007 [13012] INFO: client_count=0
2022-01-11 10:45:01,007 [13012] INFO: client_count=0
2022-01-11 10:45:01,007 [13012] INFO: client_count=0
2022-01-11 10:45:01,015 [13012] INFO: test completed
2022-01-11 10:45:01,015 [13012] INFO: test completed
2022-01-11 10:45:01,015 [13012] INFO: test completed
2022-01-11 10:45:01,015 [13012] INFO: test completed
2022-01-11 10:45:01,015 [13012] INFO: test completed
2022-01-11 10:45:01,025 [13012] INFO: ******************************test_number 6
2022-01-11 10:45:01,025 [13012] INFO: ******************************test_number 6
2022-01-11 10:45:01,025 [13012] INFO: ******************************test_number 6
2022-01-11 10:45:01,025 [13012] INFO: ******************************test_number 6
2022-01-11 10:45:01,025 [13012] INFO: ******************************test_number 6
2022-01-11 10:45:01,040 [13012] INFO: Jan 11 2022 10:45:01 test beginning...
2022-01-11 10:45:01,040 [13012] INFO: Jan 11 2022 10:45:01 test beginning...
2022-01-11 10:45:01,040 [13012] INFO: Jan 11 2022 10:45:01 test beginning...
2022-01-11 10:45:01,040 [13012] INFO: Jan 11 2022 10:45:01 test beginning...
2022-01-11 10:45:01,040 [13012] INFO: Jan 11 2022 10:45:01 test beginning...
2022-01-11 10:45:01,040 [13012] INFO: Jan 11 2022 10:45:01 test beginning...
2022-01-11 10:45:01,063 [13012] INFO: robot.rshd=5
2022-01-11 10:45:01,063 [13012] INFO: robot.rshd=5
2022-01-11 10:45:01,063 [13012] INFO: robot.rshd=5
2022-01-11 10:45:01,063 [13012] INFO: robot.rshd=5
2022-01-11 10:45:01,063 [13012] INFO: robot.rshd=5
2022-01-11 10:45:01,063 [13012] INFO: robot.rshd=5
2022-01-11 10:45:01,072 [13012] INFO: ip=192.168.1.100, port=8899
2022-01-11 10:45:01,072 [13012] INFO: ip=192.168.1.100, port=8899
2022-01-11 10:45:01,072 [13012] INFO: ip=192.168.1.100, port=8899
2022-01-11 10:45:01,072 [13012] INFO: ip=192.168.1.100, port=8899
2022-01-11 10:45:01,072 [13012] INFO: ip=192.168.1.100, port=8899
2022-01-11 10:45:01,072 [13012] INFO: ip=192.168.1.100, port=8899
2022-01-11 10:45:05,402 [13012] INFO: joint_status={'joint1': {'current': -319, 'voltage': 48.36000061035156, 'temperature': 26.200000762939453}, 'joint2': {'current': 234, 'voltage': 48.75, 'temperature': 23.200000762939453}, 'joint3': {'current': -331, 'voltage': 48.31999969482422, 'temperature': 26.5}, 'joint4': {'current': 0, 'voltage': 48.06999969482422, 'temperature': 31.0}, 'joint5': {'current': -111, 'voltage': 48.0099983215332, 'temperature': 32.400001525878906}, 'joint6': {'current': 56, 'voltage': 48.15999984741211, 'temperature': 33.099998474121094}}
2022-01-11 10:45:05,402 [13012] INFO: joint_status={'joint1': {'current': -319, 'voltage': 48.36000061035156, 'temperature': 26.200000762939453}, 'joint2': {'current': 234, 'voltage': 48.75, 'temperature': 23.200000762939453}, 'joint3': {'current': -331, 'voltage': 48.31999969482422, 'temperature': 26.5}, 'joint4': {'current': 0, 'voltage': 48.06999969482422, 'temperature': 31.0}, 'joint5': {'current': -111, 'voltage': 48.0099983215332, 'temperature': 32.400001525878906}, 'joint6': {'current': 56, 'voltage': 48.15999984741211, 'temperature': 33.099998474121094}}
2022-01-11 10:45:05,402 [13012] INFO: joint_status={'joint1': {'current': -319, 'voltage': 48.36000061035156, 'temperature': 26.200000762939453}, 'joint2': {'current': 234, 'voltage': 48.75, 'temperature': 23.200000762939453}, 'joint3': {'current': -331, 'voltage': 48.31999969482422, 'temperature': 26.5}, 'joint4': {'current': 0, 'voltage': 48.06999969482422, 'temperature': 31.0}, 'joint5': {'current': -111, 'voltage': 48.0099983215332, 'temperature': 32.400001525878906}, 'joint6': {'current': 56, 'voltage': 48.15999984741211, 'temperature': 33.099998474121094}}
2022-01-11 10:45:05,402 [13012] INFO: joint_status={'joint1': {'current': -319, 'voltage': 48.36000061035156, 'temperature': 26.200000762939453}, 'joint2': {'current': 234, 'voltage': 48.75, 'temperature': 23.200000762939453}, 'joint3': {'current': -331, 'voltage': 48.31999969482422, 'temperature': 26.5}, 'joint4': {'current': 0, 'voltage': 48.06999969482422, 'temperature': 31.0}, 'joint5': {'current': -111, 'voltage': 48.0099983215332, 'temperature': 32.400001525878906}, 'joint6': {'current': 56, 'voltage': 48.15999984741211, 'temperature': 33.099998474121094}}
2022-01-11 10:45:05,402 [13012] INFO: joint_status={'joint1': {'current': -319, 'voltage': 48.36000061035156, 'temperature': 26.200000762939453}, 'joint2': {'current': 234, 'voltage': 48.75, 'temperature': 23.200000762939453}, 'joint3': {'current': -331, 'voltage': 48.31999969482422, 'temperature': 26.5}, 'joint4': {'current': 0, 'voltage': 48.06999969482422, 'temperature': 31.0}, 'joint5': {'current': -111, 'voltage': 48.0099983215332, 'temperature': 32.400001525878906}, 'joint6': {'current': 56, 'voltage': 48.15999984741211, 'temperature': 33.099998474121094}}
2022-01-11 10:45:05,402 [13012] INFO: joint_status={'joint1': {'current': -319, 'voltage': 48.36000061035156, 'temperature': 26.200000762939453}, 'joint2': {'current': 234, 'voltage': 48.75, 'temperature': 23.200000762939453}, 'joint3': {'current': -331, 'voltage': 48.31999969482422, 'temperature': 26.5}, 'joint4': {'current': 0, 'voltage': 48.06999969482422, 'temperature': 31.0}, 'joint5': {'current': -111, 'voltage': 48.0099983215332, 'temperature': 32.400001525878906}, 'joint6': {'current': 56, 'voltage': 48.15999984741211, 'temperature': 33.099998474121094}}
2022-01-11 10:45:05,410 [13012] INFO: move joint to (0.541678, 0.225068, -0.948709, 0.397018, -1.5708, 0.541673)
2022-01-11 10:45:05,410 [13012] INFO: move joint to (0.541678, 0.225068, -0.948709, 0.397018, -1.5708, 0.541673)
2022-01-11 10:45:05,410 [13012] INFO: move joint to (0.541678, 0.225068, -0.948709, 0.397018, -1.5708, 0.541673)
2022-01-11 10:45:05,410 [13012] INFO: move joint to (0.541678, 0.225068, -0.948709, 0.397018, -1.5708, 0.541673)
2022-01-11 10:45:05,410 [13012] INFO: move joint to (0.541678, 0.225068, -0.948709, 0.397018, -1.5708, 0.541673)
2022-01-11 10:45:05,410 [13012] INFO: move joint to (0.541678, 0.225068, -0.948709, 0.397018, -1.5708, 0.541673)
2022-01-11 10:45:07,748 [13012] INFO: [1.5, 1.5, 1.5, 1.5, 1.5, 1.5]
2022-01-11 10:45:07,748 [13012] INFO: [1.5, 1.5, 1.5, 1.5, 1.5, 1.5]
2022-01-11 10:45:07,748 [13012] INFO: [1.5, 1.5, 1.5, 1.5, 1.5, 1.5]
2022-01-11 10:45:07,748 [13012] INFO: [1.5, 1.5, 1.5, 1.5, 1.5, 1.5]
2022-01-11 10:45:07,748 [13012] INFO: [1.5, 1.5, 1.5, 1.5, 1.5, 1.5]
2022-01-11 10:45:07,748 [13012] INFO: [1.5, 1.5, 1.5, 1.5, 1.5, 1.5]
2022-01-11 10:45:07,782 [13012] INFO: {'joint': [-3e-06, -0.127267, -1.321122, 0.376934, -1.570796, -8e-06], 'ori': [0.0019035388451642714, -0.7068867143164567, 0.7073205840617013, -0.0022673829325723237], 'pos': [-0.40248403904136104, -0.1202838765748893, 0.5489983883741528]}
2022-01-11 10:45:07,782 [13012] INFO: {'joint': [-3e-06, -0.127267, -1.321122, 0.376934, -1.570796, -8e-06], 'ori': [0.0019035388451642714, -0.7068867143164567, 0.7073205840617013, -0.0022673829325723237], 'pos': [-0.40248403904136104, -0.1202838765748893, 0.5489983883741528]}
2022-01-11 10:45:07,782 [13012] INFO: {'joint': [-3e-06, -0.127267, -1.321122, 0.376934, -1.570796, -8e-06], 'ori': [0.0019035388451642714, -0.7068867143164567, 0.7073205840617013, -0.0022673829325723237], 'pos': [-0.40248403904136104, -0.1202838765748893, 0.5489983883741528]}
2022-01-11 10:45:07,782 [13012] INFO: {'joint': [-3e-06, -0.127267, -1.321122, 0.376934, -1.570796, -8e-06], 'ori': [0.0019035388451642714, -0.7068867143164567, 0.7073205840617013, -0.0022673829325723237], 'pos': [-0.40248403904136104, -0.1202838765748893, 0.5489983883741528]}
2022-01-11 10:45:07,782 [13012] INFO: {'joint': [-3e-06, -0.127267, -1.321122, 0.376934, -1.570796, -8e-06], 'ori': [0.0019035388451642714, -0.7068867143164567, 0.7073205840617013, -0.0022673829325723237], 'pos': [-0.40248403904136104, -0.1202838765748893, 0.5489983883741528]}
2022-01-11 10:45:07,782 [13012] INFO: {'joint': [-3e-06, -0.127267, -1.321122, 0.376934, -1.570796, -8e-06], 'ori': [0.0019035388451642714, -0.7068867143164567, 0.7073205840617013, -0.0022673829325723237], 'pos': [-0.40248403904136104, -0.1202838765748893, 0.5489983883741528]}
2022-01-11 10:45:07,796 [13012] INFO: {'joint': [-5.057375646344044e-06, -0.12729901693319598, -1.321183866313307, 0.3769043641543926, -1.5707931332811875, -9.364330070719875e-06], 'ori': [0.0019035388451642714, -0.7068867143164567, 0.7073205840617013, -0.0022673829325723237], 'pos': [-0.40248403904136104, -0.1202838765748893, 0.5489983883741528]}
2022-01-11 10:45:07,796 [13012] INFO: {'joint': [-5.057375646344044e-06, -0.12729901693319598, -1.321183866313307, 0.3769043641543926, -1.5707931332811875, -9.364330070719875e-06], 'ori': [0.0019035388451642714, -0.7068867143164567, 0.7073205840617013, -0.0022673829325723237], 'pos': [-0.40248403904136104, -0.1202838765748893, 0.5489983883741528]}
2022-01-11 10:45:07,796 [13012] INFO: {'joint': [-5.057375646344044e-06, -0.12729901693319598, -1.321183866313307, 0.3769043641543926, -1.5707931332811875, -9.364330070719875e-06], 'ori': [0.0019035388451642714, -0.7068867143164567, 0.7073205840617013, -0.0022673829325723237], 'pos': [-0.40248403904136104, -0.1202838765748893, 0.5489983883741528]}
2022-01-11 10:45:07,796 [13012] INFO: {'joint': [-5.057375646344044e-06, -0.12729901693319598, -1.321183866313307, 0.3769043641543926, -1.5707931332811875, -9.364330070719875e-06], 'ori': [0.0019035388451642714, -0.7068867143164567, 0.7073205840617013, -0.0022673829325723237], 'pos': [-0.40248403904136104, -0.1202838765748893, 0.5489983883741528]}
2022-01-11 10:45:07,796 [13012] INFO: {'joint': [-5.057375646344044e-06, -0.12729901693319598, -1.321183866313307, 0.3769043641543926, -1.5707931332811875, -9.364330070719875e-06], 'ori': [0.0019035388451642714, -0.7068867143164567, 0.7073205840617013, -0.0022673829325723237], 'pos': [-0.40248403904136104, -0.1202838765748893, 0.5489983883741528]}
2022-01-11 10:45:07,796 [13012] INFO: {'joint': [-5.057375646344044e-06, -0.12729901693319598, -1.321183866313307, 0.3769043641543926, -1.5707931332811875, -9.364330070719875e-06], 'ori': [0.0019035388451642714, -0.7068867143164567, 0.7073205840617013, -0.0022673829325723237], 'pos': [-0.40248403904136104, -0.1202838765748893, 0.5489983883741528]}
2022-01-11 10:45:07,805 [13012] INFO: move joint to (0.0, 0.0, 0.0, 0.0, 0.0, 0.0)
2022-01-11 10:45:07,805 [13012] INFO: move joint to (0.0, 0.0, 0.0, 0.0, 0.0, 0.0)
2022-01-11 10:45:07,805 [13012] INFO: move joint to (0.0, 0.0, 0.0, 0.0, 0.0, 0.0)
2022-01-11 10:45:07,805 [13012] INFO: move joint to (0.0, 0.0, 0.0, 0.0, 0.0, 0.0)
2022-01-11 10:45:07,805 [13012] INFO: move joint to (0.0, 0.0, 0.0, 0.0, 0.0, 0.0)
2022-01-11 10:45:07,805 [13012] INFO: move joint to (0.0, 0.0, 0.0, 0.0, 0.0, 0.0)
2022-01-11 10:45:10,150 [13012] INFO: joint_status={'joint1': {'current': -1485, 'voltage': 48.36000061035156, 'temperature': 26.299999237060547}, 'joint2': {'current': 1521, 'voltage': 48.75, 'temperature': 23.200000762939453}, 'joint3': {'current': -795, 'voltage': 48.31999969482422, 'temperature': 26.5}, 'joint4': {'current': 130, 'voltage': 48.130001068115234, 'temperature': 31.200000762939453}, 'joint5': {'current': 132, 'voltage': 48.0, 'temperature': 32.599998474121094}, 'joint6': {'current': -46, 'voltage': 48.15999984741211, 'temperature': 33.29999923706055}}
2022-01-11 10:45:10,150 [13012] INFO: joint_status={'joint1': {'current': -1485, 'voltage': 48.36000061035156, 'temperature': 26.299999237060547}, 'joint2': {'current': 1521, 'voltage': 48.75, 'temperature': 23.200000762939453}, 'joint3': {'current': -795, 'voltage': 48.31999969482422, 'temperature': 26.5}, 'joint4': {'current': 130, 'voltage': 48.130001068115234, 'temperature': 31.200000762939453}, 'joint5': {'current': 132, 'voltage': 48.0, 'temperature': 32.599998474121094}, 'joint6': {'current': -46, 'voltage': 48.15999984741211, 'temperature': 33.29999923706055}}
2022-01-11 10:45:10,150 [13012] INFO: joint_status={'joint1': {'current': -1485, 'voltage': 48.36000061035156, 'temperature': 26.299999237060547}, 'joint2': {'current': 1521, 'voltage': 48.75, 'temperature': 23.200000762939453}, 'joint3': {'current': -795, 'voltage': 48.31999969482422, 'temperature': 26.5}, 'joint4': {'current': 130, 'voltage': 48.130001068115234, 'temperature': 31.200000762939453}, 'joint5': {'current': 132, 'voltage': 48.0, 'temperature': 32.599998474121094}, 'joint6': {'current': -46, 'voltage': 48.15999984741211, 'temperature': 33.29999923706055}}
2022-01-11 10:45:10,150 [13012] INFO: joint_status={'joint1': {'current': -1485, 'voltage': 48.36000061035156, 'temperature': 26.299999237060547}, 'joint2': {'current': 1521, 'voltage': 48.75, 'temperature': 23.200000762939453}, 'joint3': {'current': -795, 'voltage': 48.31999969482422, 'temperature': 26.5}, 'joint4': {'current': 130, 'voltage': 48.130001068115234, 'temperature': 31.200000762939453}, 'joint5': {'current': 132, 'voltage': 48.0, 'temperature': 32.599998474121094}, 'joint6': {'current': -46, 'voltage': 48.15999984741211, 'temperature': 33.29999923706055}}
2022-01-11 10:45:10,150 [13012] INFO: joint_status={'joint1': {'current': -1485, 'voltage': 48.36000061035156, 'temperature': 26.299999237060547}, 'joint2': {'current': 1521, 'voltage': 48.75, 'temperature': 23.200000762939453}, 'joint3': {'current': -795, 'voltage': 48.31999969482422, 'temperature': 26.5}, 'joint4': {'current': 130, 'voltage': 48.130001068115234, 'temperature': 31.200000762939453}, 'joint5': {'current': 132, 'voltage': 48.0, 'temperature': 32.599998474121094}, 'joint6': {'current': -46, 'voltage': 48.15999984741211, 'temperature': 33.29999923706055}}
2022-01-11 10:45:10,150 [13012] INFO: joint_status={'joint1': {'current': -1485, 'voltage': 48.36000061035156, 'temperature': 26.299999237060547}, 'joint2': {'current': 1521, 'voltage': 48.75, 'temperature': 23.200000762939453}, 'joint3': {'current': -795, 'voltage': 48.31999969482422, 'temperature': 26.5}, 'joint4': {'current': 130, 'voltage': 48.130001068115234, 'temperature': 31.200000762939453}, 'joint5': {'current': 132, 'voltage': 48.0, 'temperature': 32.599998474121094}, 'joint6': {'current': -46, 'voltage': 48.15999984741211, 'temperature': 33.29999923706055}}
2022-01-11 10:45:10,159 [13012] INFO: move joint to (0.541678, 0.225068, -0.948709, 0.397018, -1.5708, 0.541673)
2022-01-11 10:45:10,159 [13012] INFO: move joint to (0.541678, 0.225068, -0.948709, 0.397018, -1.5708, 0.541673)
2022-01-11 10:45:10,159 [13012] INFO: move joint to (0.541678, 0.225068, -0.948709, 0.397018, -1.5708, 0.541673)
2022-01-11 10:45:10,159 [13012] INFO: move joint to (0.541678, 0.225068, -0.948709, 0.397018, -1.5708, 0.541673)
2022-01-11 10:45:10,159 [13012] INFO: move joint to (0.541678, 0.225068, -0.948709, 0.397018, -1.5708, 0.541673)
2022-01-11 10:45:10,159 [13012] INFO: move joint to (0.541678, 0.225068, -0.948709, 0.397018, -1.5708, 0.541673)
2022-01-11 10:45:12,498 [13012] INFO: [1.5, 1.5, 1.5, 1.5, 1.5, 1.5]
2022-01-11 10:45:12,498 [13012] INFO: [1.5, 1.5, 1.5, 1.5, 1.5, 1.5]
2022-01-11 10:45:12,498 [13012] INFO: [1.5, 1.5, 1.5, 1.5, 1.5, 1.5]
2022-01-11 10:45:12,498 [13012] INFO: [1.5, 1.5, 1.5, 1.5, 1.5, 1.5]
2022-01-11 10:45:12,498 [13012] INFO: [1.5, 1.5, 1.5, 1.5, 1.5, 1.5]
2022-01-11 10:45:12,498 [13012] INFO: [1.5, 1.5, 1.5, 1.5, 1.5, 1.5]
2022-01-11 10:45:12,506 [13012] INFO: {'joint': [-3e-06, -0.127267, -1.321122, 0.376934, -1.570796, -8e-06], 'ori': [0.0019035388451642714, -0.7068867143164567, 0.7073205840617013, -0.0022673829325723237], 'pos': [-0.40248403904136104, -0.1202838765748893, 0.5489983883741528]}
2022-01-11 10:45:12,506 [13012] INFO: {'joint': [-3e-06, -0.127267, -1.321122, 0.376934, -1.570796, -8e-06], 'ori': [0.0019035388451642714, -0.7068867143164567, 0.7073205840617013, -0.0022673829325723237], 'pos': [-0.40248403904136104, -0.1202838765748893, 0.5489983883741528]}
2022-01-11 10:45:12,506 [13012] INFO: {'joint': [-3e-06, -0.127267, -1.321122, 0.376934, -1.570796, -8e-06], 'ori': [0.0019035388451642714, -0.7068867143164567, 0.7073205840617013, -0.0022673829325723237], 'pos': [-0.40248403904136104, -0.1202838765748893, 0.5489983883741528]}
2022-01-11 10:45:12,506 [13012] INFO: {'joint': [-3e-06, -0.127267, -1.321122, 0.376934, -1.570796, -8e-06], 'ori': [0.0019035388451642714, -0.7068867143164567, 0.7073205840617013, -0.0022673829325723237], 'pos': [-0.40248403904136104, -0.1202838765748893, 0.5489983883741528]}
2022-01-11 10:45:12,506 [13012] INFO: {'joint': [-3e-06, -0.127267, -1.321122, 0.376934, -1.570796, -8e-06], 'ori': [0.0019035388451642714, -0.7068867143164567, 0.7073205840617013, -0.0022673829325723237], 'pos': [-0.40248403904136104, -0.1202838765748893, 0.5489983883741528]}
2022-01-11 10:45:12,506 [13012] INFO: {'joint': [-3e-06, -0.127267, -1.321122, 0.376934, -1.570796, -8e-06], 'ori': [0.0019035388451642714, -0.7068867143164567, 0.7073205840617013, -0.0022673829325723237], 'pos': [-0.40248403904136104, -0.1202838765748893, 0.5489983883741528]}
2022-01-11 10:45:12,520 [13012] INFO: {'joint': [-5.057375646344044e-06, -0.12729901693319598, -1.321183866313307, 0.3769043641543926, -1.5707931332811875, -9.364330070719875e-06], 'ori': [0.0019035388451642714, -0.7068867143164567, 0.7073205840617013, -0.0022673829325723237], 'pos': [-0.40248403904136104, -0.1202838765748893, 0.5489983883741528]}
2022-01-11 10:45:12,520 [13012] INFO: {'joint': [-5.057375646344044e-06, -0.12729901693319598, -1.321183866313307, 0.3769043641543926, -1.5707931332811875, -9.364330070719875e-06], 'ori': [0.0019035388451642714, -0.7068867143164567, 0.7073205840617013, -0.0022673829325723237], 'pos': [-0.40248403904136104, -0.1202838765748893, 0.5489983883741528]}
2022-01-11 10:45:12,520 [13012] INFO: {'joint': [-5.057375646344044e-06, -0.12729901693319598, -1.321183866313307, 0.3769043641543926, -1.5707931332811875, -9.364330070719875e-06], 'ori': [0.0019035388451642714, -0.7068867143164567, 0.7073205840617013, -0.0022673829325723237], 'pos': [-0.40248403904136104, -0.1202838765748893, 0.5489983883741528]}
2022-01-11 10:45:12,520 [13012] INFO: {'joint': [-5.057375646344044e-06, -0.12729901693319598, -1.321183866313307, 0.3769043641543926, -1.5707931332811875, -9.364330070719875e-06], 'ori': [0.0019035388451642714, -0.7068867143164567, 0.7073205840617013, -0.0022673829325723237], 'pos': [-0.40248403904136104, -0.1202838765748893, 0.5489983883741528]}
2022-01-11 10:45:12,520 [13012] INFO: {'joint': [-5.057375646344044e-06, -0.12729901693319598, -1.321183866313307, 0.3769043641543926, -1.5707931332811875, -9.364330070719875e-06], 'ori': [0.0019035388451642714, -0.7068867143164567, 0.7073205840617013, -0.0022673829325723237], 'pos': [-0.40248403904136104, -0.1202838765748893, 0.5489983883741528]}
2022-01-11 10:45:12,520 [13012] INFO: {'joint': [-5.057375646344044e-06, -0.12729901693319598, -1.321183866313307, 0.3769043641543926, -1.5707931332811875, -9.364330070719875e-06], 'ori': [0.0019035388451642714, -0.7068867143164567, 0.7073205840617013, -0.0022673829325723237], 'pos': [-0.40248403904136104, -0.1202838765748893, 0.5489983883741528]}
2022-01-11 10:45:12,529 [13012] INFO: move joint to (0.0, 0.0, 0.0, 0.0, 0.0, 0.0)
2022-01-11 10:45:12,529 [13012] INFO: move joint to (0.0, 0.0, 0.0, 0.0, 0.0, 0.0)
2022-01-11 10:45:12,529 [13012] INFO: move joint to (0.0, 0.0, 0.0, 0.0, 0.0, 0.0)
2022-01-11 10:45:12,529 [13012] INFO: move joint to (0.0, 0.0, 0.0, 0.0, 0.0, 0.0)
2022-01-11 10:45:12,529 [13012] INFO: move joint to (0.0, 0.0, 0.0, 0.0, 0.0, 0.0)
2022-01-11 10:45:12,529 [13012] INFO: move joint to (0.0, 0.0, 0.0, 0.0, 0.0, 0.0)
2022-01-11 10:45:15,365 [13012] INFO: ******************************disconnect1**********************
2022-01-11 10:45:15,365 [13012] INFO: ******************************disconnect1**********************
2022-01-11 10:45:15,365 [13012] INFO: ******************************disconnect1**********************
2022-01-11 10:45:15,365 [13012] INFO: ******************************disconnect1**********************
2022-01-11 10:45:15,365 [13012] INFO: ******************************disconnect1**********************
2022-01-11 10:45:15,365 [13012] INFO: ******************************disconnect1**********************
2022-01-11 10:45:17,015 [13012] INFO: Jan 11 2022 10:45:17 test completed.
2022-01-11 10:45:17,015 [13012] INFO: Jan 11 2022 10:45:17 test completed.
2022-01-11 10:45:17,015 [13012] INFO: Jan 11 2022 10:45:17 test completed.
2022-01-11 10:45:17,015 [13012] INFO: Jan 11 2022 10:45:17 test completed.
2022-01-11 10:45:17,015 [13012] INFO: Jan 11 2022 10:45:17 test completed.
2022-01-11 10:45:17,015 [13012] INFO: Jan 11 2022 10:45:17 test completed.
2022-01-11 10:45:17,034 [13012] INFO: client_count=0
2022-01-11 10:45:17,034 [13012] INFO: client_count=0
2022-01-11 10:45:17,034 [13012] INFO: client_count=0
2022-01-11 10:45:17,034 [13012] INFO: client_count=0
2022-01-11 10:45:17,034 [13012] INFO: client_count=0
2022-01-11 10:45:17,034 [13012] INFO: client_count=0
2022-01-11 10:45:17,049 [13012] INFO: test completed
2022-01-11 10:45:17,049 [13012] INFO: test completed
2022-01-11 10:45:17,049 [13012] INFO: test completed
2022-01-11 10:45:17,049 [13012] INFO: test completed
2022-01-11 10:45:17,049 [13012] INFO: test completed
2022-01-11 10:45:17,049 [13012] INFO: test completed
2022-01-11 10:45:17,060 [13012] INFO: ******************************test_number 7
2022-01-11 10:45:17,060 [13012] INFO: ******************************test_number 7
2022-01-11 10:45:17,060 [13012] INFO: ******************************test_number 7
2022-01-11 10:45:17,060 [13012] INFO: ******************************test_number 7
2022-01-11 10:45:17,060 [13012] INFO: ******************************test_number 7
2022-01-11 10:45:17,060 [13012] INFO: ******************************test_number 7
2022-01-11 10:45:17,077 [13012] INFO: Jan 11 2022 10:45:17 test beginning...
2022-01-11 10:45:17,077 [13012] INFO: Jan 11 2022 10:45:17 test beginning...
2022-01-11 10:45:17,077 [13012] INFO: Jan 11 2022 10:45:17 test beginning...
2022-01-11 10:45:17,077 [13012] INFO: Jan 11 2022 10:45:17 test beginning...
2022-01-11 10:45:17,077 [13012] INFO: Jan 11 2022 10:45:17 test beginning...
2022-01-11 10:45:17,077 [13012] INFO: Jan 11 2022 10:45:17 test beginning...
2022-01-11 10:45:17,077 [13012] INFO: Jan 11 2022 10:45:17 test beginning...
2022-01-11 10:45:17,100 [13012] INFO: robot.rshd=6
2022-01-11 10:45:17,100 [13012] INFO: robot.rshd=6
2022-01-11 10:45:17,100 [13012] INFO: robot.rshd=6
2022-01-11 10:45:17,100 [13012] INFO: robot.rshd=6
2022-01-11 10:45:17,100 [13012] INFO: robot.rshd=6
2022-01-11 10:45:17,100 [13012] INFO: robot.rshd=6
2022-01-11 10:45:17,100 [13012] INFO: robot.rshd=6
2022-01-11 10:45:17,112 [13012] INFO: ip=192.168.1.100, port=8899
2022-01-11 10:45:17,112 [13012] INFO: ip=192.168.1.100, port=8899
2022-01-11 10:45:17,112 [13012] INFO: ip=192.168.1.100, port=8899
2022-01-11 10:45:17,112 [13012] INFO: ip=192.168.1.100, port=8899
2022-01-11 10:45:17,112 [13012] INFO: ip=192.168.1.100, port=8899
2022-01-11 10:45:17,112 [13012] INFO: ip=192.168.1.100, port=8899
2022-01-11 10:45:17,112 [13012] INFO: ip=192.168.1.100, port=8899
2022-01-11 10:45:21,450 [13012] INFO: joint_status={'joint1': {'current': -331, 'voltage': 48.36000061035156, 'temperature': 26.399999618530273}, 'joint2': {'current': 182, 'voltage': 48.72999954223633, 'temperature': 23.600000381469727}, 'joint3': {'current': -231, 'voltage': 48.29999923706055, 'temperature': 26.799999237060547}, 'joint4': {'current': -7, 'voltage': 48.119998931884766, 'temperature': 31.600000381469727}, 'joint5': {'current': -110, 'voltage': 48.0, 'temperature': 32.900001525878906}, 'joint6': {'current': 61, 'voltage': 48.15999984741211, 'temperature': 33.70000076293945}}
2022-01-11 10:45:21,450 [13012] INFO: joint_status={'joint1': {'current': -331, 'voltage': 48.36000061035156, 'temperature': 26.399999618530273}, 'joint2': {'current': 182, 'voltage': 48.72999954223633, 'temperature': 23.600000381469727}, 'joint3': {'current': -231, 'voltage': 48.29999923706055, 'temperature': 26.799999237060547}, 'joint4': {'current': -7, 'voltage': 48.119998931884766, 'temperature': 31.600000381469727}, 'joint5': {'current': -110, 'voltage': 48.0, 'temperature': 32.900001525878906}, 'joint6': {'current': 61, 'voltage': 48.15999984741211, 'temperature': 33.70000076293945}}
2022-01-11 10:45:21,450 [13012] INFO: joint_status={'joint1': {'current': -331, 'voltage': 48.36000061035156, 'temperature': 26.399999618530273}, 'joint2': {'current': 182, 'voltage': 48.72999954223633, 'temperature': 23.600000381469727}, 'joint3': {'current': -231, 'voltage': 48.29999923706055, 'temperature': 26.799999237060547}, 'joint4': {'current': -7, 'voltage': 48.119998931884766, 'temperature': 31.600000381469727}, 'joint5': {'current': -110, 'voltage': 48.0, 'temperature': 32.900001525878906}, 'joint6': {'current': 61, 'voltage': 48.15999984741211, 'temperature': 33.70000076293945}}
2022-01-11 10:45:21,450 [13012] INFO: joint_status={'joint1': {'current': -331, 'voltage': 48.36000061035156, 'temperature': 26.399999618530273}, 'joint2': {'current': 182, 'voltage': 48.72999954223633, 'temperature': 23.600000381469727}, 'joint3': {'current': -231, 'voltage': 48.29999923706055, 'temperature': 26.799999237060547}, 'joint4': {'current': -7, 'voltage': 48.119998931884766, 'temperature': 31.600000381469727}, 'joint5': {'current': -110, 'voltage': 48.0, 'temperature': 32.900001525878906}, 'joint6': {'current': 61, 'voltage': 48.15999984741211, 'temperature': 33.70000076293945}}
2022-01-11 10:45:21,450 [13012] INFO: joint_status={'joint1': {'current': -331, 'voltage': 48.36000061035156, 'temperature': 26.399999618530273}, 'joint2': {'current': 182, 'voltage': 48.72999954223633, 'temperature': 23.600000381469727}, 'joint3': {'current': -231, 'voltage': 48.29999923706055, 'temperature': 26.799999237060547}, 'joint4': {'current': -7, 'voltage': 48.119998931884766, 'temperature': 31.600000381469727}, 'joint5': {'current': -110, 'voltage': 48.0, 'temperature': 32.900001525878906}, 'joint6': {'current': 61, 'voltage': 48.15999984741211, 'temperature': 33.70000076293945}}
2022-01-11 10:45:21,450 [13012] INFO: joint_status={'joint1': {'current': -331, 'voltage': 48.36000061035156, 'temperature': 26.399999618530273}, 'joint2': {'current': 182, 'voltage': 48.72999954223633, 'temperature': 23.600000381469727}, 'joint3': {'current': -231, 'voltage': 48.29999923706055, 'temperature': 26.799999237060547}, 'joint4': {'current': -7, 'voltage': 48.119998931884766, 'temperature': 31.600000381469727}, 'joint5': {'current': -110, 'voltage': 48.0, 'temperature': 32.900001525878906}, 'joint6': {'current': 61, 'voltage': 48.15999984741211, 'temperature': 33.70000076293945}}
2022-01-11 10:45:21,450 [13012] INFO: joint_status={'joint1': {'current': -331, 'voltage': 48.36000061035156, 'temperature': 26.399999618530273}, 'joint2': {'current': 182, 'voltage': 48.72999954223633, 'temperature': 23.600000381469727}, 'joint3': {'current': -231, 'voltage': 48.29999923706055, 'temperature': 26.799999237060547}, 'joint4': {'current': -7, 'voltage': 48.119998931884766, 'temperature': 31.600000381469727}, 'joint5': {'current': -110, 'voltage': 48.0, 'temperature': 32.900001525878906}, 'joint6': {'current': 61, 'voltage': 48.15999984741211, 'temperature': 33.70000076293945}}
2022-01-11 10:45:21,459 [13012] INFO: move joint to (0.541678, 0.225068, -0.948709, 0.397018, -1.5708, 0.541673)
2022-01-11 10:45:21,459 [13012] INFO: move joint to (0.541678, 0.225068, -0.948709, 0.397018, -1.5708, 0.541673)
2022-01-11 10:45:21,459 [13012] INFO: move joint to (0.541678, 0.225068, -0.948709, 0.397018, -1.5708, 0.541673)
2022-01-11 10:45:21,459 [13012] INFO: move joint to (0.541678, 0.225068, -0.948709, 0.397018, -1.5708, 0.541673)
2022-01-11 10:45:21,459 [13012] INFO: move joint to (0.541678, 0.225068, -0.948709, 0.397018, -1.5708, 0.541673)
2022-01-11 10:45:21,459 [13012] INFO: move joint to (0.541678, 0.225068, -0.948709, 0.397018, -1.5708, 0.541673)
2022-01-11 10:45:21,459 [13012] INFO: move joint to (0.541678, 0.225068, -0.948709, 0.397018, -1.5708, 0.541673)
2022-01-11 10:45:23,804 [13012] INFO: [1.5, 1.5, 1.5, 1.5, 1.5, 1.5]
2022-01-11 10:45:23,804 [13012] INFO: [1.5, 1.5, 1.5, 1.5, 1.5, 1.5]
2022-01-11 10:45:23,804 [13012] INFO: [1.5, 1.5, 1.5, 1.5, 1.5, 1.5]
2022-01-11 10:45:23,804 [13012] INFO: [1.5, 1.5, 1.5, 1.5, 1.5, 1.5]
2022-01-11 10:45:23,804 [13012] INFO: [1.5, 1.5, 1.5, 1.5, 1.5, 1.5]
2022-01-11 10:45:23,804 [13012] INFO: [1.5, 1.5, 1.5, 1.5, 1.5, 1.5]
2022-01-11 10:45:23,804 [13012] INFO: [1.5, 1.5, 1.5, 1.5, 1.5, 1.5]
2022-01-11 10:45:23,816 [13012] INFO: {'joint': [-3e-06, -0.127267, -1.321122, 0.376934, -1.570796, -8e-06], 'ori': [0.0019035388451642714, -0.7068867143164567, 0.7073205840617013, -0.0022673829325723237], 'pos': [-0.40248403904136104, -0.1202838765748893, 0.5489983883741528]}
2022-01-11 10:45:23,816 [13012] INFO: {'joint': [-3e-06, -0.127267, -1.321122, 0.376934, -1.570796, -8e-06], 'ori': [0.0019035388451642714, -0.7068867143164567, 0.7073205840617013, -0.0022673829325723237], 'pos': [-0.40248403904136104, -0.1202838765748893, 0.5489983883741528]}
2022-01-11 10:45:23,816 [13012] INFO: {'joint': [-3e-06, -0.127267, -1.321122, 0.376934, -1.570796, -8e-06], 'ori': [0.0019035388451642714, -0.7068867143164567, 0.7073205840617013, -0.0022673829325723237], 'pos': [-0.40248403904136104, -0.1202838765748893, 0.5489983883741528]}
2022-01-11 10:45:23,816 [13012] INFO: {'joint': [-3e-06, -0.127267, -1.321122, 0.376934, -1.570796, -8e-06], 'ori': [0.0019035388451642714, -0.7068867143164567, 0.7073205840617013, -0.0022673829325723237], 'pos': [-0.40248403904136104, -0.1202838765748893, 0.5489983883741528]}
2022-01-11 10:45:23,816 [13012] INFO: {'joint': [-3e-06, -0.127267, -1.321122, 0.376934, -1.570796, -8e-06], 'ori': [0.0019035388451642714, -0.7068867143164567, 0.7073205840617013, -0.0022673829325723237], 'pos': [-0.40248403904136104, -0.1202838765748893, 0.5489983883741528]}
2022-01-11 10:45:23,816 [13012] INFO: {'joint': [-3e-06, -0.127267, -1.321122, 0.376934, -1.570796, -8e-06], 'ori': [0.0019035388451642714, -0.7068867143164567, 0.7073205840617013, -0.0022673829325723237], 'pos': [-0.40248403904136104, -0.1202838765748893, 0.5489983883741528]}
2022-01-11 10:45:23,816 [13012] INFO: {'joint': [-3e-06, -0.127267, -1.321122, 0.376934, -1.570796, -8e-06], 'ori': [0.0019035388451642714, -0.7068867143164567, 0.7073205840617013, -0.0022673829325723237], 'pos': [-0.40248403904136104, -0.1202838765748893, 0.5489983883741528]}
2022-01-11 10:45:23,839 [13012] INFO: {'joint': [-5.057375646344044e-06, -0.12729901693319598, -1.321183866313307, 0.3769043641543926, -1.5707931332811875, -9.364330070719875e-06], 'ori': [0.0019035388451642714, -0.7068867143164567, 0.7073205840617013, -0.0022673829325723237], 'pos': [-0.40248403904136104, -0.1202838765748893, 0.5489983883741528]}
2022-01-11 10:45:23,839 [13012] INFO: {'joint': [-5.057375646344044e-06, -0.12729901693319598, -1.321183866313307, 0.3769043641543926, -1.5707931332811875, -9.364330070719875e-06], 'ori': [0.0019035388451642714, -0.7068867143164567, 0.7073205840617013, -0.0022673829325723237], 'pos': [-0.40248403904136104, -0.1202838765748893, 0.5489983883741528]}
2022-01-11 10:45:23,839 [13012] INFO: {'joint': [-5.057375646344044e-06, -0.12729901693319598, -1.321183866313307, 0.3769043641543926, -1.5707931332811875, -9.364330070719875e-06], 'ori': [0.0019035388451642714, -0.7068867143164567, 0.7073205840617013, -0.0022673829325723237], 'pos': [-0.40248403904136104, -0.1202838765748893, 0.5489983883741528]}
2022-01-11 10:45:23,839 [13012] INFO: {'joint': [-5.057375646344044e-06, -0.12729901693319598, -1.321183866313307, 0.3769043641543926, -1.5707931332811875, -9.364330070719875e-06], 'ori': [0.0019035388451642714, -0.7068867143164567, 0.7073205840617013, -0.0022673829325723237], 'pos': [-0.40248403904136104, -0.1202838765748893, 0.5489983883741528]}
2022-01-11 10:45:23,839 [13012] INFO: {'joint': [-5.057375646344044e-06, -0.12729901693319598, -1.321183866313307, 0.3769043641543926, -1.5707931332811875, -9.364330070719875e-06], 'ori': [0.0019035388451642714, -0.7068867143164567, 0.7073205840617013, -0.0022673829325723237], 'pos': [-0.40248403904136104, -0.1202838765748893, 0.5489983883741528]}
2022-01-11 10:45:23,839 [13012] INFO: {'joint': [-5.057375646344044e-06, -0.12729901693319598, -1.321183866313307, 0.3769043641543926, -1.5707931332811875, -9.364330070719875e-06], 'ori': [0.0019035388451642714, -0.7068867143164567, 0.7073205840617013, -0.0022673829325723237], 'pos': [-0.40248403904136104, -0.1202838765748893, 0.5489983883741528]}
2022-01-11 10:45:23,839 [13012] INFO: {'joint': [-5.057375646344044e-06, -0.12729901693319598, -1.321183866313307, 0.3769043641543926, -1.5707931332811875, -9.364330070719875e-06], 'ori': [0.0019035388451642714, -0.7068867143164567, 0.7073205840617013, -0.0022673829325723237], 'pos': [-0.40248403904136104, -0.1202838765748893, 0.5489983883741528]}
2022-01-11 10:45:23,864 [13012] INFO: move joint to (0.0, 0.0, 0.0, 0.0, 0.0, 0.0)
2022-01-11 10:45:23,864 [13012] INFO: move joint to (0.0, 0.0, 0.0, 0.0, 0.0, 0.0)
2022-01-11 10:45:23,864 [13012] INFO: move joint to (0.0, 0.0, 0.0, 0.0, 0.0, 0.0)
2022-01-11 10:45:23,864 [13012] INFO: move joint to (0.0, 0.0, 0.0, 0.0, 0.0, 0.0)
2022-01-11 10:45:23,864 [13012] INFO: move joint to (0.0, 0.0, 0.0, 0.0, 0.0, 0.0)
2022-01-11 10:45:23,864 [13012] INFO: move joint to (0.0, 0.0, 0.0, 0.0, 0.0, 0.0)
2022-01-11 10:45:23,864 [13012] INFO: move joint to (0.0, 0.0, 0.0, 0.0, 0.0, 0.0)
2022-01-11 10:45:26,199 [13012] INFO: joint_status={'joint1': {'current': -1586, 'voltage': 48.349998474121094, 'temperature': 26.5}, 'joint2': {'current': 1941, 'voltage': 48.7400016784668, 'temperature': 23.700000762939453}, 'joint3': {'current': -1044, 'voltage': 48.31999969482422, 'temperature': 26.799999237060547}, 'joint4': {'current': 196, 'voltage': 48.119998931884766, 'temperature': 31.700000762939453}, 'joint5': {'current': 99, 'voltage': 47.9900016784668, 'temperature': 33.0}, 'joint6': {'current': -26, 'voltage': 48.15999984741211, 'temperature': 33.79999923706055}}
2022-01-11 10:45:26,199 [13012] INFO: joint_status={'joint1': {'current': -1586, 'voltage': 48.349998474121094, 'temperature': 26.5}, 'joint2': {'current': 1941, 'voltage': 48.7400016784668, 'temperature': 23.700000762939453}, 'joint3': {'current': -1044, 'voltage': 48.31999969482422, 'temperature': 26.799999237060547}, 'joint4': {'current': 196, 'voltage': 48.119998931884766, 'temperature': 31.700000762939453}, 'joint5': {'current': 99, 'voltage': 47.9900016784668, 'temperature': 33.0}, 'joint6': {'current': -26, 'voltage': 48.15999984741211, 'temperature': 33.79999923706055}}
2022-01-11 10:45:26,199 [13012] INFO: joint_status={'joint1': {'current': -1586, 'voltage': 48.349998474121094, 'temperature': 26.5}, 'joint2': {'current': 1941, 'voltage': 48.7400016784668, 'temperature': 23.700000762939453}, 'joint3': {'current': -1044, 'voltage': 48.31999969482422, 'temperature': 26.799999237060547}, 'joint4': {'current': 196, 'voltage': 48.119998931884766, 'temperature': 31.700000762939453}, 'joint5': {'current': 99, 'voltage': 47.9900016784668, 'temperature': 33.0}, 'joint6': {'current': -26, 'voltage': 48.15999984741211, 'temperature': 33.79999923706055}}
2022-01-11 10:45:26,199 [13012] INFO: joint_status={'joint1': {'current': -1586, 'voltage': 48.349998474121094, 'temperature': 26.5}, 'joint2': {'current': 1941, 'voltage': 48.7400016784668, 'temperature': 23.700000762939453}, 'joint3': {'current': -1044, 'voltage': 48.31999969482422, 'temperature': 26.799999237060547}, 'joint4': {'current': 196, 'voltage': 48.119998931884766, 'temperature': 31.700000762939453}, 'joint5': {'current': 99, 'voltage': 47.9900016784668, 'temperature': 33.0}, 'joint6': {'current': -26, 'voltage': 48.15999984741211, 'temperature': 33.79999923706055}}
2022-01-11 10:45:26,199 [13012] INFO: joint_status={'joint1': {'current': -1586, 'voltage': 48.349998474121094, 'temperature': 26.5}, 'joint2': {'current': 1941, 'voltage': 48.7400016784668, 'temperature': 23.700000762939453}, 'joint3': {'current': -1044, 'voltage': 48.31999969482422, 'temperature': 26.799999237060547}, 'joint4': {'current': 196, 'voltage': 48.119998931884766, 'temperature': 31.700000762939453}, 'joint5': {'current': 99, 'voltage': 47.9900016784668, 'temperature': 33.0}, 'joint6': {'current': -26, 'voltage': 48.15999984741211, 'temperature': 33.79999923706055}}
2022-01-11 10:45:26,199 [13012] INFO: joint_status={'joint1': {'current': -1586, 'voltage': 48.349998474121094, 'temperature': 26.5}, 'joint2': {'current': 1941, 'voltage': 48.7400016784668, 'temperature': 23.700000762939453}, 'joint3': {'current': -1044, 'voltage': 48.31999969482422, 'temperature': 26.799999237060547}, 'joint4': {'current': 196, 'voltage': 48.119998931884766, 'temperature': 31.700000762939453}, 'joint5': {'current': 99, 'voltage': 47.9900016784668, 'temperature': 33.0}, 'joint6': {'current': -26, 'voltage': 48.15999984741211, 'temperature': 33.79999923706055}}
2022-01-11 10:45:26,199 [13012] INFO: joint_status={'joint1': {'current': -1586, 'voltage': 48.349998474121094, 'temperature': 26.5}, 'joint2': {'current': 1941, 'voltage': 48.7400016784668, 'temperature': 23.700000762939453}, 'joint3': {'current': -1044, 'voltage': 48.31999969482422, 'temperature': 26.799999237060547}, 'joint4': {'current': 196, 'voltage': 48.119998931884766, 'temperature': 31.700000762939453}, 'joint5': {'current': 99, 'voltage': 47.9900016784668, 'temperature': 33.0}, 'joint6': {'current': -26, 'voltage': 48.15999984741211, 'temperature': 33.79999923706055}}
2022-01-11 10:45:26,217 [13012] INFO: move joint to (0.541678, 0.225068, -0.948709, 0.397018, -1.5708, 0.541673)
2022-01-11 10:45:26,217 [13012] INFO: move joint to (0.541678, 0.225068, -0.948709, 0.397018, -1.5708, 0.541673)
2022-01-11 10:45:26,217 [13012] INFO: move joint to (0.541678, 0.225068, -0.948709, 0.397018, -1.5708, 0.541673)
2022-01-11 10:45:26,217 [13012] INFO: move joint to (0.541678, 0.225068, -0.948709, 0.397018, -1.5708, 0.541673)
2022-01-11 10:45:26,217 [13012] INFO: move joint to (0.541678, 0.225068, -0.948709, 0.397018, -1.5708, 0.541673)
2022-01-11 10:45:26,217 [13012] INFO: move joint to (0.541678, 0.225068, -0.948709, 0.397018, -1.5708, 0.541673)
2022-01-11 10:45:26,217 [13012] INFO: move joint to (0.541678, 0.225068, -0.948709, 0.397018, -1.5708, 0.541673)
2022-01-11 10:45:28,561 [13012] INFO: [1.5, 1.5, 1.5, 1.5, 1.5, 1.5]
2022-01-11 10:45:28,561 [13012] INFO: [1.5, 1.5, 1.5, 1.5, 1.5, 1.5]
2022-01-11 10:45:28,561 [13012] INFO: [1.5, 1.5, 1.5, 1.5, 1.5, 1.5]
2022-01-11 10:45:28,561 [13012] INFO: [1.5, 1.5, 1.5, 1.5, 1.5, 1.5]
2022-01-11 10:45:28,561 [13012] INFO: [1.5, 1.5, 1.5, 1.5, 1.5, 1.5]
2022-01-11 10:45:28,561 [13012] INFO: [1.5, 1.5, 1.5, 1.5, 1.5, 1.5]
2022-01-11 10:45:28,561 [13012] INFO: [1.5, 1.5, 1.5, 1.5, 1.5, 1.5]
2022-01-11 10:45:28,570 [13012] INFO: {'joint': [-3e-06, -0.127267, -1.321122, 0.376934, -1.570796, -8e-06], 'ori': [0.0019035388451642714, -0.7068867143164567, 0.7073205840617013, -0.0022673829325723237], 'pos': [-0.40248403904136104, -0.1202838765748893, 0.5489983883741528]}
2022-01-11 10:45:28,570 [13012] INFO: {'joint': [-3e-06, -0.127267, -1.321122, 0.376934, -1.570796, -8e-06], 'ori': [0.0019035388451642714, -0.7068867143164567, 0.7073205840617013, -0.0022673829325723237], 'pos': [-0.40248403904136104, -0.1202838765748893, 0.5489983883741528]}
2022-01-11 10:45:28,570 [13012] INFO: {'joint': [-3e-06, -0.127267, -1.321122, 0.376934, -1.570796, -8e-06], 'ori': [0.0019035388451642714, -0.7068867143164567, 0.7073205840617013, -0.0022673829325723237], 'pos': [-0.40248403904136104, -0.1202838765748893, 0.5489983883741528]}
2022-01-11 10:45:28,570 [13012] INFO: {'joint': [-3e-06, -0.127267, -1.321122, 0.376934, -1.570796, -8e-06], 'ori': [0.0019035388451642714, -0.7068867143164567, 0.7073205840617013, -0.0022673829325723237], 'pos': [-0.40248403904136104, -0.1202838765748893, 0.5489983883741528]}
2022-01-11 10:45:28,570 [13012] INFO: {'joint': [-3e-06, -0.127267, -1.321122, 0.376934, -1.570796, -8e-06], 'ori': [0.0019035388451642714, -0.7068867143164567, 0.7073205840617013, -0.0022673829325723237], 'pos': [-0.40248403904136104, -0.1202838765748893, 0.5489983883741528]}
2022-01-11 10:45:28,570 [13012] INFO: {'joint': [-3e-06, -0.127267, -1.321122, 0.376934, -1.570796, -8e-06], 'ori': [0.0019035388451642714, -0.7068867143164567, 0.7073205840617013, -0.0022673829325723237], 'pos': [-0.40248403904136104, -0.1202838765748893, 0.5489983883741528]}
2022-01-11 10:45:28,570 [13012] INFO: {'joint': [-3e-06, -0.127267, -1.321122, 0.376934, -1.570796, -8e-06], 'ori': [0.0019035388451642714, -0.7068867143164567, 0.7073205840617013, -0.0022673829325723237], 'pos': [-0.40248403904136104, -0.1202838765748893, 0.5489983883741528]}
2022-01-11 10:45:28,590 [13012] INFO: {'joint': [-5.057375646344044e-06, -0.12729901693319598, -1.321183866313307, 0.3769043641543926, -1.5707931332811875, -9.364330070719875e-06], 'ori': [0.0019035388451642714, -0.7068867143164567, 0.7073205840617013, -0.0022673829325723237], 'pos': [-0.40248403904136104, -0.1202838765748893, 0.5489983883741528]}
2022-01-11 10:45:28,590 [13012] INFO: {'joint': [-5.057375646344044e-06, -0.12729901693319598, -1.321183866313307, 0.3769043641543926, -1.5707931332811875, -9.364330070719875e-06], 'ori': [0.0019035388451642714, -0.7068867143164567, 0.7073205840617013, -0.0022673829325723237], 'pos': [-0.40248403904136104, -0.1202838765748893, 0.5489983883741528]}
2022-01-11 10:45:28,590 [13012] INFO: {'joint': [-5.057375646344044e-06, -0.12729901693319598, -1.321183866313307, 0.3769043641543926, -1.5707931332811875, -9.364330070719875e-06], 'ori': [0.0019035388451642714, -0.7068867143164567, 0.7073205840617013, -0.0022673829325723237], 'pos': [-0.40248403904136104, -0.1202838765748893, 0.5489983883741528]}
2022-01-11 10:45:28,590 [13012] INFO: {'joint': [-5.057375646344044e-06, -0.12729901693319598, -1.321183866313307, 0.3769043641543926, -1.5707931332811875, -9.364330070719875e-06], 'ori': [0.0019035388451642714, -0.7068867143164567, 0.7073205840617013, -0.0022673829325723237], 'pos': [-0.40248403904136104, -0.1202838765748893, 0.5489983883741528]}
2022-01-11 10:45:28,590 [13012] INFO: {'joint': [-5.057375646344044e-06, -0.12729901693319598, -1.321183866313307, 0.3769043641543926, -1.5707931332811875, -9.364330070719875e-06], 'ori': [0.0019035388451642714, -0.7068867143164567, 0.7073205840617013, -0.0022673829325723237], 'pos': [-0.40248403904136104, -0.1202838765748893, 0.5489983883741528]}
2022-01-11 10:45:28,590 [13012] INFO: {'joint': [-5.057375646344044e-06, -0.12729901693319598, -1.321183866313307, 0.3769043641543926, -1.5707931332811875, -9.364330070719875e-06], 'ori': [0.0019035388451642714, -0.7068867143164567, 0.7073205840617013, -0.0022673829325723237], 'pos': [-0.40248403904136104, -0.1202838765748893, 0.5489983883741528]}
2022-01-11 10:45:28,590 [13012] INFO: {'joint': [-5.057375646344044e-06, -0.12729901693319598, -1.321183866313307, 0.3769043641543926, -1.5707931332811875, -9.364330070719875e-06], 'ori': [0.0019035388451642714, -0.7068867143164567, 0.7073205840617013, -0.0022673829325723237], 'pos': [-0.40248403904136104, -0.1202838765748893, 0.5489983883741528]}
2022-01-11 10:45:28,605 [13012] INFO: move joint to (0.0, 0.0, 0.0, 0.0, 0.0, 0.0)
2022-01-11 10:45:28,605 [13012] INFO: move joint to (0.0, 0.0, 0.0, 0.0, 0.0, 0.0)
2022-01-11 10:45:28,605 [13012] INFO: move joint to (0.0, 0.0, 0.0, 0.0, 0.0, 0.0)
2022-01-11 10:45:28,605 [13012] INFO: move joint to (0.0, 0.0, 0.0, 0.0, 0.0, 0.0)
2022-01-11 10:45:28,605 [13012] INFO: move joint to (0.0, 0.0, 0.0, 0.0, 0.0, 0.0)
2022-01-11 10:45:28,605 [13012] INFO: move joint to (0.0, 0.0, 0.0, 0.0, 0.0, 0.0)
2022-01-11 10:45:28,605 [13012] INFO: move joint to (0.0, 0.0, 0.0, 0.0, 0.0, 0.0)
2022-01-11 10:45:31,457 [13012] INFO: ******************************disconnect1**********************
2022-01-11 10:45:31,457 [13012] INFO: ******************************disconnect1**********************
2022-01-11 10:45:31,457 [13012] INFO: ******************************disconnect1**********************
2022-01-11 10:45:31,457 [13012] INFO: ******************************disconnect1**********************
2022-01-11 10:45:31,457 [13012] INFO: ******************************disconnect1**********************
2022-01-11 10:45:31,457 [13012] INFO: ******************************disconnect1**********************
2022-01-11 10:45:31,457 [13012] INFO: ******************************disconnect1**********************
2022-01-11 10:45:33,004 [13012] INFO: Jan 11 2022 10:45:33 test completed.
2022-01-11 10:45:33,004 [13012] INFO: Jan 11 2022 10:45:33 test completed.
2022-01-11 10:45:33,004 [13012] INFO: Jan 11 2022 10:45:33 test completed.
2022-01-11 10:45:33,004 [13012] INFO: Jan 11 2022 10:45:33 test completed.
2022-01-11 10:45:33,004 [13012] INFO: Jan 11 2022 10:45:33 test completed.
2022-01-11 10:45:33,004 [13012] INFO: Jan 11 2022 10:45:33 test completed.
2022-01-11 10:45:33,004 [13012] INFO: Jan 11 2022 10:45:33 test completed.
2022-01-11 10:45:33,010 [13012] INFO: client_count=0
2022-01-11 10:45:33,010 [13012] INFO: client_count=0
2022-01-11 10:45:33,010 [13012] INFO: client_count=0
2022-01-11 10:45:33,010 [13012] INFO: client_count=0
2022-01-11 10:45:33,010 [13012] INFO: client_count=0
2022-01-11 10:45:33,010 [13012] INFO: client_count=0
2022-01-11 10:45:33,010 [13012] INFO: client_count=0
2022-01-11 10:45:33,026 [13012] INFO: test completed
2022-01-11 10:45:33,026 [13012] INFO: test completed
2022-01-11 10:45:33,026 [13012] INFO: test completed
2022-01-11 10:45:33,026 [13012] INFO: test completed
2022-01-11 10:45:33,026 [13012] INFO: test completed
2022-01-11 10:45:33,026 [13012] INFO: test completed
2022-01-11 10:45:33,026 [13012] INFO: test completed
2022-01-11 10:45:33,036 [13012] INFO: ******************************test_number 8
2022-01-11 10:45:33,036 [13012] INFO: ******************************test_number 8
2022-01-11 10:45:33,036 [13012] INFO: ******************************test_number 8
2022-01-11 10:45:33,036 [13012] INFO: ******************************test_number 8
2022-01-11 10:45:33,036 [13012] INFO: ******************************test_number 8
2022-01-11 10:45:33,036 [13012] INFO: ******************************test_number 8
2022-01-11 10:45:33,036 [13012] INFO: ******************************test_number 8
2022-01-11 10:45:33,051 [13012] INFO: Jan 11 2022 10:45:33 test beginning...
2022-01-11 10:45:33,051 [13012] INFO: Jan 11 2022 10:45:33 test beginning...
2022-01-11 10:45:33,051 [13012] INFO: Jan 11 2022 10:45:33 test beginning...
2022-01-11 10:45:33,051 [13012] INFO: Jan 11 2022 10:45:33 test beginning...
2022-01-11 10:45:33,051 [13012] INFO: Jan 11 2022 10:45:33 test beginning...
2022-01-11 10:45:33,051 [13012] INFO: Jan 11 2022 10:45:33 test beginning...
2022-01-11 10:45:33,051 [13012] INFO: Jan 11 2022 10:45:33 test beginning...
2022-01-11 10:45:33,051 [13012] INFO: Jan 11 2022 10:45:33 test beginning...
2022-01-11 10:45:33,080 [13012] INFO: robot.rshd=7
2022-01-11 10:45:33,080 [13012] INFO: robot.rshd=7
2022-01-11 10:45:33,080 [13012] INFO: robot.rshd=7
2022-01-11 10:45:33,080 [13012] INFO: robot.rshd=7
2022-01-11 10:45:33,080 [13012] INFO: robot.rshd=7
2022-01-11 10:45:33,080 [13012] INFO: robot.rshd=7
2022-01-11 10:45:33,080 [13012] INFO: robot.rshd=7
2022-01-11 10:45:33,080 [13012] INFO: robot.rshd=7
2022-01-11 10:45:33,084 [13012] INFO: ip=192.168.1.100, port=8899
2022-01-11 10:45:33,084 [13012] INFO: ip=192.168.1.100, port=8899
2022-01-11 10:45:33,084 [13012] INFO: ip=192.168.1.100, port=8899
2022-01-11 10:45:33,084 [13012] INFO: ip=192.168.1.100, port=8899
2022-01-11 10:45:33,084 [13012] INFO: ip=192.168.1.100, port=8899
2022-01-11 10:45:33,084 [13012] INFO: ip=192.168.1.100, port=8899
2022-01-11 10:45:33,084 [13012] INFO: ip=192.168.1.100, port=8899
2022-01-11 10:45:33,084 [13012] INFO: ip=192.168.1.100, port=8899
2022-01-11 10:45:37,410 [13012] INFO: joint_status={'joint1': {'current': -329, 'voltage': 48.34000015258789, 'temperature': 26.600000381469727}, 'joint2': {'current': 187, 'voltage': 48.7400016784668, 'temperature': 24.0}, 'joint3': {'current': -265, 'voltage': 48.310001373291016, 'temperature': 27.0}, 'joint4': {'current': 6, 'voltage': 48.11000061035156, 'temperature': 32.099998474121094}, 'joint5': {'current': -103, 'voltage': 48.0099983215332, 'temperature': 33.400001525878906}, 'joint6': {'current': 55, 'voltage': 48.15999984741211, 'temperature': 34.099998474121094}}
2022-01-11 10:45:37,410 [13012] INFO: joint_status={'joint1': {'current': -329, 'voltage': 48.34000015258789, 'temperature': 26.600000381469727}, 'joint2': {'current': 187, 'voltage': 48.7400016784668, 'temperature': 24.0}, 'joint3': {'current': -265, 'voltage': 48.310001373291016, 'temperature': 27.0}, 'joint4': {'current': 6, 'voltage': 48.11000061035156, 'temperature': 32.099998474121094}, 'joint5': {'current': -103, 'voltage': 48.0099983215332, 'temperature': 33.400001525878906}, 'joint6': {'current': 55, 'voltage': 48.15999984741211, 'temperature': 34.099998474121094}}
2022-01-11 10:45:37,410 [13012] INFO: joint_status={'joint1': {'current': -329, 'voltage': 48.34000015258789, 'temperature': 26.600000381469727}, 'joint2': {'current': 187, 'voltage': 48.7400016784668, 'temperature': 24.0}, 'joint3': {'current': -265, 'voltage': 48.310001373291016, 'temperature': 27.0}, 'joint4': {'current': 6, 'voltage': 48.11000061035156, 'temperature': 32.099998474121094}, 'joint5': {'current': -103, 'voltage': 48.0099983215332, 'temperature': 33.400001525878906}, 'joint6': {'current': 55, 'voltage': 48.15999984741211, 'temperature': 34.099998474121094}}
2022-01-11 10:45:37,410 [13012] INFO: joint_status={'joint1': {'current': -329, 'voltage': 48.34000015258789, 'temperature': 26.600000381469727}, 'joint2': {'current': 187, 'voltage': 48.7400016784668, 'temperature': 24.0}, 'joint3': {'current': -265, 'voltage': 48.310001373291016, 'temperature': 27.0}, 'joint4': {'current': 6, 'voltage': 48.11000061035156, 'temperature': 32.099998474121094}, 'joint5': {'current': -103, 'voltage': 48.0099983215332, 'temperature': 33.400001525878906}, 'joint6': {'current': 55, 'voltage': 48.15999984741211, 'temperature': 34.099998474121094}}
2022-01-11 10:45:37,410 [13012] INFO: joint_status={'joint1': {'current': -329, 'voltage': 48.34000015258789, 'temperature': 26.600000381469727}, 'joint2': {'current': 187, 'voltage': 48.7400016784668, 'temperature': 24.0}, 'joint3': {'current': -265, 'voltage': 48.310001373291016, 'temperature': 27.0}, 'joint4': {'current': 6, 'voltage': 48.11000061035156, 'temperature': 32.099998474121094}, 'joint5': {'current': -103, 'voltage': 48.0099983215332, 'temperature': 33.400001525878906}, 'joint6': {'current': 55, 'voltage': 48.15999984741211, 'temperature': 34.099998474121094}}
2022-01-11 10:45:37,410 [13012] INFO: joint_status={'joint1': {'current': -329, 'voltage': 48.34000015258789, 'temperature': 26.600000381469727}, 'joint2': {'current': 187, 'voltage': 48.7400016784668, 'temperature': 24.0}, 'joint3': {'current': -265, 'voltage': 48.310001373291016, 'temperature': 27.0}, 'joint4': {'current': 6, 'voltage': 48.11000061035156, 'temperature': 32.099998474121094}, 'joint5': {'current': -103, 'voltage': 48.0099983215332, 'temperature': 33.400001525878906}, 'joint6': {'current': 55, 'voltage': 48.15999984741211, 'temperature': 34.099998474121094}}
2022-01-11 10:45:37,410 [13012] INFO: joint_status={'joint1': {'current': -329, 'voltage': 48.34000015258789, 'temperature': 26.600000381469727}, 'joint2': {'current': 187, 'voltage': 48.7400016784668, 'temperature': 24.0}, 'joint3': {'current': -265, 'voltage': 48.310001373291016, 'temperature': 27.0}, 'joint4': {'current': 6, 'voltage': 48.11000061035156, 'temperature': 32.099998474121094}, 'joint5': {'current': -103, 'voltage': 48.0099983215332, 'temperature': 33.400001525878906}, 'joint6': {'current': 55, 'voltage': 48.15999984741211, 'temperature': 34.099998474121094}}
2022-01-11 10:45:37,410 [13012] INFO: joint_status={'joint1': {'current': -329, 'voltage': 48.34000015258789, 'temperature': 26.600000381469727}, 'joint2': {'current': 187, 'voltage': 48.7400016784668, 'temperature': 24.0}, 'joint3': {'current': -265, 'voltage': 48.310001373291016, 'temperature': 27.0}, 'joint4': {'current': 6, 'voltage': 48.11000061035156, 'temperature': 32.099998474121094}, 'joint5': {'current': -103, 'voltage': 48.0099983215332, 'temperature': 33.400001525878906}, 'joint6': {'current': 55, 'voltage': 48.15999984741211, 'temperature': 34.099998474121094}}
2022-01-11 10:45:37,422 [13012] INFO: move joint to (0.541678, 0.225068, -0.948709, 0.397018, -1.5708, 0.541673)
2022-01-11 10:45:37,422 [13012] INFO: move joint to (0.541678, 0.225068, -0.948709, 0.397018, -1.5708, 0.541673)
2022-01-11 10:45:37,422 [13012] INFO: move joint to (0.541678, 0.225068, -0.948709, 0.397018, -1.5708, 0.541673)
2022-01-11 10:45:37,422 [13012] INFO: move joint to (0.541678, 0.225068, -0.948709, 0.397018, -1.5708, 0.541673)
2022-01-11 10:45:37,422 [13012] INFO: move joint to (0.541678, 0.225068, -0.948709, 0.397018, -1.5708, 0.541673)
2022-01-11 10:45:37,422 [13012] INFO: move joint to (0.541678, 0.225068, -0.948709, 0.397018, -1.5708, 0.541673)
2022-01-11 10:45:37,422 [13012] INFO: move joint to (0.541678, 0.225068, -0.948709, 0.397018, -1.5708, 0.541673)
2022-01-11 10:45:37,422 [13012] INFO: move joint to (0.541678, 0.225068, -0.948709, 0.397018, -1.5708, 0.541673)
2022-01-11 10:45:39,781 [13012] INFO: [1.5, 1.5, 1.5, 1.5, 1.5, 1.5]
2022-01-11 10:45:39,781 [13012] INFO: [1.5, 1.5, 1.5, 1.5, 1.5, 1.5]
2022-01-11 10:45:39,781 [13012] INFO: [1.5, 1.5, 1.5, 1.5, 1.5, 1.5]
2022-01-11 10:45:39,781 [13012] INFO: [1.5, 1.5, 1.5, 1.5, 1.5, 1.5]
2022-01-11 10:45:39,781 [13012] INFO: [1.5, 1.5, 1.5, 1.5, 1.5, 1.5]
2022-01-11 10:45:39,781 [13012] INFO: [1.5, 1.5, 1.5, 1.5, 1.5, 1.5]
2022-01-11 10:45:39,781 [13012] INFO: [1.5, 1.5, 1.5, 1.5, 1.5, 1.5]
2022-01-11 10:45:39,781 [13012] INFO: [1.5, 1.5, 1.5, 1.5, 1.5, 1.5]
2022-01-11 10:45:39,799 [13012] INFO: {'joint': [-3e-06, -0.127267, -1.321122, 0.376934, -1.570796, -8e-06], 'ori': [0.0019035388451642714, -0.7068867143164567, 0.7073205840617013, -0.0022673829325723237], 'pos': [-0.40248403904136104, -0.1202838765748893, 0.5489983883741528]}
2022-01-11 10:45:39,799 [13012] INFO: {'joint': [-3e-06, -0.127267, -1.321122, 0.376934, -1.570796, -8e-06], 'ori': [0.0019035388451642714, -0.7068867143164567, 0.7073205840617013, -0.0022673829325723237], 'pos': [-0.40248403904136104, -0.1202838765748893, 0.5489983883741528]}
2022-01-11 10:45:39,799 [13012] INFO: {'joint': [-3e-06, -0.127267, -1.321122, 0.376934, -1.570796, -8e-06], 'ori': [0.0019035388451642714, -0.7068867143164567, 0.7073205840617013, -0.0022673829325723237], 'pos': [-0.40248403904136104, -0.1202838765748893, 0.5489983883741528]}
2022-01-11 10:45:39,799 [13012] INFO: {'joint': [-3e-06, -0.127267, -1.321122, 0.376934, -1.570796, -8e-06], 'ori': [0.0019035388451642714, -0.7068867143164567, 0.7073205840617013, -0.0022673829325723237], 'pos': [-0.40248403904136104, -0.1202838765748893, 0.5489983883741528]}
2022-01-11 10:45:39,799 [13012] INFO: {'joint': [-3e-06, -0.127267, -1.321122, 0.376934, -1.570796, -8e-06], 'ori': [0.0019035388451642714, -0.7068867143164567, 0.7073205840617013, -0.0022673829325723237], 'pos': [-0.40248403904136104, -0.1202838765748893, 0.5489983883741528]}
2022-01-11 10:45:39,799 [13012] INFO: {'joint': [-3e-06, -0.127267, -1.321122, 0.376934, -1.570796, -8e-06], 'ori': [0.0019035388451642714, -0.7068867143164567, 0.7073205840617013, -0.0022673829325723237], 'pos': [-0.40248403904136104, -0.1202838765748893, 0.5489983883741528]}
2022-01-11 10:45:39,799 [13012] INFO: {'joint': [-3e-06, -0.127267, -1.321122, 0.376934, -1.570796, -8e-06], 'ori': [0.0019035388451642714, -0.7068867143164567, 0.7073205840617013, -0.0022673829325723237], 'pos': [-0.40248403904136104, -0.1202838765748893, 0.5489983883741528]}
2022-01-11 10:45:39,799 [13012] INFO: {'joint': [-3e-06, -0.127267, -1.321122, 0.376934, -1.570796, -8e-06], 'ori': [0.0019035388451642714, -0.7068867143164567, 0.7073205840617013, -0.0022673829325723237], 'pos': [-0.40248403904136104, -0.1202838765748893, 0.5489983883741528]}
2022-01-11 10:45:39,812 [13012] INFO: {'joint': [-5.057375646344044e-06, -0.12729901693319598, -1.321183866313307, 0.3769043641543926, -1.5707931332811875, -9.364330070719875e-06], 'ori': [0.0019035388451642714, -0.7068867143164567, 0.7073205840617013, -0.0022673829325723237], 'pos': [-0.40248403904136104, -0.1202838765748893, 0.5489983883741528]}
2022-01-11 10:45:39,812 [13012] INFO: {'joint': [-5.057375646344044e-06, -0.12729901693319598, -1.321183866313307, 0.3769043641543926, -1.5707931332811875, -9.364330070719875e-06], 'ori': [0.0019035388451642714, -0.7068867143164567, 0.7073205840617013, -0.0022673829325723237], 'pos': [-0.40248403904136104, -0.1202838765748893, 0.5489983883741528]}
2022-01-11 10:45:39,812 [13012] INFO: {'joint': [-5.057375646344044e-06, -0.12729901693319598, -1.321183866313307, 0.3769043641543926, -1.5707931332811875, -9.364330070719875e-06], 'ori': [0.0019035388451642714, -0.7068867143164567, 0.7073205840617013, -0.0022673829325723237], 'pos': [-0.40248403904136104, -0.1202838765748893, 0.5489983883741528]}
2022-01-11 10:45:39,812 [13012] INFO: {'joint': [-5.057375646344044e-06, -0.12729901693319598, -1.321183866313307, 0.3769043641543926, -1.5707931332811875, -9.364330070719875e-06], 'ori': [0.0019035388451642714, -0.7068867143164567, 0.7073205840617013, -0.0022673829325723237], 'pos': [-0.40248403904136104, -0.1202838765748893, 0.5489983883741528]}
2022-01-11 10:45:39,812 [13012] INFO: {'joint': [-5.057375646344044e-06, -0.12729901693319598, -1.321183866313307, 0.3769043641543926, -1.5707931332811875, -9.364330070719875e-06], 'ori': [0.0019035388451642714, -0.7068867143164567, 0.7073205840617013, -0.0022673829325723237], 'pos': [-0.40248403904136104, -0.1202838765748893, 0.5489983883741528]}
2022-01-11 10:45:39,812 [13012] INFO: {'joint': [-5.057375646344044e-06, -0.12729901693319598, -1.321183866313307, 0.3769043641543926, -1.5707931332811875, -9.364330070719875e-06], 'ori': [0.0019035388451642714, -0.7068867143164567, 0.7073205840617013, -0.0022673829325723237], 'pos': [-0.40248403904136104, -0.1202838765748893, 0.5489983883741528]}
2022-01-11 10:45:39,812 [13012] INFO: {'joint': [-5.057375646344044e-06, -0.12729901693319598, -1.321183866313307, 0.3769043641543926, -1.5707931332811875, -9.364330070719875e-06], 'ori': [0.0019035388451642714, -0.7068867143164567, 0.7073205840617013, -0.0022673829325723237], 'pos': [-0.40248403904136104, -0.1202838765748893, 0.5489983883741528]}
2022-01-11 10:45:39,812 [13012] INFO: {'joint': [-5.057375646344044e-06, -0.12729901693319598, -1.321183866313307, 0.3769043641543926, -1.5707931332811875, -9.364330070719875e-06], 'ori': [0.0019035388451642714, -0.7068867143164567, 0.7073205840617013, -0.0022673829325723237], 'pos': [-0.40248403904136104, -0.1202838765748893, 0.5489983883741528]}
2022-01-11 10:45:39,825 [13012] INFO: move joint to (0.0, 0.0, 0.0, 0.0, 0.0, 0.0)
2022-01-11 10:45:39,825 [13012] INFO: move joint to (0.0, 0.0, 0.0, 0.0, 0.0, 0.0)
2022-01-11 10:45:39,825 [13012] INFO: move joint to (0.0, 0.0, 0.0, 0.0, 0.0, 0.0)
2022-01-11 10:45:39,825 [13012] INFO: move joint to (0.0, 0.0, 0.0, 0.0, 0.0, 0.0)
2022-01-11 10:45:39,825 [13012] INFO: move joint to (0.0, 0.0, 0.0, 0.0, 0.0, 0.0)
2022-01-11 10:45:39,825 [13012] INFO: move joint to (0.0, 0.0, 0.0, 0.0, 0.0, 0.0)
2022-01-11 10:45:39,825 [13012] INFO: move joint to (0.0, 0.0, 0.0, 0.0, 0.0, 0.0)
2022-01-11 10:45:39,825 [13012] INFO: move joint to (0.0, 0.0, 0.0, 0.0, 0.0, 0.0)
2022-01-11 10:45:42,162 [13012] INFO: joint_status={'joint1': {'current': -1636, 'voltage': 48.36000061035156, 'temperature': 26.700000762939453}, 'joint2': {'current': 2022, 'voltage': 48.7400016784668, 'temperature': 24.0}, 'joint3': {'current': -1107, 'voltage': 48.310001373291016, 'temperature': 27.0}, 'joint4': {'current': 214, 'voltage': 48.119998931884766, 'temperature': 32.20000076293945}, 'joint5': {'current': 87, 'voltage': 47.9900016784668, 'temperature': 33.5}, 'joint6': {'current': -24, 'voltage': 48.150001525878906, 'temperature': 34.20000076293945}}
2022-01-11 10:45:42,162 [13012] INFO: joint_status={'joint1': {'current': -1636, 'voltage': 48.36000061035156, 'temperature': 26.700000762939453}, 'joint2': {'current': 2022, 'voltage': 48.7400016784668, 'temperature': 24.0}, 'joint3': {'current': -1107, 'voltage': 48.310001373291016, 'temperature': 27.0}, 'joint4': {'current': 214, 'voltage': 48.119998931884766, 'temperature': 32.20000076293945}, 'joint5': {'current': 87, 'voltage': 47.9900016784668, 'temperature': 33.5}, 'joint6': {'current': -24, 'voltage': 48.150001525878906, 'temperature': 34.20000076293945}}
2022-01-11 10:45:42,162 [13012] INFO: joint_status={'joint1': {'current': -1636, 'voltage': 48.36000061035156, 'temperature': 26.700000762939453}, 'joint2': {'current': 2022, 'voltage': 48.7400016784668, 'temperature': 24.0}, 'joint3': {'current': -1107, 'voltage': 48.310001373291016, 'temperature': 27.0}, 'joint4': {'current': 214, 'voltage': 48.119998931884766, 'temperature': 32.20000076293945}, 'joint5': {'current': 87, 'voltage': 47.9900016784668, 'temperature': 33.5}, 'joint6': {'current': -24, 'voltage': 48.150001525878906, 'temperature': 34.20000076293945}}
2022-01-11 10:45:42,162 [13012] INFO: joint_status={'joint1': {'current': -1636, 'voltage': 48.36000061035156, 'temperature': 26.700000762939453}, 'joint2': {'current': 2022, 'voltage': 48.7400016784668, 'temperature': 24.0}, 'joint3': {'current': -1107, 'voltage': 48.310001373291016, 'temperature': 27.0}, 'joint4': {'current': 214, 'voltage': 48.119998931884766, 'temperature': 32.20000076293945}, 'joint5': {'current': 87, 'voltage': 47.9900016784668, 'temperature': 33.5}, 'joint6': {'current': -24, 'voltage': 48.150001525878906, 'temperature': 34.20000076293945}}
2022-01-11 10:45:42,162 [13012] INFO: joint_status={'joint1': {'current': -1636, 'voltage': 48.36000061035156, 'temperature': 26.700000762939453}, 'joint2': {'current': 2022, 'voltage': 48.7400016784668, 'temperature': 24.0}, 'joint3': {'current': -1107, 'voltage': 48.310001373291016, 'temperature': 27.0}, 'joint4': {'current': 214, 'voltage': 48.119998931884766, 'temperature': 32.20000076293945}, 'joint5': {'current': 87, 'voltage': 47.9900016784668, 'temperature': 33.5}, 'joint6': {'current': -24, 'voltage': 48.150001525878906, 'temperature': 34.20000076293945}}
2022-01-11 10:45:42,162 [13012] INFO: joint_status={'joint1': {'current': -1636, 'voltage': 48.36000061035156, 'temperature': 26.700000762939453}, 'joint2': {'current': 2022, 'voltage': 48.7400016784668, 'temperature': 24.0}, 'joint3': {'current': -1107, 'voltage': 48.310001373291016, 'temperature': 27.0}, 'joint4': {'current': 214, 'voltage': 48.119998931884766, 'temperature': 32.20000076293945}, 'joint5': {'current': 87, 'voltage': 47.9900016784668, 'temperature': 33.5}, 'joint6': {'current': -24, 'voltage': 48.150001525878906, 'temperature': 34.20000076293945}}
2022-01-11 10:45:42,162 [13012] INFO: joint_status={'joint1': {'current': -1636, 'voltage': 48.36000061035156, 'temperature': 26.700000762939453}, 'joint2': {'current': 2022, 'voltage': 48.7400016784668, 'temperature': 24.0}, 'joint3': {'current': -1107, 'voltage': 48.310001373291016, 'temperature': 27.0}, 'joint4': {'current': 214, 'voltage': 48.119998931884766, 'temperature': 32.20000076293945}, 'joint5': {'current': 87, 'voltage': 47.9900016784668, 'temperature': 33.5}, 'joint6': {'current': -24, 'voltage': 48.150001525878906, 'temperature': 34.20000076293945}}
2022-01-11 10:45:42,162 [13012] INFO: joint_status={'joint1': {'current': -1636, 'voltage': 48.36000061035156, 'temperature': 26.700000762939453}, 'joint2': {'current': 2022, 'voltage': 48.7400016784668, 'temperature': 24.0}, 'joint3': {'current': -1107, 'voltage': 48.310001373291016, 'temperature': 27.0}, 'joint4': {'current': 214, 'voltage': 48.119998931884766, 'temperature': 32.20000076293945}, 'joint5': {'current': 87, 'voltage': 47.9900016784668, 'temperature': 33.5}, 'joint6': {'current': -24, 'voltage': 48.150001525878906, 'temperature': 34.20000076293945}}
2022-01-11 10:45:42,176 [13012] INFO: move joint to (0.541678, 0.225068, -0.948709, 0.397018, -1.5708, 0.541673)
2022-01-11 10:45:42,176 [13012] INFO: move joint to (0.541678, 0.225068, -0.948709, 0.397018, -1.5708, 0.541673)
2022-01-11 10:45:42,176 [13012] INFO: move joint to (0.541678, 0.225068, -0.948709, 0.397018, -1.5708, 0.541673)
2022-01-11 10:45:42,176 [13012] INFO: move joint to (0.541678, 0.225068, -0.948709, 0.397018, -1.5708, 0.541673)
2022-01-11 10:45:42,176 [13012] INFO: move joint to (0.541678, 0.225068, -0.948709, 0.397018, -1.5708, 0.541673)
2022-01-11 10:45:42,176 [13012] INFO: move joint to (0.541678, 0.225068, -0.948709, 0.397018, -1.5708, 0.541673)
2022-01-11 10:45:42,176 [13012] INFO: move joint to (0.541678, 0.225068, -0.948709, 0.397018, -1.5708, 0.541673)
2022-01-11 10:45:42,176 [13012] INFO: move joint to (0.541678, 0.225068, -0.948709, 0.397018, -1.5708, 0.541673)
2022-01-11 10:45:44,530 [13012] INFO: [1.5, 1.5, 1.5, 1.5, 1.5, 1.5]
2022-01-11 10:45:44,530 [13012] INFO: [1.5, 1.5, 1.5, 1.5, 1.5, 1.5]
2022-01-11 10:45:44,530 [13012] INFO: [1.5, 1.5, 1.5, 1.5, 1.5, 1.5]
2022-01-11 10:45:44,530 [13012] INFO: [1.5, 1.5, 1.5, 1.5, 1.5, 1.5]
2022-01-11 10:45:44,530 [13012] INFO: [1.5, 1.5, 1.5, 1.5, 1.5, 1.5]
2022-01-11 10:45:44,530 [13012] INFO: [1.5, 1.5, 1.5, 1.5, 1.5, 1.5]
2022-01-11 10:45:44,530 [13012] INFO: [1.5, 1.5, 1.5, 1.5, 1.5, 1.5]
2022-01-11 10:45:44,530 [13012] INFO: [1.5, 1.5, 1.5, 1.5, 1.5, 1.5]
2022-01-11 10:45:44,547 [13012] INFO: {'joint': [-3e-06, -0.127267, -1.321122, 0.376934, -1.570796, -8e-06], 'ori': [0.0019035388451642714, -0.7068867143164567, 0.7073205840617013, -0.0022673829325723237], 'pos': [-0.40248403904136104, -0.1202838765748893, 0.5489983883741528]}
2022-01-11 10:45:44,547 [13012] INFO: {'joint': [-3e-06, -0.127267, -1.321122, 0.376934, -1.570796, -8e-06], 'ori': [0.0019035388451642714, -0.7068867143164567, 0.7073205840617013, -0.0022673829325723237], 'pos': [-0.40248403904136104, -0.1202838765748893, 0.5489983883741528]}
2022-01-11 10:45:44,547 [13012] INFO: {'joint': [-3e-06, -0.127267, -1.321122, 0.376934, -1.570796, -8e-06], 'ori': [0.0019035388451642714, -0.7068867143164567, 0.7073205840617013, -0.0022673829325723237], 'pos': [-0.40248403904136104, -0.1202838765748893, 0.5489983883741528]}
2022-01-11 10:45:44,547 [13012] INFO: {'joint': [-3e-06, -0.127267, -1.321122, 0.376934, -1.570796, -8e-06], 'ori': [0.0019035388451642714, -0.7068867143164567, 0.7073205840617013, -0.0022673829325723237], 'pos': [-0.40248403904136104, -0.1202838765748893, 0.5489983883741528]}
2022-01-11 10:45:44,547 [13012] INFO: {'joint': [-3e-06, -0.127267, -1.321122, 0.376934, -1.570796, -8e-06], 'ori': [0.0019035388451642714, -0.7068867143164567, 0.7073205840617013, -0.0022673829325723237], 'pos': [-0.40248403904136104, -0.1202838765748893, 0.5489983883741528]}
2022-01-11 10:45:44,547 [13012] INFO: {'joint': [-3e-06, -0.127267, -1.321122, 0.376934, -1.570796, -8e-06], 'ori': [0.0019035388451642714, -0.7068867143164567, 0.7073205840617013, -0.0022673829325723237], 'pos': [-0.40248403904136104, -0.1202838765748893, 0.5489983883741528]}
2022-01-11 10:45:44,547 [13012] INFO: {'joint': [-3e-06, -0.127267, -1.321122, 0.376934, -1.570796, -8e-06], 'ori': [0.0019035388451642714, -0.7068867143164567, 0.7073205840617013, -0.0022673829325723237], 'pos': [-0.40248403904136104, -0.1202838765748893, 0.5489983883741528]}
2022-01-11 10:45:44,547 [13012] INFO: {'joint': [-3e-06, -0.127267, -1.321122, 0.376934, -1.570796, -8e-06], 'ori': [0.0019035388451642714, -0.7068867143164567, 0.7073205840617013, -0.0022673829325723237], 'pos': [-0.40248403904136104, -0.1202838765748893, 0.5489983883741528]}
2022-01-11 10:45:44,571 [13012] INFO: {'joint': [-5.057375646344044e-06, -0.12729901693319598, -1.321183866313307, 0.3769043641543926, -1.5707931332811875, -9.364330070719875e-06], 'ori': [0.0019035388451642714, -0.7068867143164567, 0.7073205840617013, -0.0022673829325723237], 'pos': [-0.40248403904136104, -0.1202838765748893, 0.5489983883741528]}
2022-01-11 10:45:44,571 [13012] INFO: {'joint': [-5.057375646344044e-06, -0.12729901693319598, -1.321183866313307, 0.3769043641543926, -1.5707931332811875, -9.364330070719875e-06], 'ori': [0.0019035388451642714, -0.7068867143164567, 0.7073205840617013, -0.0022673829325723237], 'pos': [-0.40248403904136104, -0.1202838765748893, 0.5489983883741528]}
2022-01-11 10:45:44,571 [13012] INFO: {'joint': [-5.057375646344044e-06, -0.12729901693319598, -1.321183866313307, 0.3769043641543926, -1.5707931332811875, -9.364330070719875e-06], 'ori': [0.0019035388451642714, -0.7068867143164567, 0.7073205840617013, -0.0022673829325723237], 'pos': [-0.40248403904136104, -0.1202838765748893, 0.5489983883741528]}
2022-01-11 10:45:44,571 [13012] INFO: {'joint': [-5.057375646344044e-06, -0.12729901693319598, -1.321183866313307, 0.3769043641543926, -1.5707931332811875, -9.364330070719875e-06], 'ori': [0.0019035388451642714, -0.7068867143164567, 0.7073205840617013, -0.0022673829325723237], 'pos': [-0.40248403904136104, -0.1202838765748893, 0.5489983883741528]}
2022-01-11 10:45:44,571 [13012] INFO: {'joint': [-5.057375646344044e-06, -0.12729901693319598, -1.321183866313307, 0.3769043641543926, -1.5707931332811875, -9.364330070719875e-06], 'ori': [0.0019035388451642714, -0.7068867143164567, 0.7073205840617013, -0.0022673829325723237], 'pos': [-0.40248403904136104, -0.1202838765748893, 0.5489983883741528]}
2022-01-11 10:45:44,571 [13012] INFO: {'joint': [-5.057375646344044e-06, -0.12729901693319598, -1.321183866313307, 0.3769043641543926, -1.5707931332811875, -9.364330070719875e-06], 'ori': [0.0019035388451642714, -0.7068867143164567, 0.7073205840617013, -0.0022673829325723237], 'pos': [-0.40248403904136104, -0.1202838765748893, 0.5489983883741528]}
2022-01-11 10:45:44,571 [13012] INFO: {'joint': [-5.057375646344044e-06, -0.12729901693319598, -1.321183866313307, 0.3769043641543926, -1.5707931332811875, -9.364330070719875e-06], 'ori': [0.0019035388451642714, -0.7068867143164567, 0.7073205840617013, -0.0022673829325723237], 'pos': [-0.40248403904136104, -0.1202838765748893, 0.5489983883741528]}
2022-01-11 10:45:44,571 [13012] INFO: {'joint': [-5.057375646344044e-06, -0.12729901693319598, -1.321183866313307, 0.3769043641543926, -1.5707931332811875, -9.364330070719875e-06], 'ori': [0.0019035388451642714, -0.7068867143164567, 0.7073205840617013, -0.0022673829325723237], 'pos': [-0.40248403904136104, -0.1202838765748893, 0.5489983883741528]}
2022-01-11 10:45:44,593 [13012] INFO: move joint to (0.0, 0.0, 0.0, 0.0, 0.0, 0.0)
2022-01-11 10:45:44,593 [13012] INFO: move joint to (0.0, 0.0, 0.0, 0.0, 0.0, 0.0)
2022-01-11 10:45:44,593 [13012] INFO: move joint to (0.0, 0.0, 0.0, 0.0, 0.0, 0.0)
2022-01-11 10:45:44,593 [13012] INFO: move joint to (0.0, 0.0, 0.0, 0.0, 0.0, 0.0)
2022-01-11 10:45:44,593 [13012] INFO: move joint to (0.0, 0.0, 0.0, 0.0, 0.0, 0.0)
2022-01-11 10:45:44,593 [13012] INFO: move joint to (0.0, 0.0, 0.0, 0.0, 0.0, 0.0)
2022-01-11 10:45:44,593 [13012] INFO: move joint to (0.0, 0.0, 0.0, 0.0, 0.0, 0.0)
2022-01-11 10:45:44,593 [13012] INFO: move joint to (0.0, 0.0, 0.0, 0.0, 0.0, 0.0)
2022-01-11 10:48:52,258 [20984] INFO: Jan 11 2022 10:48:52 test beginning...
2022-01-11 10:48:52,278 [20984] INFO: robot.rshd=0
2022-01-11 10:48:52,280 [20984] INFO: ip=192.168.1.100, port=8899
2022-01-11 10:48:56,616 [20984] INFO: joint_status={'joint1': {'current': -380, 'voltage': 48.349998474121094, 'temperature': 28.0}, 'joint2': {'current': 113, 'voltage': 48.72999954223633, 'temperature': 26.200000762939453}, 'joint3': {'current': -46, 'voltage': 48.310001373291016, 'temperature': 28.399999618530273}, 'joint4': {'current': 15, 'voltage': 48.11000061035156, 'temperature': 34.79999923706055}, 'joint5': {'current': -37, 'voltage': 47.97999954223633, 'temperature': 36.0}, 'joint6': {'current': 35, 'voltage': 48.130001068115234, 'temperature': 37.0}}
2022-01-11 10:48:56,617 [20984] INFO: move joint to (0.541678, 0.225068, -0.948709, 0.397018, -1.5708, 0.541673)
2022-01-11 10:48:58,947 [20984] INFO: [1.5, 1.5, 1.5, 1.5, 1.5, 1.5]
2022-01-11 10:48:58,948 [20984] INFO: {'joint': [-3e-06, -0.127267, -1.321122, 0.376934, -1.570796, -8e-06], 'ori': [0.0019035388451642714, -0.7068867143164567, 0.7073205840617013, -0.0022673829325723237], 'pos': [-0.40248403904136104, -0.1202838765748893, 0.5489983883741528]}
2022-01-11 10:48:58,949 [20984] INFO: {'joint': [-5.057375646344044e-06, -0.12729901693319598, -1.321183866313307, 0.3769043641543926, -1.5707931332811875, -9.364330070719875e-06], 'ori': [0.0019035388451642714, -0.7068867143164567, 0.7073205840617013, -0.0022673829325723237], 'pos': [-0.40248403904136104, -0.1202838765748893, 0.5489983883741528]}
2022-01-11 10:48:58,950 [20984] INFO: move joint to (0.0, 0.0, 0.0, 0.0, 0.0, 0.0)
2022-01-11 10:49:01,309 [20984] INFO: joint_status={'joint1': {'current': -1731, 'voltage': 48.34000015258789, 'temperature': 28.200000762939453}, 'joint2': {'current': 2453, 'voltage': 48.72999954223633, 'temperature': 26.200000762939453}, 'joint3': {'current': -1407, 'voltage': 48.310001373291016, 'temperature': 28.399999618530273}, 'joint4': {'current': 390, 'voltage': 48.099998474121094, 'temperature': 34.79999923706055}, 'joint5': {'current': -8, 'voltage': 47.9900016784668, 'temperature': 36.099998474121094}, 'joint6': {'current': 55, 'voltage': 48.13999938964844, 'temperature': 37.0}}
2022-01-11 10:49:01,309 [20984] INFO: move joint to (0.541678, 0.225068, -0.948709, 0.397018, -1.5708, 0.541673)
2022-01-11 10:49:03,662 [20984] INFO: [1.5, 1.5, 1.5, 1.5, 1.5, 1.5]
2022-01-11 10:49:03,664 [20984] INFO: {'joint': [-3e-06, -0.127267, -1.321122, 0.376934, -1.570796, -8e-06], 'ori': [0.0019035388451642714, -0.7068867143164567, 0.7073205840617013, -0.0022673829325723237], 'pos': [-0.40248403904136104, -0.1202838765748893, 0.5489983883741528]}
2022-01-11 10:49:03,665 [20984] INFO: {'joint': [-5.057375646344044e-06, -0.12729901693319598, -1.321183866313307, 0.3769043641543926, -1.5707931332811875, -9.364330070719875e-06], 'ori': [0.0019035388451642714, -0.7068867143164567, 0.7073205840617013, -0.0022673829325723237], 'pos': [-0.40248403904136104, -0.1202838765748893, 0.5489983883741528]}
2022-01-11 10:49:03,665 [20984] INFO: move joint to (0.0, 0.0, 0.0, 0.0, 0.0, 0.0)
2022-01-11 10:49:06,529 [20984] INFO: ******************************disconnect1**********************
2022-01-11 10:49:08,014 [20984] INFO: Jan 11 2022 10:49:08 test completed.
2022-01-11 10:49:08,018 [20984] INFO: client_count=0
2022-01-11 10:49:08,020 [20984] INFO: test completed
2022-01-11 10:49:08,022 [20984] INFO: ******************************test_number 2
2022-01-11 10:49:08,032 [20984] INFO: Jan 11 2022 10:49:08 test beginning...
2022-01-11 10:49:08,032 [20984] INFO: Jan 11 2022 10:49:08 test beginning...
2022-01-11 10:49:08,061 [20984] INFO: robot.rshd=1
2022-01-11 10:49:08,061 [20984] INFO: robot.rshd=1
2022-01-11 10:49:08,062 [20984] INFO: ip=192.168.1.100, port=8899
2022-01-11 10:49:08,062 [20984] INFO: ip=192.168.1.100, port=8899
2022-01-11 10:49:12,360 [20984] INFO: joint_status={'joint1': {'current': -440, 'voltage': 48.33000183105469, 'temperature': 28.200000762939453}, 'joint2': {'current': 222, 'voltage': 48.72999954223633, 'temperature': 26.299999237060547}, 'joint3': {'current': -170, 'voltage': 48.310001373291016, 'temperature': 28.5}, 'joint4': {'current': -33, 'voltage': 48.11000061035156, 'temperature': 34.900001525878906}, 'joint5': {'current': -137, 'voltage': 47.97999954223633, 'temperature': 36.099998474121094}, 'joint6': {'current': 27, 'voltage': 48.13999938964844, 'temperature': 37.0}}
2022-01-11 10:49:12,360 [20984] INFO: joint_status={'joint1': {'current': -440, 'voltage': 48.33000183105469, 'temperature': 28.200000762939453}, 'joint2': {'current': 222, 'voltage': 48.72999954223633, 'temperature': 26.299999237060547}, 'joint3': {'current': -170, 'voltage': 48.310001373291016, 'temperature': 28.5}, 'joint4': {'current': -33, 'voltage': 48.11000061035156, 'temperature': 34.900001525878906}, 'joint5': {'current': -137, 'voltage': 47.97999954223633, 'temperature': 36.099998474121094}, 'joint6': {'current': 27, 'voltage': 48.13999938964844, 'temperature': 37.0}}
2022-01-11 10:49:12,364 [20984] INFO: move joint to (0.541678, 0.225068, -0.948709, 0.397018, -1.5708, 0.541673)
2022-01-11 10:49:12,364 [20984] INFO: move joint to (0.541678, 0.225068, -0.948709, 0.397018, -1.5708, 0.541673)
2022-01-11 10:49:14,698 [20984] INFO: [1.5, 1.5, 1.5, 1.5, 1.5, 1.5]
2022-01-11 10:49:14,698 [20984] INFO: [1.5, 1.5, 1.5, 1.5, 1.5, 1.5]
2022-01-11 10:49:14,700 [20984] INFO: {'joint': [-3e-06, -0.127267, -1.321122, 0.376934, -1.570796, -8e-06], 'ori': [0.0019035388451642714, -0.7068867143164567, 0.7073205840617013, -0.0022673829325723237], 'pos': [-0.40248403904136104, -0.1202838765748893, 0.5489983883741528]}
2022-01-11 10:49:14,700 [20984] INFO: {'joint': [-3e-06, -0.127267, -1.321122, 0.376934, -1.570796, -8e-06], 'ori': [0.0019035388451642714, -0.7068867143164567, 0.7073205840617013, -0.0022673829325723237], 'pos': [-0.40248403904136104, -0.1202838765748893, 0.5489983883741528]}
2022-01-11 10:49:14,702 [20984] INFO: {'joint': [-5.057375646344044e-06, -0.12729901693319598, -1.321183866313307, 0.3769043641543926, -1.5707931332811875, -9.364330070719875e-06], 'ori': [0.0019035388451642714, -0.7068867143164567, 0.7073205840617013, -0.0022673829325723237], 'pos': [-0.40248403904136104, -0.1202838765748893, 0.5489983883741528]}
2022-01-11 10:49:14,702 [20984] INFO: {'joint': [-5.057375646344044e-06, -0.12729901693319598, -1.321183866313307, 0.3769043641543926, -1.5707931332811875, -9.364330070719875e-06], 'ori': [0.0019035388451642714, -0.7068867143164567, 0.7073205840617013, -0.0022673829325723237], 'pos': [-0.40248403904136104, -0.1202838765748893, 0.5489983883741528]}
2022-01-11 10:49:14,708 [20984] INFO: move joint to (0.0, 0.0, 0.0, 0.0, 0.0, 0.0)
2022-01-11 10:49:14,708 [20984] INFO: move joint to (0.0, 0.0, 0.0, 0.0, 0.0, 0.0)
2022-01-11 10:52:22,850 [19100] INFO: Jan 11 2022 10:52:22 test beginning...
2022-01-11 10:52:22,886 [19100] INFO: robot.rshd=0
2022-01-11 10:52:22,887 [19100] INFO: ip=192.168.1.100, port=8899
2022-01-11 10:52:37,161 [19100] INFO: ******************************disconnect1**********************
2022-01-11 10:52:38,013 [19100] INFO: Jan 11 2022 10:52:38 test completed.
2022-01-11 10:52:38,014 [19100] INFO: client_count=0
2022-01-11 10:52:38,015 [19100] INFO: test completed
2022-01-11 10:52:38,016 [19100] INFO: ******************************test_number 2
2022-01-11 10:52:38,027 [19100] INFO: Jan 11 2022 10:52:38 test beginning...
2022-01-11 10:52:38,027 [19100] INFO: Jan 11 2022 10:52:38 test beginning...
2022-01-11 10:52:38,050 [19100] INFO: robot.rshd=1
2022-01-11 10:52:38,050 [19100] INFO: robot.rshd=1
2022-01-11 10:52:38,052 [19100] INFO: ip=192.168.1.100, port=8899
2022-01-11 10:52:38,052 [19100] INFO: ip=192.168.1.100, port=8899
2022-01-11 10:52:52,240 [19100] INFO: ******************************disconnect1**********************
2022-01-11 10:52:52,240 [19100] INFO: ******************************disconnect1**********************
2022-01-11 10:52:54,007 [19100] INFO: Jan 11 2022 10:52:54 test completed.
2022-01-11 10:52:54,007 [19100] INFO: Jan 11 2022 10:52:54 test completed.
2022-01-11 10:52:54,007 [19100] INFO: client_count=0
2022-01-11 10:52:54,007 [19100] INFO: client_count=0
2022-01-11 10:52:54,008 [19100] INFO: test completed
2022-01-11 10:52:54,008 [19100] INFO: test completed
2022-01-11 10:52:54,009 [19100] INFO: ******************************test_number 3
2022-01-11 10:52:54,009 [19100] INFO: ******************************test_number 3
2022-01-11 10:52:54,013 [19100] INFO: Jan 11 2022 10:52:54 test beginning...
2022-01-11 10:52:54,013 [19100] INFO: Jan 11 2022 10:52:54 test beginning...
2022-01-11 10:52:54,013 [19100] INFO: Jan 11 2022 10:52:54 test beginning...
2022-01-11 10:52:54,027 [19100] INFO: robot.rshd=2
2022-01-11 10:52:54,027 [19100] INFO: robot.rshd=2
2022-01-11 10:52:54,027 [19100] INFO: robot.rshd=2
2022-01-11 10:52:54,033 [19100] INFO: ip=192.168.1.100, port=8899
2022-01-11 10:52:54,033 [19100] INFO: ip=192.168.1.100, port=8899
2022-01-11 10:52:54,033 [19100] INFO: ip=192.168.1.100, port=8899
2022-01-11 10:53:08,299 [19100] INFO: ******************************disconnect1**********************
2022-01-11 10:53:08,299 [19100] INFO: ******************************disconnect1**********************
2022-01-11 10:53:08,299 [19100] INFO: ******************************disconnect1**********************
2022-01-11 10:55:05,675 [18500] INFO: Jan 11 2022 10:55:05 test beginning...
2022-01-11 10:55:05,689 [18500] INFO: robot.rshd=0
2022-01-11 10:55:05,689 [18500] INFO: ip=192.168.1.100, port=8899
2022-01-11 10:55:19,878 [18500] INFO: ******************************disconnect1**********************
2022-01-11 10:55:21,012 [18500] INFO: Jan 11 2022 10:55:21 test completed.
2022-01-11 10:55:21,013 [18500] INFO: client_count=0
2022-01-11 10:55:21,013 [18500] INFO: test completed
2022-01-11 10:55:21,014 [18500] INFO: ******************************test_number 2
2022-01-11 10:55:21,018 [18500] INFO: Jan 11 2022 10:55:21 test beginning...
2022-01-11 10:55:21,018 [18500] INFO: Jan 11 2022 10:55:21 test beginning...
2022-01-11 10:55:21,030 [18500] INFO: robot.rshd=1
2022-01-11 10:55:21,030 [18500] INFO: robot.rshd=1
2022-01-11 10:55:21,031 [18500] INFO: ip=192.168.1.100, port=8899
2022-01-11 10:55:21,031 [18500] INFO: ip=192.168.1.100, port=8899
2022-01-11 10:55:35,354 [18500] INFO: ******************************disconnect1**********************
2022-01-11 10:55:35,354 [18500] INFO: ******************************disconnect1**********************
2022-01-11 10:55:37,014 [18500] INFO: Jan 11 2022 10:55:37 test completed.
2022-01-11 10:55:37,014 [18500] INFO: Jan 11 2022 10:55:37 test completed.
2022-01-11 10:55:37,015 [18500] INFO: client_count=0
2022-01-11 10:55:37,015 [18500] INFO: client_count=0
2022-01-11 10:55:37,016 [18500] INFO: test completed
2022-01-11 10:55:37,016 [18500] INFO: test completed
2022-01-11 10:55:37,017 [18500] INFO: ******************************test_number 3
2022-01-11 10:55:37,017 [18500] INFO: ******************************test_number 3
2022-01-11 10:55:37,020 [18500] INFO: Jan 11 2022 10:55:37 test beginning...
2022-01-11 10:55:37,020 [18500] INFO: Jan 11 2022 10:55:37 test beginning...
2022-01-11 10:55:37,020 [18500] INFO: Jan 11 2022 10:55:37 test beginning...
2022-01-11 10:55:37,027 [18500] INFO: robot.rshd=2
2022-01-11 10:55:37,027 [18500] INFO: robot.rshd=2
2022-01-11 10:55:37,027 [18500] INFO: robot.rshd=2
2022-01-11 10:55:37,028 [18500] INFO: ip=192.168.1.100, port=8899
2022-01-11 10:55:37,028 [18500] INFO: ip=192.168.1.100, port=8899
2022-01-11 10:55:37,028 [18500] INFO: ip=192.168.1.100, port=8899
2022-01-11 10:55:51,260 [18500] INFO: ******************************disconnect1**********************
2022-01-11 10:55:51,260 [18500] INFO: ******************************disconnect1**********************
2022-01-11 10:55:51,260 [18500] INFO: ******************************disconnect1**********************
2022-01-11 10:55:53,007 [18500] INFO: Jan 11 2022 10:55:53 test completed.
2022-01-11 10:55:53,007 [18500] INFO: Jan 11 2022 10:55:53 test completed.
2022-01-11 10:55:53,007 [18500] INFO: Jan 11 2022 10:55:53 test completed.
2022-01-11 10:55:53,012 [18500] INFO: client_count=0
2022-01-11 10:55:53,012 [18500] INFO: client_count=0
2022-01-11 10:55:53,012 [18500] INFO: client_count=0
2022-01-11 10:55:53,015 [18500] INFO: test completed
2022-01-11 10:55:53,015 [18500] INFO: test completed
2022-01-11 10:55:53,015 [18500] INFO: test completed
2022-01-11 10:55:53,023 [18500] INFO: ******************************test_number 4
2022-01-11 10:55:53,023 [18500] INFO: ******************************test_number 4
2022-01-11 10:55:53,023 [18500] INFO: ******************************test_number 4
2022-01-11 10:55:53,031 [18500] INFO: Jan 11 2022 10:55:53 test beginning...
2022-01-11 10:55:53,031 [18500] INFO: Jan 11 2022 10:55:53 test beginning...
2022-01-11 10:55:53,031 [18500] INFO: Jan 11 2022 10:55:53 test beginning...
2022-01-11 10:55:53,031 [18500] INFO: Jan 11 2022 10:55:53 test beginning...
2022-01-11 10:55:53,049 [18500] INFO: robot.rshd=3
2022-01-11 10:55:53,049 [18500] INFO: robot.rshd=3
2022-01-11 10:55:53,049 [18500] INFO: robot.rshd=3
2022-01-11 10:55:53,049 [18500] INFO: robot.rshd=3
2022-01-11 10:55:53,056 [18500] INFO: ip=192.168.1.100, port=8899
2022-01-11 10:55:53,056 [18500] INFO: ip=192.168.1.100, port=8899
2022-01-11 10:55:53,056 [18500] INFO: ip=192.168.1.100, port=8899
2022-01-11 10:55:53,056 [18500] INFO: ip=192.168.1.100, port=8899
2022-01-11 10:56:07,337 [18500] INFO: ******************************disconnect1**********************
2022-01-11 10:56:07,337 [18500] INFO: ******************************disconnect1**********************
2022-01-11 10:56:07,337 [18500] INFO: ******************************disconnect1**********************
2022-01-11 10:56:07,337 [18500] INFO: ******************************disconnect1**********************
2022-01-11 10:56:09,015 [18500] INFO: Jan 11 2022 10:56:09 test completed.
2022-01-11 10:56:09,015 [18500] INFO: Jan 11 2022 10:56:09 test completed.
2022-01-11 10:56:09,015 [18500] INFO: Jan 11 2022 10:56:09 test completed.
2022-01-11 10:56:09,015 [18500] INFO: Jan 11 2022 10:56:09 test completed.
2022-01-11 10:56:09,016 [18500] INFO: client_count=0
2022-01-11 10:56:09,016 [18500] INFO: client_count=0
2022-01-11 10:56:09,016 [18500] INFO: client_count=0
2022-01-11 10:56:09,016 [18500] INFO: client_count=0
2022-01-11 10:56:09,017 [18500] INFO: test completed
2022-01-11 10:56:09,017 [18500] INFO: test completed
2022-01-11 10:56:09,017 [18500] INFO: test completed
2022-01-11 10:56:09,017 [18500] INFO: test completed
2022-01-11 10:56:09,022 [18500] INFO: ******************************test_number 5
2022-01-11 10:56:09,022 [18500] INFO: ******************************test_number 5
2022-01-11 10:56:09,022 [18500] INFO: ******************************test_number 5
2022-01-11 10:56:09,022 [18500] INFO: ******************************test_number 5
2022-01-11 10:56:09,029 [18500] INFO: Jan 11 2022 10:56:09 test beginning...
2022-01-11 10:56:09,029 [18500] INFO: Jan 11 2022 10:56:09 test beginning...
2022-01-11 10:56:09,029 [18500] INFO: Jan 11 2022 10:56:09 test beginning...
2022-01-11 10:56:09,029 [18500] INFO: Jan 11 2022 10:56:09 test beginning...
2022-01-11 10:56:09,029 [18500] INFO: Jan 11 2022 10:56:09 test beginning...
2022-01-11 10:56:09,043 [18500] INFO: robot.rshd=4
2022-01-11 10:56:09,043 [18500] INFO: robot.rshd=4
2022-01-11 10:56:09,043 [18500] INFO: robot.rshd=4
2022-01-11 10:56:09,043 [18500] INFO: robot.rshd=4
2022-01-11 10:56:09,043 [18500] INFO: robot.rshd=4
2022-01-11 10:56:09,047 [18500] INFO: ip=192.168.1.100, port=8899
2022-01-11 10:56:09,047 [18500] INFO: ip=192.168.1.100, port=8899
2022-01-11 10:56:09,047 [18500] INFO: ip=192.168.1.100, port=8899
2022-01-11 10:56:09,047 [18500] INFO: ip=192.168.1.100, port=8899
2022-01-11 10:56:09,047 [18500] INFO: ip=192.168.1.100, port=8899
2022-01-11 10:56:23,286 [18500] INFO: ******************************disconnect1**********************
2022-01-11 10:56:23,286 [18500] INFO: ******************************disconnect1**********************
2022-01-11 10:56:23,286 [18500] INFO: ******************************disconnect1**********************
2022-01-11 10:56:23,286 [18500] INFO: ******************************disconnect1**********************
2022-01-11 10:56:23,286 [18500] INFO: ******************************disconnect1**********************
2022-01-11 10:56:25,001 [18500] INFO: Jan 11 2022 10:56:25 test completed.
2022-01-11 10:56:25,001 [18500] INFO: Jan 11 2022 10:56:25 test completed.
2022-01-11 10:56:25,001 [18500] INFO: Jan 11 2022 10:56:25 test completed.
2022-01-11 10:56:25,001 [18500] INFO: Jan 11 2022 10:56:25 test completed.
2022-01-11 10:56:25,001 [18500] INFO: Jan 11 2022 10:56:25 test completed.
2022-01-11 10:56:25,003 [18500] INFO: client_count=0
2022-01-11 10:56:25,003 [18500] INFO: client_count=0
2022-01-11 10:56:25,003 [18500] INFO: client_count=0
2022-01-11 10:56:25,003 [18500] INFO: client_count=0
2022-01-11 10:56:25,003 [18500] INFO: client_count=0
2022-01-11 10:56:25,005 [18500] INFO: test completed
2022-01-11 10:56:25,005 [18500] INFO: test completed
2022-01-11 10:56:25,005 [18500] INFO: test completed
2022-01-11 10:56:25,005 [18500] INFO: test completed
2022-01-11 10:56:25,005 [18500] INFO: test completed
2022-01-11 10:56:25,010 [18500] INFO: ******************************test_number 6
2022-01-11 10:56:25,010 [18500] INFO: ******************************test_number 6
2022-01-11 10:56:25,010 [18500] INFO: ******************************test_number 6
2022-01-11 10:56:25,010 [18500] INFO: ******************************test_number 6
2022-01-11 10:56:25,010 [18500] INFO: ******************************test_number 6
2022-01-11 10:56:25,016 [18500] INFO: Jan 11 2022 10:56:25 test beginning...
2022-01-11 10:56:25,016 [18500] INFO: Jan 11 2022 10:56:25 test beginning...
2022-01-11 10:56:25,016 [18500] INFO: Jan 11 2022 10:56:25 test beginning...
2022-01-11 10:56:25,016 [18500] INFO: Jan 11 2022 10:56:25 test beginning...
2022-01-11 10:56:25,016 [18500] INFO: Jan 11 2022 10:56:25 test beginning...
2022-01-11 10:56:25,016 [18500] INFO: Jan 11 2022 10:56:25 test beginning...
2022-01-11 10:56:25,029 [18500] INFO: robot.rshd=5
2022-01-11 10:56:25,029 [18500] INFO: robot.rshd=5
2022-01-11 10:56:25,029 [18500] INFO: robot.rshd=5
2022-01-11 10:56:25,029 [18500] INFO: robot.rshd=5
2022-01-11 10:56:25,029 [18500] INFO: robot.rshd=5
2022-01-11 10:56:25,029 [18500] INFO: robot.rshd=5
2022-01-11 10:56:25,035 [18500] INFO: ip=192.168.1.100, port=8899
2022-01-11 10:56:25,035 [18500] INFO: ip=192.168.1.100, port=8899
2022-01-11 10:56:25,035 [18500] INFO: ip=192.168.1.100, port=8899
2022-01-11 10:56:25,035 [18500] INFO: ip=192.168.1.100, port=8899
2022-01-11 10:56:25,035 [18500] INFO: ip=192.168.1.100, port=8899
2022-01-11 10:56:25,035 [18500] INFO: ip=192.168.1.100, port=8899
2022-01-11 10:56:39,328 [18500] INFO: ******************************disconnect1**********************
2022-01-11 10:56:39,328 [18500] INFO: ******************************disconnect1**********************
2022-01-11 10:56:39,328 [18500] INFO: ******************************disconnect1**********************
2022-01-11 10:56:39,328 [18500] INFO: ******************************disconnect1**********************
2022-01-11 10:56:39,328 [18500] INFO: ******************************disconnect1**********************
2022-01-11 10:56:39,328 [18500] INFO: ******************************disconnect1**********************
2022-01-11 10:56:41,012 [18500] INFO: Jan 11 2022 10:56:41 test completed.
2022-01-11 10:56:41,012 [18500] INFO: Jan 11 2022 10:56:41 test completed.
2022-01-11 10:56:41,012 [18500] INFO: Jan 11 2022 10:56:41 test completed.
2022-01-11 10:56:41,012 [18500] INFO: Jan 11 2022 10:56:41 test completed.
2022-01-11 10:56:41,012 [18500] INFO: Jan 11 2022 10:56:41 test completed.
2022-01-11 10:56:41,012 [18500] INFO: Jan 11 2022 10:56:41 test completed.
2022-01-11 10:56:41,016 [18500] INFO: client_count=0
2022-01-11 10:56:41,016 [18500] INFO: client_count=0
2022-01-11 10:56:41,016 [18500] INFO: client_count=0
2022-01-11 10:56:41,016 [18500] INFO: client_count=0
2022-01-11 10:56:41,016 [18500] INFO: client_count=0
2022-01-11 10:56:41,016 [18500] INFO: client_count=0
2022-01-11 10:56:41,020 [18500] INFO: test completed
2022-01-11 10:56:41,020 [18500] INFO: test completed
2022-01-11 10:56:41,020 [18500] INFO: test completed
2022-01-11 10:56:41,020 [18500] INFO: test completed
2022-01-11 10:56:41,020 [18500] INFO: test completed
2022-01-11 10:56:41,020 [18500] INFO: test completed
2022-01-11 10:56:41,023 [18500] INFO: ******************************test_number 7
2022-01-11 10:56:41,023 [18500] INFO: ******************************test_number 7
2022-01-11 10:56:41,023 [18500] INFO: ******************************test_number 7
2022-01-11 10:56:41,023 [18500] INFO: ******************************test_number 7
2022-01-11 10:56:41,023 [18500] INFO: ******************************test_number 7
2022-01-11 10:56:41,023 [18500] INFO: ******************************test_number 7
2022-01-11 10:56:41,030 [18500] INFO: Jan 11 2022 10:56:41 test beginning...
2022-01-11 10:56:41,030 [18500] INFO: Jan 11 2022 10:56:41 test beginning...
2022-01-11 10:56:41,030 [18500] INFO: Jan 11 2022 10:56:41 test beginning...
2022-01-11 10:56:41,030 [18500] INFO: Jan 11 2022 10:56:41 test beginning...
2022-01-11 10:56:41,030 [18500] INFO: Jan 11 2022 10:56:41 test beginning...
2022-01-11 10:56:41,030 [18500] INFO: Jan 11 2022 10:56:41 test beginning...
2022-01-11 10:56:41,030 [18500] INFO: Jan 11 2022 10:56:41 test beginning...
2022-01-11 10:56:41,053 [18500] INFO: robot.rshd=6
2022-01-11 10:56:41,053 [18500] INFO: robot.rshd=6
2022-01-11 10:56:41,053 [18500] INFO: robot.rshd=6
2022-01-11 10:56:41,053 [18500] INFO: robot.rshd=6
2022-01-11 10:56:41,053 [18500] INFO: robot.rshd=6
2022-01-11 10:56:41,053 [18500] INFO: robot.rshd=6
2022-01-11 10:56:41,053 [18500] INFO: robot.rshd=6
2022-01-11 10:56:41,060 [18500] INFO: ip=192.168.1.100, port=8899
2022-01-11 10:56:41,060 [18500] INFO: ip=192.168.1.100, port=8899
2022-01-11 10:56:41,060 [18500] INFO: ip=192.168.1.100, port=8899
2022-01-11 10:56:41,060 [18500] INFO: ip=192.168.1.100, port=8899
2022-01-11 10:56:41,060 [18500] INFO: ip=192.168.1.100, port=8899
2022-01-11 10:56:41,060 [18500] INFO: ip=192.168.1.100, port=8899
2022-01-11 10:56:41,060 [18500] INFO: ip=192.168.1.100, port=8899
2022-01-11 10:56:55,331 [18500] INFO: ******************************disconnect1**********************
2022-01-11 10:56:55,331 [18500] INFO: ******************************disconnect1**********************
2022-01-11 10:56:55,331 [18500] INFO: ******************************disconnect1**********************
2022-01-11 10:56:55,331 [18500] INFO: ******************************disconnect1**********************
2022-01-11 10:56:55,331 [18500] INFO: ******************************disconnect1**********************
2022-01-11 10:56:55,331 [18500] INFO: ******************************disconnect1**********************
2022-01-11 10:56:55,331 [18500] INFO: ******************************disconnect1**********************
2022-01-11 11:04:18,015 [21092] INFO: Jan 11 2022 11:04:18 test beginning...
2022-01-11 11:04:18,027 [21092] INFO: robot.rshd=0
2022-01-11 11:04:18,028 [21092] INFO: ip=192.168.1.100, port=8899
2022-01-11 11:04:27,527 [21092] INFO: ******************************disconnect1**********************
2022-01-11 11:04:28,009 [21092] INFO: Jan 11 2022 11:04:28 test completed.
2022-01-11 11:04:28,010 [21092] INFO: client_count=0
2022-01-11 11:04:28,010 [21092] INFO: test completed
2022-01-11 11:04:28,011 [21092] INFO: ******************************test_number 2
2022-01-11 11:04:28,014 [21092] INFO: Jan 11 2022 11:04:28 test beginning...
2022-01-11 11:04:28,014 [21092] INFO: Jan 11 2022 11:04:28 test beginning...
2022-01-11 11:04:28,032 [21092] INFO: robot.rshd=1
2022-01-11 11:04:28,032 [21092] INFO: robot.rshd=1
2022-01-11 11:04:28,034 [21092] INFO: ip=192.168.1.100, port=8899
2022-01-11 11:04:28,034 [21092] INFO: ip=192.168.1.100, port=8899
2022-01-11 11:04:37,518 [21092] INFO: ******************************disconnect1**********************
2022-01-11 11:04:37,518 [21092] INFO: ******************************disconnect1**********************
2022-01-11 11:04:38,000 [21092] INFO: Jan 11 2022 11:04:38 test completed.
2022-01-11 11:04:38,000 [21092] INFO: Jan 11 2022 11:04:38 test completed.
2022-01-11 11:04:38,002 [21092] INFO: client_count=0
2022-01-11 11:04:38,002 [21092] INFO: client_count=0
2022-01-11 11:04:38,004 [21092] INFO: test completed
2022-01-11 11:04:38,004 [21092] INFO: test completed
2022-01-11 11:04:38,005 [21092] INFO: ******************************test_number 3
2022-01-11 11:04:38,005 [21092] INFO: ******************************test_number 3
2022-01-11 11:04:38,009 [21092] INFO: Jan 11 2022 11:04:38 test beginning...
2022-01-11 11:04:38,009 [21092] INFO: Jan 11 2022 11:04:38 test beginning...
2022-01-11 11:04:38,009 [21092] INFO: Jan 11 2022 11:04:38 test beginning...
2022-01-11 11:04:38,030 [21092] INFO: robot.rshd=2
2022-01-11 11:04:38,030 [21092] INFO: robot.rshd=2
2022-01-11 11:04:38,030 [21092] INFO: robot.rshd=2
2022-01-11 11:04:38,034 [21092] INFO: ip=192.168.1.100, port=8899
2022-01-11 11:04:38,034 [21092] INFO: ip=192.168.1.100, port=8899
2022-01-11 11:04:38,034 [21092] INFO: ip=192.168.1.100, port=8899
2022-01-11 11:04:47,485 [21092] INFO: ******************************disconnect1**********************
2022-01-11 11:04:47,485 [21092] INFO: ******************************disconnect1**********************
2022-01-11 11:04:47,485 [21092] INFO: ******************************disconnect1**********************
2022-01-11 11:04:48,015 [21092] INFO: Jan 11 2022 11:04:48 test completed.
2022-01-11 11:04:48,015 [21092] INFO: Jan 11 2022 11:04:48 test completed.
2022-01-11 11:04:48,015 [21092] INFO: Jan 11 2022 11:04:48 test completed.
2022-01-11 11:04:48,016 [21092] INFO: client_count=0
2022-01-11 11:04:48,016 [21092] INFO: client_count=0
2022-01-11 11:04:48,016 [21092] INFO: client_count=0
2022-01-11 11:04:48,017 [21092] INFO: test completed
2022-01-11 11:04:48,017 [21092] INFO: test completed
2022-01-11 11:04:48,017 [21092] INFO: test completed
2022-01-11 11:04:48,019 [21092] INFO: ******************************test_number 4
2022-01-11 11:04:48,019 [21092] INFO: ******************************test_number 4
2022-01-11 11:04:48,019 [21092] INFO: ******************************test_number 4
2022-01-11 11:04:48,023 [21092] INFO: Jan 11 2022 11:04:48 test beginning...
2022-01-11 11:04:48,023 [21092] INFO: Jan 11 2022 11:04:48 test beginning...
2022-01-11 11:04:48,023 [21092] INFO: Jan 11 2022 11:04:48 test beginning...
2022-01-11 11:04:48,023 [21092] INFO: Jan 11 2022 11:04:48 test beginning...
2022-01-11 11:04:48,039 [21092] INFO: robot.rshd=3
2022-01-11 11:04:48,039 [21092] INFO: robot.rshd=3
2022-01-11 11:04:48,039 [21092] INFO: robot.rshd=3
2022-01-11 11:04:48,039 [21092] INFO: robot.rshd=3
2022-01-11 11:04:48,044 [21092] INFO: ip=192.168.1.100, port=8899
2022-01-11 11:04:48,044 [21092] INFO: ip=192.168.1.100, port=8899
2022-01-11 11:04:48,044 [21092] INFO: ip=192.168.1.100, port=8899
2022-01-11 11:04:48,044 [21092] INFO: ip=192.168.1.100, port=8899
2022-01-11 11:04:57,592 [21092] INFO: ******************************disconnect1**********************
2022-01-11 11:04:57,592 [21092] INFO: ******************************disconnect1**********************
2022-01-11 11:04:57,592 [21092] INFO: ******************************disconnect1**********************
2022-01-11 11:04:57,592 [21092] INFO: ******************************disconnect1**********************
2022-01-11 11:04:58,015 [21092] INFO: Jan 11 2022 11:04:58 test completed.
2022-01-11 11:04:58,015 [21092] INFO: Jan 11 2022 11:04:58 test completed.
2022-01-11 11:04:58,015 [21092] INFO: Jan 11 2022 11:04:58 test completed.
2022-01-11 11:04:58,015 [21092] INFO: Jan 11 2022 11:04:58 test completed.
2022-01-11 11:04:58,017 [21092] INFO: client_count=0
2022-01-11 11:04:58,017 [21092] INFO: client_count=0
2022-01-11 11:04:58,017 [21092] INFO: client_count=0
2022-01-11 11:04:58,017 [21092] INFO: client_count=0
2022-01-11 11:04:58,021 [21092] INFO: test completed
2022-01-11 11:04:58,021 [21092] INFO: test completed
2022-01-11 11:04:58,021 [21092] INFO: test completed
2022-01-11 11:04:58,021 [21092] INFO: test completed
2022-01-11 11:04:58,023 [21092] INFO: ******************************test_number 5
2022-01-11 11:04:58,023 [21092] INFO: ******************************test_number 5
2022-01-11 11:04:58,023 [21092] INFO: ******************************test_number 5
2022-01-11 11:04:58,023 [21092] INFO: ******************************test_number 5
2022-01-11 11:04:58,028 [21092] INFO: Jan 11 2022 11:04:58 test beginning...
2022-01-11 11:04:58,028 [21092] INFO: Jan 11 2022 11:04:58 test beginning...
2022-01-11 11:04:58,028 [21092] INFO: Jan 11 2022 11:04:58 test beginning...
2022-01-11 11:04:58,028 [21092] INFO: Jan 11 2022 11:04:58 test beginning...
2022-01-11 11:04:58,028 [21092] INFO: Jan 11 2022 11:04:58 test beginning...
2022-01-11 11:04:58,048 [21092] INFO: robot.rshd=4
2022-01-11 11:04:58,048 [21092] INFO: robot.rshd=4
2022-01-11 11:04:58,048 [21092] INFO: robot.rshd=4
2022-01-11 11:04:58,048 [21092] INFO: robot.rshd=4
2022-01-11 11:04:58,048 [21092] INFO: robot.rshd=4
2022-01-11 11:04:58,052 [21092] INFO: ip=192.168.1.100, port=8899
2022-01-11 11:04:58,052 [21092] INFO: ip=192.168.1.100, port=8899
2022-01-11 11:04:58,052 [21092] INFO: ip=192.168.1.100, port=8899
2022-01-11 11:04:58,052 [21092] INFO: ip=192.168.1.100, port=8899
2022-01-11 11:04:58,052 [21092] INFO: ip=192.168.1.100, port=8899
2022-01-11 11:05:07,535 [21092] INFO: ******************************disconnect1**********************
2022-01-11 11:05:07,535 [21092] INFO: ******************************disconnect1**********************
2022-01-11 11:05:07,535 [21092] INFO: ******************************disconnect1**********************
2022-01-11 11:05:07,535 [21092] INFO: ******************************disconnect1**********************
2022-01-11 11:05:07,535 [21092] INFO: ******************************disconnect1**********************
2022-01-11 11:05:08,003 [21092] INFO: Jan 11 2022 11:05:08 test completed.
2022-01-11 11:05:08,003 [21092] INFO: Jan 11 2022 11:05:08 test completed.
2022-01-11 11:05:08,003 [21092] INFO: Jan 11 2022 11:05:08 test completed.
2022-01-11 11:05:08,003 [21092] INFO: Jan 11 2022 11:05:08 test completed.
2022-01-11 11:05:08,003 [21092] INFO: Jan 11 2022 11:05:08 test completed.
2022-01-11 11:05:08,005 [21092] INFO: client_count=0
2022-01-11 11:05:08,005 [21092] INFO: client_count=0
2022-01-11 11:05:08,005 [21092] INFO: client_count=0
2022-01-11 11:05:08,005 [21092] INFO: client_count=0
2022-01-11 11:05:08,005 [21092] INFO: client_count=0
2022-01-11 11:05:08,007 [21092] INFO: test completed
2022-01-11 11:05:08,007 [21092] INFO: test completed
2022-01-11 11:05:08,007 [21092] INFO: test completed
2022-01-11 11:05:08,007 [21092] INFO: test completed
2022-01-11 11:05:08,007 [21092] INFO: test completed
2022-01-11 11:05:08,010 [21092] INFO: ******************************test_number 6
2022-01-11 11:05:08,010 [21092] INFO: ******************************test_number 6
2022-01-11 11:05:08,010 [21092] INFO: ******************************test_number 6
2022-01-11 11:05:08,010 [21092] INFO: ******************************test_number 6
2022-01-11 11:05:08,010 [21092] INFO: ******************************test_number 6
2022-01-11 11:05:08,013 [21092] INFO: Jan 11 2022 11:05:08 test beginning...
2022-01-11 11:05:08,013 [21092] INFO: Jan 11 2022 11:05:08 test beginning...
2022-01-11 11:05:08,013 [21092] INFO: Jan 11 2022 11:05:08 test beginning...
2022-01-11 11:05:08,013 [21092] INFO: Jan 11 2022 11:05:08 test beginning...
2022-01-11 11:05:08,013 [21092] INFO: Jan 11 2022 11:05:08 test beginning...
2022-01-11 11:05:08,013 [21092] INFO: Jan 11 2022 11:05:08 test beginning...
2022-01-11 11:05:08,031 [21092] INFO: robot.rshd=5
2022-01-11 11:05:08,031 [21092] INFO: robot.rshd=5
2022-01-11 11:05:08,031 [21092] INFO: robot.rshd=5
2022-01-11 11:05:08,031 [21092] INFO: robot.rshd=5
2022-01-11 11:05:08,031 [21092] INFO: robot.rshd=5
2022-01-11 11:05:08,031 [21092] INFO: robot.rshd=5
2022-01-11 11:05:08,038 [21092] INFO: ip=192.168.1.100, port=8899
2022-01-11 11:05:08,038 [21092] INFO: ip=192.168.1.100, port=8899
2022-01-11 11:05:08,038 [21092] INFO: ip=192.168.1.100, port=8899
2022-01-11 11:05:08,038 [21092] INFO: ip=192.168.1.100, port=8899
2022-01-11 11:05:08,038 [21092] INFO: ip=192.168.1.100, port=8899
2022-01-11 11:05:08,038 [21092] INFO: ip=192.168.1.100, port=8899
2022-01-11 11:05:17,559 [21092] INFO: ******************************disconnect1**********************
2022-01-11 11:05:17,559 [21092] INFO: ******************************disconnect1**********************
2022-01-11 11:05:17,559 [21092] INFO: ******************************disconnect1**********************
2022-01-11 11:05:17,559 [21092] INFO: ******************************disconnect1**********************
2022-01-11 11:05:17,559 [21092] INFO: ******************************disconnect1**********************
2022-01-11 11:05:17,559 [21092] INFO: ******************************disconnect1**********************
2022-01-11 11:05:18,015 [21092] INFO: Jan 11 2022 11:05:18 test completed.
2022-01-11 11:05:18,015 [21092] INFO: Jan 11 2022 11:05:18 test completed.
2022-01-11 11:05:18,015 [21092] INFO: Jan 11 2022 11:05:18 test completed.
2022-01-11 11:05:18,015 [21092] INFO: Jan 11 2022 11:05:18 test completed.
2022-01-11 11:05:18,015 [21092] INFO: Jan 11 2022 11:05:18 test completed.
2022-01-11 11:05:18,015 [21092] INFO: Jan 11 2022 11:05:18 test completed.
2022-01-11 11:05:18,018 [21092] INFO: client_count=0
2022-01-11 11:05:18,018 [21092] INFO: client_count=0
2022-01-11 11:05:18,018 [21092] INFO: client_count=0
2022-01-11 11:05:18,018 [21092] INFO: client_count=0
2022-01-11 11:05:18,018 [21092] INFO: client_count=0
2022-01-11 11:05:18,018 [21092] INFO: client_count=0
2022-01-11 11:05:18,022 [21092] INFO: test completed
2022-01-11 11:05:18,022 [21092] INFO: test completed
2022-01-11 11:05:18,022 [21092] INFO: test completed
2022-01-11 11:05:18,022 [21092] INFO: test completed
2022-01-11 11:05:18,022 [21092] INFO: test completed
2022-01-11 11:05:18,022 [21092] INFO: test completed
2022-01-11 11:05:18,024 [21092] INFO: ******************************test_number 7
2022-01-11 11:05:18,024 [21092] INFO: ******************************test_number 7
2022-01-11 11:05:18,024 [21092] INFO: ******************************test_number 7
2022-01-11 11:05:18,024 [21092] INFO: ******************************test_number 7
2022-01-11 11:05:18,024 [21092] INFO: ******************************test_number 7
2022-01-11 11:05:18,024 [21092] INFO: ******************************test_number 7
2022-01-11 11:05:18,032 [21092] INFO: Jan 11 2022 11:05:18 test beginning...
2022-01-11 11:05:18,032 [21092] INFO: Jan 11 2022 11:05:18 test beginning...
2022-01-11 11:05:18,032 [21092] INFO: Jan 11 2022 11:05:18 test beginning...
2022-01-11 11:05:18,032 [21092] INFO: Jan 11 2022 11:05:18 test beginning...
2022-01-11 11:05:18,032 [21092] INFO: Jan 11 2022 11:05:18 test beginning...
2022-01-11 11:05:18,032 [21092] INFO: Jan 11 2022 11:05:18 test beginning...
2022-01-11 11:05:18,032 [21092] INFO: Jan 11 2022 11:05:18 test beginning...
2022-01-11 11:05:18,048 [21092] INFO: robot.rshd=6
2022-01-11 11:05:18,048 [21092] INFO: robot.rshd=6
2022-01-11 11:05:18,048 [21092] INFO: robot.rshd=6
2022-01-11 11:05:18,048 [21092] INFO: robot.rshd=6
2022-01-11 11:05:18,048 [21092] INFO: robot.rshd=6
2022-01-11 11:05:18,048 [21092] INFO: robot.rshd=6
2022-01-11 11:05:18,048 [21092] INFO: robot.rshd=6
2022-01-11 11:05:18,061 [21092] INFO: ip=192.168.1.100, port=8899
2022-01-11 11:05:18,061 [21092] INFO: ip=192.168.1.100, port=8899
2022-01-11 11:05:18,061 [21092] INFO: ip=192.168.1.100, port=8899
2022-01-11 11:05:18,061 [21092] INFO: ip=192.168.1.100, port=8899
2022-01-11 11:05:18,061 [21092] INFO: ip=192.168.1.100, port=8899
2022-01-11 11:05:18,061 [21092] INFO: ip=192.168.1.100, port=8899
2022-01-11 11:05:18,061 [21092] INFO: ip=192.168.1.100, port=8899
2022-01-11 11:05:27,556 [21092] INFO: ******************************disconnect1**********************
2022-01-11 11:05:27,556 [21092] INFO: ******************************disconnect1**********************
2022-01-11 11:05:27,556 [21092] INFO: ******************************disconnect1**********************
2022-01-11 11:05:27,556 [21092] INFO: ******************************disconnect1**********************
2022-01-11 11:05:27,556 [21092] INFO: ******************************disconnect1**********************
2022-01-11 11:05:27,556 [21092] INFO: ******************************disconnect1**********************
2022-01-11 11:05:27,556 [21092] INFO: ******************************disconnect1**********************
2022-01-11 11:05:28,004 [21092] INFO: Jan 11 2022 11:05:28 test completed.
2022-01-11 11:05:28,004 [21092] INFO: Jan 11 2022 11:05:28 test completed.
2022-01-11 11:05:28,004 [21092] INFO: Jan 11 2022 11:05:28 test completed.
2022-01-11 11:05:28,004 [21092] INFO: Jan 11 2022 11:05:28 test completed.
2022-01-11 11:05:28,004 [21092] INFO: Jan 11 2022 11:05:28 test completed.
2022-01-11 11:05:28,004 [21092] INFO: Jan 11 2022 11:05:28 test completed.
2022-01-11 11:05:28,004 [21092] INFO: Jan 11 2022 11:05:28 test completed.
2022-01-11 11:05:28,011 [21092] INFO: client_count=0
2022-01-11 11:05:28,011 [21092] INFO: client_count=0
2022-01-11 11:05:28,011 [21092] INFO: client_count=0
2022-01-11 11:05:28,011 [21092] INFO: client_count=0
2022-01-11 11:05:28,011 [21092] INFO: client_count=0
2022-01-11 11:05:28,011 [21092] INFO: client_count=0
2022-01-11 11:05:28,011 [21092] INFO: client_count=0
2022-01-11 11:05:28,016 [21092] INFO: test completed
2022-01-11 11:05:28,016 [21092] INFO: test completed
2022-01-11 11:05:28,016 [21092] INFO: test completed
2022-01-11 11:05:28,016 [21092] INFO: test completed
2022-01-11 11:05:28,016 [21092] INFO: test completed
2022-01-11 11:05:28,016 [21092] INFO: test completed
2022-01-11 11:05:28,016 [21092] INFO: test completed
2022-01-11 11:05:28,031 [21092] INFO: ******************************test_number 8
2022-01-11 11:05:28,031 [21092] INFO: ******************************test_number 8
2022-01-11 11:05:28,031 [21092] INFO: ******************************test_number 8
2022-01-11 11:05:28,031 [21092] INFO: ******************************test_number 8
2022-01-11 11:05:28,031 [21092] INFO: ******************************test_number 8
2022-01-11 11:05:28,031 [21092] INFO: ******************************test_number 8
2022-01-11 11:05:28,031 [21092] INFO: ******************************test_number 8
2022-01-11 11:05:28,053 [21092] INFO: Jan 11 2022 11:05:28 test beginning...
2022-01-11 11:05:28,053 [21092] INFO: Jan 11 2022 11:05:28 test beginning...
2022-01-11 11:05:28,053 [21092] INFO: Jan 11 2022 11:05:28 test beginning...
2022-01-11 11:05:28,053 [21092] INFO: Jan 11 2022 11:05:28 test beginning...
2022-01-11 11:05:28,053 [21092] INFO: Jan 11 2022 11:05:28 test beginning...
2022-01-11 11:05:28,053 [21092] INFO: Jan 11 2022 11:05:28 test beginning...
2022-01-11 11:05:28,053 [21092] INFO: Jan 11 2022 11:05:28 test beginning...
2022-01-11 11:05:28,053 [21092] INFO: Jan 11 2022 11:05:28 test beginning...
2022-01-11 11:05:28,078 [21092] INFO: robot.rshd=7
2022-01-11 11:05:28,078 [21092] INFO: robot.rshd=7
2022-01-11 11:05:28,078 [21092] INFO: robot.rshd=7
2022-01-11 11:05:28,078 [21092] INFO: robot.rshd=7
2022-01-11 11:05:28,078 [21092] INFO: robot.rshd=7
2022-01-11 11:05:28,078 [21092] INFO: robot.rshd=7
2022-01-11 11:05:28,078 [21092] INFO: robot.rshd=7
2022-01-11 11:05:28,078 [21092] INFO: robot.rshd=7
2022-01-11 11:05:28,097 [21092] INFO: ip=192.168.1.100, port=8899
2022-01-11 11:05:28,097 [21092] INFO: ip=192.168.1.100, port=8899
2022-01-11 11:05:28,097 [21092] INFO: ip=192.168.1.100, port=8899
2022-01-11 11:05:28,097 [21092] INFO: ip=192.168.1.100, port=8899
2022-01-11 11:05:28,097 [21092] INFO: ip=192.168.1.100, port=8899
2022-01-11 11:05:28,097 [21092] INFO: ip=192.168.1.100, port=8899
2022-01-11 11:05:28,097 [21092] INFO: ip=192.168.1.100, port=8899
2022-01-11 11:05:28,097 [21092] INFO: ip=192.168.1.100, port=8899
2022-01-11 11:05:37,656 [21092] INFO: ******************************disconnect1**********************
2022-01-11 11:05:37,656 [21092] INFO: ******************************disconnect1**********************
2022-01-11 11:05:37,656 [21092] INFO: ******************************disconnect1**********************
2022-01-11 11:05:37,656 [21092] INFO: ******************************disconnect1**********************
2022-01-11 11:05:37,656 [21092] INFO: ******************************disconnect1**********************
2022-01-11 11:05:37,656 [21092] INFO: ******************************disconnect1**********************
2022-01-11 11:05:37,656 [21092] INFO: ******************************disconnect1**********************
2022-01-11 11:05:37,656 [21092] INFO: ******************************disconnect1**********************
2022-01-11 11:05:38,007 [21092] INFO: Jan 11 2022 11:05:38 test completed.
2022-01-11 11:05:38,007 [21092] INFO: Jan 11 2022 11:05:38 test completed.
2022-01-11 11:05:38,007 [21092] INFO: Jan 11 2022 11:05:38 test completed.
2022-01-11 11:05:38,007 [21092] INFO: Jan 11 2022 11:05:38 test completed.
2022-01-11 11:05:38,007 [21092] INFO: Jan 11 2022 11:05:38 test completed.
2022-01-11 11:05:38,007 [21092] INFO: Jan 11 2022 11:05:38 test completed.
2022-01-11 11:05:38,007 [21092] INFO: Jan 11 2022 11:05:38 test completed.
2022-01-11 11:05:38,007 [21092] INFO: Jan 11 2022 11:05:38 test completed.
2022-01-11 11:05:38,011 [21092] INFO: client_count=0
2022-01-11 11:05:38,011 [21092] INFO: client_count=0
2022-01-11 11:05:38,011 [21092] INFO: client_count=0
2022-01-11 11:05:38,011 [21092] INFO: client_count=0
2022-01-11 11:05:38,011 [21092] INFO: client_count=0
2022-01-11 11:05:38,011 [21092] INFO: client_count=0
2022-01-11 11:05:38,011 [21092] INFO: client_count=0
2022-01-11 11:05:38,011 [21092] INFO: client_count=0
2022-01-11 11:05:38,016 [21092] INFO: test completed
2022-01-11 11:05:38,016 [21092] INFO: test completed
2022-01-11 11:05:38,016 [21092] INFO: test completed
2022-01-11 11:05:38,016 [21092] INFO: test completed
2022-01-11 11:05:38,016 [21092] INFO: test completed
2022-01-11 11:05:38,016 [21092] INFO: test completed
2022-01-11 11:05:38,016 [21092] INFO: test completed
2022-01-11 11:05:38,016 [21092] INFO: test completed
2022-01-11 11:05:38,020 [21092] INFO: ******************************test_number 9
2022-01-11 11:05:38,020 [21092] INFO: ******************************test_number 9
2022-01-11 11:05:38,020 [21092] INFO: ******************************test_number 9
2022-01-11 11:05:38,020 [21092] INFO: ******************************test_number 9
2022-01-11 11:05:38,020 [21092] INFO: ******************************test_number 9
2022-01-11 11:05:38,020 [21092] INFO: ******************************test_number 9
2022-01-11 11:05:38,020 [21092] INFO: ******************************test_number 9
2022-01-11 11:05:38,020 [21092] INFO: ******************************test_number 9
2022-01-11 11:05:38,029 [21092] INFO: Jan 11 2022 11:05:38 test beginning...
2022-01-11 11:05:38,029 [21092] INFO: Jan 11 2022 11:05:38 test beginning...
2022-01-11 11:05:38,029 [21092] INFO: Jan 11 2022 11:05:38 test beginning...
2022-01-11 11:05:38,029 [21092] INFO: Jan 11 2022 11:05:38 test beginning...
2022-01-11 11:05:38,029 [21092] INFO: Jan 11 2022 11:05:38 test beginning...
2022-01-11 11:05:38,029 [21092] INFO: Jan 11 2022 11:05:38 test beginning...
2022-01-11 11:05:38,029 [21092] INFO: Jan 11 2022 11:05:38 test beginning...
2022-01-11 11:05:38,029 [21092] INFO: Jan 11 2022 11:05:38 test beginning...
2022-01-11 11:05:38,029 [21092] INFO: Jan 11 2022 11:05:38 test beginning...
2022-01-11 11:05:38,048 [21092] INFO: robot.rshd=8
2022-01-11 11:05:38,048 [21092] INFO: robot.rshd=8
2022-01-11 11:05:38,048 [21092] INFO: robot.rshd=8
2022-01-11 11:05:38,048 [21092] INFO: robot.rshd=8
2022-01-11 11:05:38,048 [21092] INFO: robot.rshd=8
2022-01-11 11:05:38,048 [21092] INFO: robot.rshd=8
2022-01-11 11:05:38,048 [21092] INFO: robot.rshd=8
2022-01-11 11:05:38,048 [21092] INFO: robot.rshd=8
2022-01-11 11:05:38,048 [21092] INFO: robot.rshd=8
2022-01-11 11:05:38,055 [21092] INFO: ip=192.168.1.100, port=8899
2022-01-11 11:05:38,055 [21092] INFO: ip=192.168.1.100, port=8899
2022-01-11 11:05:38,055 [21092] INFO: ip=192.168.1.100, port=8899
2022-01-11 11:05:38,055 [21092] INFO: ip=192.168.1.100, port=8899
2022-01-11 11:05:38,055 [21092] INFO: ip=192.168.1.100, port=8899
2022-01-11 11:05:38,055 [21092] INFO: ip=192.168.1.100, port=8899
2022-01-11 11:05:38,055 [21092] INFO: ip=192.168.1.100, port=8899
2022-01-11 11:05:38,055 [21092] INFO: ip=192.168.1.100, port=8899
2022-01-11 11:05:38,055 [21092] INFO: ip=192.168.1.100, port=8899
2022-01-11 11:11:59,144 [12892] INFO: Jan 11 2022 11:11:59 test beginning...
2022-01-11 11:11:59,159 [12892] INFO: ip=192.168.1.100, port=8899
2022-01-11 11:19:55,637 [12892] INFO: ******************************disconnect1**********************
2022-01-11 11:27:53,291 [21764] INFO: Jan 11 2022 11:27:53 test beginning...
2022-01-11 11:27:53,306 [21764] INFO: robot.rshd=0
2022-01-11 11:27:53,306 [21764] INFO: ip=192.168.1.100, port=8899
2022-01-11 11:27:57,665 [21764] INFO: joint_status={'joint1': {'current': -98, 'voltage': 48.31999969482422, 'temperature': 30.899999618530273}, 'joint2': {'current': 225, 'voltage': 48.709999084472656, 'temperature': 27.799999237060547}, 'joint3': {'current': -254, 'voltage': 48.279998779296875, 'temperature': 30.899999618530273}, 'joint4': {'current': 99, 'voltage': 48.06999969482422, 'temperature': 37.29999923706055}, 'joint5': {'current': -69, 'voltage': 47.959999084472656, 'temperature': 38.79999923706055}, 'joint6': {'current': 62, 'voltage': 48.099998474121094, 'temperature': 39.70000076293945}}
2022-01-11 11:27:57,666 [21764] INFO: move joint to (0.541678, 0.225068, -0.948709, 0.397018, -1.5708, 0.541673)
2022-01-11 11:27:59,997 [21764] INFO: [1.5, 1.5, 1.5, 1.5, 1.5, 1.5]
2022-01-11 11:27:59,997 [21764] INFO: {'joint': [-3e-06, -0.127267, -1.321122, 0.376934, -1.570796, -8e-06], 'ori': [0.0019035388451642714, -0.7068867143164567, 0.7073205840617013, -0.0022673829325723237], 'pos': [-0.40248403904136104, -0.1202838765748893, 0.5489983883741528]}
2022-01-11 11:27:59,999 [21764] INFO: {'joint': [-5.057375646344044e-06, -0.12729901693319598, -1.321183866313307, 0.3769043641543926, -1.5707931332811875, -9.364330070719875e-06], 'ori': [0.0019035388451642714, -0.7068867143164567, 0.7073205840617013, -0.0022673829325723237], 'pos': [-0.40248403904136104, -0.1202838765748893, 0.5489983883741528]}
2022-01-11 11:28:00,000 [21764] INFO: move joint to (0.0, 0.0, 0.0, 0.0, 0.0, 0.0)
2022-01-11 11:28:02,353 [21764] INFO: joint_status={'joint1': {'current': -1656, 'voltage': 48.31999969482422, 'temperature': 30.899999618530273}, 'joint2': {'current': 2360, 'voltage': 48.720001220703125, 'temperature': 27.799999237060547}, 'joint3': {'current': -1341, 'voltage': 48.290000915527344, 'temperature': 30.899999618530273}, 'joint4': {'current': 331, 'voltage': 48.06999969482422, 'temperature': 37.29999923706055}, 'joint5': {'current': -14, 'voltage': 47.970001220703125, 'temperature': 38.79999923706055}, 'joint6': {'current': 40, 'voltage': 48.099998474121094, 'temperature': 39.70000076293945}}
2022-01-11 11:28:02,354 [21764] INFO: move joint to (0.541678, 0.225068, -0.948709, 0.397018, -1.5708, 0.541673)
2022-01-11 11:28:04,720 [21764] INFO: [1.5, 1.5, 1.5, 1.5, 1.5, 1.5]
2022-01-11 11:28:04,721 [21764] INFO: {'joint': [-3e-06, -0.127267, -1.321122, 0.376934, -1.570796, -8e-06], 'ori': [0.0019035388451642714, -0.7068867143164567, 0.7073205840617013, -0.0022673829325723237], 'pos': [-0.40248403904136104, -0.1202838765748893, 0.5489983883741528]}
2022-01-11 11:28:04,722 [21764] INFO: {'joint': [-5.057375646344044e-06, -0.12729901693319598, -1.321183866313307, 0.3769043641543926, -1.5707931332811875, -9.364330070719875e-06], 'ori': [0.0019035388451642714, -0.7068867143164567, 0.7073205840617013, -0.0022673829325723237], 'pos': [-0.40248403904136104, -0.1202838765748893, 0.5489983883741528]}
2022-01-11 11:28:04,723 [21764] INFO: move joint to (0.0, 0.0, 0.0, 0.0, 0.0, 0.0)
2022-01-11 11:28:07,574 [21764] INFO: ******************************disconnect1**********************
2022-01-11 11:28:09,003 [21764] INFO: Jan 11 2022 11:28:09 test completed.
2022-01-11 11:28:09,004 [21764] INFO: client_count=0
2022-01-11 11:28:09,004 [21764] INFO: test completed
2022-01-11 11:28:09,005 [21764] INFO: ******************************test_number 2
2022-01-11 11:28:09,013 [21764] INFO: Jan 11 2022 11:28:09 test beginning...
2022-01-11 11:28:09,013 [21764] INFO: Jan 11 2022 11:28:09 test beginning...
2022-01-11 11:28:09,026 [21764] INFO: robot.rshd=1
2022-01-11 11:28:09,026 [21764] INFO: robot.rshd=1
2022-01-11 11:28:09,027 [21764] INFO: ip=192.168.1.100, port=8899
2022-01-11 11:28:09,027 [21764] INFO: ip=192.168.1.100, port=8899
2022-01-11 11:28:13,386 [21764] INFO: joint_status={'joint1': {'current': -158, 'voltage': 48.31999969482422, 'temperature': 30.899999618530273}, 'joint2': {'current': 202, 'voltage': 48.709999084472656, 'temperature': 27.899999618530273}, 'joint3': {'current': -138, 'voltage': 48.279998779296875, 'temperature': 30.899999618530273}, 'joint4': {'current': -59, 'voltage': 48.09000015258789, 'temperature': 37.29999923706055}, 'joint5': {'current': -67, 'voltage': 47.959999084472656, 'temperature': 38.79999923706055}, 'joint6': {'current': 39, 'voltage': 48.099998474121094, 'temperature': 39.70000076293945}}
2022-01-11 11:28:13,386 [21764] INFO: joint_status={'joint1': {'current': -158, 'voltage': 48.31999969482422, 'temperature': 30.899999618530273}, 'joint2': {'current': 202, 'voltage': 48.709999084472656, 'temperature': 27.899999618530273}, 'joint3': {'current': -138, 'voltage': 48.279998779296875, 'temperature': 30.899999618530273}, 'joint4': {'current': -59, 'voltage': 48.09000015258789, 'temperature': 37.29999923706055}, 'joint5': {'current': -67, 'voltage': 47.959999084472656, 'temperature': 38.79999923706055}, 'joint6': {'current': 39, 'voltage': 48.099998474121094, 'temperature': 39.70000076293945}}
2022-01-11 11:28:13,387 [21764] INFO: move joint to (0.541678, 0.225068, -0.948709, 0.397018, -1.5708, 0.541673)
2022-01-11 11:28:13,387 [21764] INFO: move joint to (0.541678, 0.225068, -0.948709, 0.397018, -1.5708, 0.541673)
2022-01-11 11:28:15,725 [21764] INFO: [1.5, 1.5, 1.5, 1.5, 1.5, 1.5]
2022-01-11 11:28:15,725 [21764] INFO: [1.5, 1.5, 1.5, 1.5, 1.5, 1.5]
2022-01-11 11:28:15,726 [21764] INFO: {'joint': [-3e-06, -0.127267, -1.321122, 0.376934, -1.570796, -8e-06], 'ori': [0.0019035388451642714, -0.7068867143164567, 0.7073205840617013, -0.0022673829325723237], 'pos': [-0.40248403904136104, -0.1202838765748893, 0.5489983883741528]}
2022-01-11 11:28:15,726 [21764] INFO: {'joint': [-3e-06, -0.127267, -1.321122, 0.376934, -1.570796, -8e-06], 'ori': [0.0019035388451642714, -0.7068867143164567, 0.7073205840617013, -0.0022673829325723237], 'pos': [-0.40248403904136104, -0.1202838765748893, 0.5489983883741528]}
2022-01-11 11:28:15,727 [21764] INFO: {'joint': [-5.057375646344044e-06, -0.12729901693319598, -1.321183866313307, 0.3769043641543926, -1.5707931332811875, -9.364330070719875e-06], 'ori': [0.0019035388451642714, -0.7068867143164567, 0.7073205840617013, -0.0022673829325723237], 'pos': [-0.40248403904136104, -0.1202838765748893, 0.5489983883741528]}
2022-01-11 11:28:15,727 [21764] INFO: {'joint': [-5.057375646344044e-06, -0.12729901693319598, -1.321183866313307, 0.3769043641543926, -1.5707931332811875, -9.364330070719875e-06], 'ori': [0.0019035388451642714, -0.7068867143164567, 0.7073205840617013, -0.0022673829325723237], 'pos': [-0.40248403904136104, -0.1202838765748893, 0.5489983883741528]}
2022-01-11 11:28:15,730 [21764] INFO: move joint to (0.0, 0.0, 0.0, 0.0, 0.0, 0.0)
2022-01-11 11:28:15,730 [21764] INFO: move joint to (0.0, 0.0, 0.0, 0.0, 0.0, 0.0)
2022-01-11 11:28:18,093 [21764] INFO: joint_status={'joint1': {'current': -1614, 'voltage': 48.31999969482422, 'temperature': 30.899999618530273}, 'joint2': {'current': 2279, 'voltage': 48.720001220703125, 'temperature': 27.799999237060547}, 'joint3': {'current': -1096, 'voltage': 48.29999923706055, 'temperature': 30.899999618530273}, 'joint4': {'current': 224, 'voltage': 48.09000015258789, 'temperature': 37.20000076293945}, 'joint5': {'current': 74, 'voltage': 47.959999084472656, 'temperature': 38.79999923706055}, 'joint6': {'current': -13, 'voltage': 48.099998474121094, 'temperature': 39.70000076293945}}
2022-01-11 11:28:18,093 [21764] INFO: joint_status={'joint1': {'current': -1614, 'voltage': 48.31999969482422, 'temperature': 30.899999618530273}, 'joint2': {'current': 2279, 'voltage': 48.720001220703125, 'temperature': 27.799999237060547}, 'joint3': {'current': -1096, 'voltage': 48.29999923706055, 'temperature': 30.899999618530273}, 'joint4': {'current': 224, 'voltage': 48.09000015258789, 'temperature': 37.20000076293945}, 'joint5': {'current': 74, 'voltage': 47.959999084472656, 'temperature': 38.79999923706055}, 'joint6': {'current': -13, 'voltage': 48.099998474121094, 'temperature': 39.70000076293945}}
2022-01-11 11:28:18,094 [21764] INFO: move joint to (0.541678, 0.225068, -0.948709, 0.397018, -1.5708, 0.541673)
2022-01-11 11:28:18,094 [21764] INFO: move joint to (0.541678, 0.225068, -0.948709, 0.397018, -1.5708, 0.541673)
2022-01-11 11:28:20,443 [21764] INFO: [1.5, 1.5, 1.5, 1.5, 1.5, 1.5]
2022-01-11 11:28:20,443 [21764] INFO: [1.5, 1.5, 1.5, 1.5, 1.5, 1.5]
2022-01-11 11:28:20,443 [21764] INFO: {'joint': [-3e-06, -0.127267, -1.321122, 0.376934, -1.570796, -8e-06], 'ori': [0.0019035388451642714, -0.7068867143164567, 0.7073205840617013, -0.0022673829325723237], 'pos': [-0.40248403904136104, -0.1202838765748893, 0.5489983883741528]}
2022-01-11 11:28:20,443 [21764] INFO: {'joint': [-3e-06, -0.127267, -1.321122, 0.376934, -1.570796, -8e-06], 'ori': [0.0019035388451642714, -0.7068867143164567, 0.7073205840617013, -0.0022673829325723237], 'pos': [-0.40248403904136104, -0.1202838765748893, 0.5489983883741528]}
2022-01-11 11:28:20,445 [21764] INFO: {'joint': [-5.057375646344044e-06, -0.12729901693319598, -1.321183866313307, 0.3769043641543926, -1.5707931332811875, -9.364330070719875e-06], 'ori': [0.0019035388451642714, -0.7068867143164567, 0.7073205840617013, -0.0022673829325723237], 'pos': [-0.40248403904136104, -0.1202838765748893, 0.5489983883741528]}
2022-01-11 11:28:20,445 [21764] INFO: {'joint': [-5.057375646344044e-06, -0.12729901693319598, -1.321183866313307, 0.3769043641543926, -1.5707931332811875, -9.364330070719875e-06], 'ori': [0.0019035388451642714, -0.7068867143164567, 0.7073205840617013, -0.0022673829325723237], 'pos': [-0.40248403904136104, -0.1202838765748893, 0.5489983883741528]}
2022-01-11 11:28:20,447 [21764] INFO: move joint to (0.0, 0.0, 0.0, 0.0, 0.0, 0.0)
2022-01-11 11:28:20,447 [21764] INFO: move joint to (0.0, 0.0, 0.0, 0.0, 0.0, 0.0)
2022-01-11 11:28:23,296 [21764] INFO: ******************************disconnect1**********************
2022-01-11 11:28:23,296 [21764] INFO: ******************************disconnect1**********************
2022-01-11 11:28:25,000 [21764] INFO: Jan 11 2022 11:28:25 test completed.
2022-01-11 11:28:25,000 [21764] INFO: Jan 11 2022 11:28:25 test completed.
2022-01-11 11:28:25,001 [21764] INFO: client_count=0
2022-01-11 11:28:25,001 [21764] INFO: client_count=0
2022-01-11 11:28:25,002 [21764] INFO: test completed
2022-01-11 11:28:25,002 [21764] INFO: test completed
2022-01-11 11:28:25,003 [21764] INFO: ******************************test_number 3
2022-01-11 11:28:25,003 [21764] INFO: ******************************test_number 3
2022-01-11 11:28:25,009 [21764] INFO: Jan 11 2022 11:28:25 test beginning...
2022-01-11 11:28:25,009 [21764] INFO: Jan 11 2022 11:28:25 test beginning...
2022-01-11 11:28:25,009 [21764] INFO: Jan 11 2022 11:28:25 test beginning...
2022-01-11 11:28:25,030 [21764] INFO: robot.rshd=2
2022-01-11 11:28:25,030 [21764] INFO: robot.rshd=2
2022-01-11 11:28:25,030 [21764] INFO: robot.rshd=2
2022-01-11 11:28:25,034 [21764] INFO: ip=192.168.1.100, port=8899
2022-01-11 11:28:25,034 [21764] INFO: ip=192.168.1.100, port=8899
2022-01-11 11:28:25,034 [21764] INFO: ip=192.168.1.100, port=8899
2022-01-11 11:28:29,390 [21764] INFO: joint_status={'joint1': {'current': -227, 'voltage': 48.33000183105469, 'temperature': 30.899999618530273}, 'joint2': {'current': 215, 'voltage': 48.709999084472656, 'temperature': 27.799999237060547}, 'joint3': {'current': -168, 'voltage': 48.290000915527344, 'temperature': 30.899999618530273}, 'joint4': {'current': -43, 'voltage': 48.09000015258789, 'temperature': 37.20000076293945}, 'joint5': {'current': -73, 'voltage': 47.959999084472656, 'temperature': 38.70000076293945}, 'joint6': {'current': 28, 'voltage': 48.099998474121094, 'temperature': 39.70000076293945}}
2022-01-11 11:28:29,390 [21764] INFO: joint_status={'joint1': {'current': -227, 'voltage': 48.33000183105469, 'temperature': 30.899999618530273}, 'joint2': {'current': 215, 'voltage': 48.709999084472656, 'temperature': 27.799999237060547}, 'joint3': {'current': -168, 'voltage': 48.290000915527344, 'temperature': 30.899999618530273}, 'joint4': {'current': -43, 'voltage': 48.09000015258789, 'temperature': 37.20000076293945}, 'joint5': {'current': -73, 'voltage': 47.959999084472656, 'temperature': 38.70000076293945}, 'joint6': {'current': 28, 'voltage': 48.099998474121094, 'temperature': 39.70000076293945}}
2022-01-11 11:28:29,390 [21764] INFO: joint_status={'joint1': {'current': -227, 'voltage': 48.33000183105469, 'temperature': 30.899999618530273}, 'joint2': {'current': 215, 'voltage': 48.709999084472656, 'temperature': 27.799999237060547}, 'joint3': {'current': -168, 'voltage': 48.290000915527344, 'temperature': 30.899999618530273}, 'joint4': {'current': -43, 'voltage': 48.09000015258789, 'temperature': 37.20000076293945}, 'joint5': {'current': -73, 'voltage': 47.959999084472656, 'temperature': 38.70000076293945}, 'joint6': {'current': 28, 'voltage': 48.099998474121094, 'temperature': 39.70000076293945}}
2022-01-11 11:28:29,394 [21764] INFO: move joint to (0.541678, 0.225068, -0.948709, 0.397018, -1.5708, 0.541673)
2022-01-11 11:28:29,394 [21764] INFO: move joint to (0.541678, 0.225068, -0.948709, 0.397018, -1.5708, 0.541673)
2022-01-11 11:28:29,394 [21764] INFO: move joint to (0.541678, 0.225068, -0.948709, 0.397018, -1.5708, 0.541673)
2022-01-11 11:28:31,736 [21764] INFO: [1.5, 1.5, 1.5, 1.5, 1.5, 1.5]
2022-01-11 11:28:31,736 [21764] INFO: [1.5, 1.5, 1.5, 1.5, 1.5, 1.5]
2022-01-11 11:28:31,736 [21764] INFO: [1.5, 1.5, 1.5, 1.5, 1.5, 1.5]
2022-01-11 11:28:31,739 [21764] INFO: {'joint': [-3e-06, -0.127267, -1.321122, 0.376934, -1.570796, -8e-06], 'ori': [0.0019035388451642714, -0.7068867143164567, 0.7073205840617013, -0.0022673829325723237], 'pos': [-0.40248403904136104, -0.1202838765748893, 0.5489983883741528]}
2022-01-11 11:28:31,739 [21764] INFO: {'joint': [-3e-06, -0.127267, -1.321122, 0.376934, -1.570796, -8e-06], 'ori': [0.0019035388451642714, -0.7068867143164567, 0.7073205840617013, -0.0022673829325723237], 'pos': [-0.40248403904136104, -0.1202838765748893, 0.5489983883741528]}
2022-01-11 11:28:31,739 [21764] INFO: {'joint': [-3e-06, -0.127267, -1.321122, 0.376934, -1.570796, -8e-06], 'ori': [0.0019035388451642714, -0.7068867143164567, 0.7073205840617013, -0.0022673829325723237], 'pos': [-0.40248403904136104, -0.1202838765748893, 0.5489983883741528]}
2022-01-11 11:28:31,741 [21764] INFO: {'joint': [-5.057375646344044e-06, -0.12729901693319598, -1.321183866313307, 0.3769043641543926, -1.5707931332811875, -9.364330070719875e-06], 'ori': [0.0019035388451642714, -0.7068867143164567, 0.7073205840617013, -0.0022673829325723237], 'pos': [-0.40248403904136104, -0.1202838765748893, 0.5489983883741528]}
2022-01-11 11:28:31,741 [21764] INFO: {'joint': [-5.057375646344044e-06, -0.12729901693319598, -1.321183866313307, 0.3769043641543926, -1.5707931332811875, -9.364330070719875e-06], 'ori': [0.0019035388451642714, -0.7068867143164567, 0.7073205840617013, -0.0022673829325723237], 'pos': [-0.40248403904136104, -0.1202838765748893, 0.5489983883741528]}
2022-01-11 11:28:31,741 [21764] INFO: {'joint': [-5.057375646344044e-06, -0.12729901693319598, -1.321183866313307, 0.3769043641543926, -1.5707931332811875, -9.364330070719875e-06], 'ori': [0.0019035388451642714, -0.7068867143164567, 0.7073205840617013, -0.0022673829325723237], 'pos': [-0.40248403904136104, -0.1202838765748893, 0.5489983883741528]}
2022-01-11 11:28:31,742 [21764] INFO: move joint to (0.0, 0.0, 0.0, 0.0, 0.0, 0.0)
2022-01-11 11:28:31,742 [21764] INFO: move joint to (0.0, 0.0, 0.0, 0.0, 0.0, 0.0)
2022-01-11 11:28:31,742 [21764] INFO: move joint to (0.0, 0.0, 0.0, 0.0, 0.0, 0.0)
2022-01-11 11:28:34,100 [21764] INFO: joint_status={'joint1': {'current': -1647, 'voltage': 48.33000183105469, 'temperature': 30.899999618530273}, 'joint2': {'current': 2374, 'voltage': 48.72999954223633, 'temperature': 27.799999237060547}, 'joint3': {'current': -1297, 'voltage': 48.290000915527344, 'temperature': 30.899999618530273}, 'joint4': {'current': 288, 'voltage': 48.06999969482422, 'temperature': 37.20000076293945}, 'joint5': {'current': 21, 'voltage': 47.970001220703125, 'temperature': 38.70000076293945}, 'joint6': {'current': 13, 'voltage': 48.099998474121094, 'temperature': 39.70000076293945}}
2022-01-11 11:28:34,100 [21764] INFO: joint_status={'joint1': {'current': -1647, 'voltage': 48.33000183105469, 'temperature': 30.899999618530273}, 'joint2': {'current': 2374, 'voltage': 48.72999954223633, 'temperature': 27.799999237060547}, 'joint3': {'current': -1297, 'voltage': 48.290000915527344, 'temperature': 30.899999618530273}, 'joint4': {'current': 288, 'voltage': 48.06999969482422, 'temperature': 37.20000076293945}, 'joint5': {'current': 21, 'voltage': 47.970001220703125, 'temperature': 38.70000076293945}, 'joint6': {'current': 13, 'voltage': 48.099998474121094, 'temperature': 39.70000076293945}}
2022-01-11 11:28:34,100 [21764] INFO: joint_status={'joint1': {'current': -1647, 'voltage': 48.33000183105469, 'temperature': 30.899999618530273}, 'joint2': {'current': 2374, 'voltage': 48.72999954223633, 'temperature': 27.799999237060547}, 'joint3': {'current': -1297, 'voltage': 48.290000915527344, 'temperature': 30.899999618530273}, 'joint4': {'current': 288, 'voltage': 48.06999969482422, 'temperature': 37.20000076293945}, 'joint5': {'current': 21, 'voltage': 47.970001220703125, 'temperature': 38.70000076293945}, 'joint6': {'current': 13, 'voltage': 48.099998474121094, 'temperature': 39.70000076293945}}
2022-01-11 11:28:34,105 [21764] INFO: move joint to (0.541678, 0.225068, -0.948709, 0.397018, -1.5708, 0.541673)
2022-01-11 11:28:34,105 [21764] INFO: move joint to (0.541678, 0.225068, -0.948709, 0.397018, -1.5708, 0.541673)
2022-01-11 11:28:34,105 [21764] INFO: move joint to (0.541678, 0.225068, -0.948709, 0.397018, -1.5708, 0.541673)
2022-01-11 11:28:36,462 [21764] INFO: [1.5, 1.5, 1.5, 1.5, 1.5, 1.5]
2022-01-11 11:28:36,462 [21764] INFO: [1.5, 1.5, 1.5, 1.5, 1.5, 1.5]
2022-01-11 11:28:36,462 [21764] INFO: [1.5, 1.5, 1.5, 1.5, 1.5, 1.5]
2022-01-11 11:28:36,463 [21764] INFO: {'joint': [-3e-06, -0.127267, -1.321122, 0.376934, -1.570796, -8e-06], 'ori': [0.0019035388451642714, -0.7068867143164567, 0.7073205840617013, -0.0022673829325723237], 'pos': [-0.40248403904136104, -0.1202838765748893, 0.5489983883741528]}
2022-01-11 11:28:36,463 [21764] INFO: {'joint': [-3e-06, -0.127267, -1.321122, 0.376934, -1.570796, -8e-06], 'ori': [0.0019035388451642714, -0.7068867143164567, 0.7073205840617013, -0.0022673829325723237], 'pos': [-0.40248403904136104, -0.1202838765748893, 0.5489983883741528]}
2022-01-11 11:28:36,463 [21764] INFO: {'joint': [-3e-06, -0.127267, -1.321122, 0.376934, -1.570796, -8e-06], 'ori': [0.0019035388451642714, -0.7068867143164567, 0.7073205840617013, -0.0022673829325723237], 'pos': [-0.40248403904136104, -0.1202838765748893, 0.5489983883741528]}
2022-01-11 11:28:36,465 [21764] INFO: {'joint': [-5.057375646344044e-06, -0.12729901693319598, -1.321183866313307, 0.3769043641543926, -1.5707931332811875, -9.364330070719875e-06], 'ori': [0.0019035388451642714, -0.7068867143164567, 0.7073205840617013, -0.0022673829325723237], 'pos': [-0.40248403904136104, -0.1202838765748893, 0.5489983883741528]}
2022-01-11 11:28:36,465 [21764] INFO: {'joint': [-5.057375646344044e-06, -0.12729901693319598, -1.321183866313307, 0.3769043641543926, -1.5707931332811875, -9.364330070719875e-06], 'ori': [0.0019035388451642714, -0.7068867143164567, 0.7073205840617013, -0.0022673829325723237], 'pos': [-0.40248403904136104, -0.1202838765748893, 0.5489983883741528]}
2022-01-11 11:28:36,465 [21764] INFO: {'joint': [-5.057375646344044e-06, -0.12729901693319598, -1.321183866313307, 0.3769043641543926, -1.5707931332811875, -9.364330070719875e-06], 'ori': [0.0019035388451642714, -0.7068867143164567, 0.7073205840617013, -0.0022673829325723237], 'pos': [-0.40248403904136104, -0.1202838765748893, 0.5489983883741528]}
2022-01-11 11:28:36,469 [21764] INFO: move joint to (0.0, 0.0, 0.0, 0.0, 0.0, 0.0)
2022-01-11 11:28:36,469 [21764] INFO: move joint to (0.0, 0.0, 0.0, 0.0, 0.0, 0.0)
2022-01-11 11:28:36,469 [21764] INFO: move joint to (0.0, 0.0, 0.0, 0.0, 0.0, 0.0)
2022-01-11 11:28:39,321 [21764] INFO: ******************************disconnect1**********************
2022-01-11 11:28:39,321 [21764] INFO: ******************************disconnect1**********************
2022-01-11 11:28:39,321 [21764] INFO: ******************************disconnect1**********************
2022-01-11 11:28:41,003 [21764] INFO: Jan 11 2022 11:28:41 test completed.
2022-01-11 11:28:41,003 [21764] INFO: Jan 11 2022 11:28:41 test completed.
2022-01-11 11:28:41,003 [21764] INFO: Jan 11 2022 11:28:41 test completed.
2022-01-11 11:28:41,006 [21764] INFO: client_count=0
2022-01-11 11:28:41,006 [21764] INFO: client_count=0
2022-01-11 11:28:41,006 [21764] INFO: client_count=0
2022-01-11 11:28:41,011 [21764] INFO: test completed
2022-01-11 11:28:41,011 [21764] INFO: test completed
2022-01-11 11:28:41,011 [21764] INFO: test completed
2022-01-11 11:28:41,014 [21764] INFO: ******************************test_number 4
2022-01-11 11:28:41,014 [21764] INFO: ******************************test_number 4
2022-01-11 11:28:41,014 [21764] INFO: ******************************test_number 4
2022-01-11 11:28:41,024 [21764] INFO: Jan 11 2022 11:28:41 test beginning...
2022-01-11 11:28:41,024 [21764] INFO: Jan 11 2022 11:28:41 test beginning...
2022-01-11 11:28:41,024 [21764] INFO: Jan 11 2022 11:28:41 test beginning...
2022-01-11 11:28:41,024 [21764] INFO: Jan 11 2022 11:28:41 test beginning...
2022-01-11 11:28:41,047 [21764] INFO: robot.rshd=3
2022-01-11 11:28:41,047 [21764] INFO: robot.rshd=3
2022-01-11 11:28:41,047 [21764] INFO: robot.rshd=3
2022-01-11 11:28:41,047 [21764] INFO: robot.rshd=3
2022-01-11 11:28:41,052 [21764] INFO: ip=192.168.1.100, port=8899
2022-01-11 11:28:41,052 [21764] INFO: ip=192.168.1.100, port=8899
2022-01-11 11:28:41,052 [21764] INFO: ip=192.168.1.100, port=8899
2022-01-11 11:28:41,052 [21764] INFO: ip=192.168.1.100, port=8899
2022-01-11 11:28:45,408 [21764] INFO: joint_status={'joint1': {'current': -189, 'voltage': 48.33000183105469, 'temperature': 30.899999618530273}, 'joint2': {'current': 216, 'voltage': 48.709999084472656, 'temperature': 27.799999237060547}, 'joint3': {'current': -188, 'voltage': 48.279998779296875, 'temperature': 30.899999618530273}, 'joint4': {'current': -43, 'voltage': 48.09000015258789, 'temperature': 37.20000076293945}, 'joint5': {'current': -71, 'voltage': 47.970001220703125, 'temperature': 38.70000076293945}, 'joint6': {'current': 26, 'voltage': 48.099998474121094, 'temperature': 39.70000076293945}}
2022-01-11 11:28:45,408 [21764] INFO: joint_status={'joint1': {'current': -189, 'voltage': 48.33000183105469, 'temperature': 30.899999618530273}, 'joint2': {'current': 216, 'voltage': 48.709999084472656, 'temperature': 27.799999237060547}, 'joint3': {'current': -188, 'voltage': 48.279998779296875, 'temperature': 30.899999618530273}, 'joint4': {'current': -43, 'voltage': 48.09000015258789, 'temperature': 37.20000076293945}, 'joint5': {'current': -71, 'voltage': 47.970001220703125, 'temperature': 38.70000076293945}, 'joint6': {'current': 26, 'voltage': 48.099998474121094, 'temperature': 39.70000076293945}}
2022-01-11 11:28:45,408 [21764] INFO: joint_status={'joint1': {'current': -189, 'voltage': 48.33000183105469, 'temperature': 30.899999618530273}, 'joint2': {'current': 216, 'voltage': 48.709999084472656, 'temperature': 27.799999237060547}, 'joint3': {'current': -188, 'voltage': 48.279998779296875, 'temperature': 30.899999618530273}, 'joint4': {'current': -43, 'voltage': 48.09000015258789, 'temperature': 37.20000076293945}, 'joint5': {'current': -71, 'voltage': 47.970001220703125, 'temperature': 38.70000076293945}, 'joint6': {'current': 26, 'voltage': 48.099998474121094, 'temperature': 39.70000076293945}}
2022-01-11 11:28:45,408 [21764] INFO: joint_status={'joint1': {'current': -189, 'voltage': 48.33000183105469, 'temperature': 30.899999618530273}, 'joint2': {'current': 216, 'voltage': 48.709999084472656, 'temperature': 27.799999237060547}, 'joint3': {'current': -188, 'voltage': 48.279998779296875, 'temperature': 30.899999618530273}, 'joint4': {'current': -43, 'voltage': 48.09000015258789, 'temperature': 37.20000076293945}, 'joint5': {'current': -71, 'voltage': 47.970001220703125, 'temperature': 38.70000076293945}, 'joint6': {'current': 26, 'voltage': 48.099998474121094, 'temperature': 39.70000076293945}}
2022-01-11 11:28:45,409 [21764] INFO: move joint to (0.541678, 0.225068, -0.948709, 0.397018, -1.5708, 0.541673)
2022-01-11 11:28:45,409 [21764] INFO: move joint to (0.541678, 0.225068, -0.948709, 0.397018, -1.5708, 0.541673)
2022-01-11 11:28:45,409 [21764] INFO: move joint to (0.541678, 0.225068, -0.948709, 0.397018, -1.5708, 0.541673)
2022-01-11 11:28:45,409 [21764] INFO: move joint to (0.541678, 0.225068, -0.948709, 0.397018, -1.5708, 0.541673)
2022-01-11 11:28:47,734 [21764] INFO: [1.5, 1.5, 1.5, 1.5, 1.5, 1.5]
2022-01-11 11:28:47,734 [21764] INFO: [1.5, 1.5, 1.5, 1.5, 1.5, 1.5]
2022-01-11 11:28:47,734 [21764] INFO: [1.5, 1.5, 1.5, 1.5, 1.5, 1.5]
2022-01-11 11:28:47,734 [21764] INFO: [1.5, 1.5, 1.5, 1.5, 1.5, 1.5]
2022-01-11 11:28:47,736 [21764] INFO: {'joint': [-3e-06, -0.127267, -1.321122, 0.376934, -1.570796, -8e-06], 'ori': [0.0019035388451642714, -0.7068867143164567, 0.7073205840617013, -0.0022673829325723237], 'pos': [-0.40248403904136104, -0.1202838765748893, 0.5489983883741528]}
2022-01-11 11:28:47,736 [21764] INFO: {'joint': [-3e-06, -0.127267, -1.321122, 0.376934, -1.570796, -8e-06], 'ori': [0.0019035388451642714, -0.7068867143164567, 0.7073205840617013, -0.0022673829325723237], 'pos': [-0.40248403904136104, -0.1202838765748893, 0.5489983883741528]}
2022-01-11 11:28:47,736 [21764] INFO: {'joint': [-3e-06, -0.127267, -1.321122, 0.376934, -1.570796, -8e-06], 'ori': [0.0019035388451642714, -0.7068867143164567, 0.7073205840617013, -0.0022673829325723237], 'pos': [-0.40248403904136104, -0.1202838765748893, 0.5489983883741528]}
2022-01-11 11:28:47,736 [21764] INFO: {'joint': [-3e-06, -0.127267, -1.321122, 0.376934, -1.570796, -8e-06], 'ori': [0.0019035388451642714, -0.7068867143164567, 0.7073205840617013, -0.0022673829325723237], 'pos': [-0.40248403904136104, -0.1202838765748893, 0.5489983883741528]}
2022-01-11 11:28:47,741 [21764] INFO: {'joint': [-5.057375646344044e-06, -0.12729901693319598, -1.321183866313307, 0.3769043641543926, -1.5707931332811875, -9.364330070719875e-06], 'ori': [0.0019035388451642714, -0.7068867143164567, 0.7073205840617013, -0.0022673829325723237], 'pos': [-0.40248403904136104, -0.1202838765748893, 0.5489983883741528]}
2022-01-11 11:28:47,741 [21764] INFO: {'joint': [-5.057375646344044e-06, -0.12729901693319598, -1.321183866313307, 0.3769043641543926, -1.5707931332811875, -9.364330070719875e-06], 'ori': [0.0019035388451642714, -0.7068867143164567, 0.7073205840617013, -0.0022673829325723237], 'pos': [-0.40248403904136104, -0.1202838765748893, 0.5489983883741528]}
2022-01-11 11:28:47,741 [21764] INFO: {'joint': [-5.057375646344044e-06, -0.12729901693319598, -1.321183866313307, 0.3769043641543926, -1.5707931332811875, -9.364330070719875e-06], 'ori': [0.0019035388451642714, -0.7068867143164567, 0.7073205840617013, -0.0022673829325723237], 'pos': [-0.40248403904136104, -0.1202838765748893, 0.5489983883741528]}
2022-01-11 11:28:47,741 [21764] INFO: {'joint': [-5.057375646344044e-06, -0.12729901693319598, -1.321183866313307, 0.3769043641543926, -1.5707931332811875, -9.364330070719875e-06], 'ori': [0.0019035388451642714, -0.7068867143164567, 0.7073205840617013, -0.0022673829325723237], 'pos': [-0.40248403904136104, -0.1202838765748893, 0.5489983883741528]}
2022-01-11 11:28:47,748 [21764] INFO: move joint to (0.0, 0.0, 0.0, 0.0, 0.0, 0.0)
2022-01-11 11:28:47,748 [21764] INFO: move joint to (0.0, 0.0, 0.0, 0.0, 0.0, 0.0)
2022-01-11 11:28:47,748 [21764] INFO: move joint to (0.0, 0.0, 0.0, 0.0, 0.0, 0.0)
2022-01-11 11:28:47,748 [21764] INFO: move joint to (0.0, 0.0, 0.0, 0.0, 0.0, 0.0)
2022-01-11 11:28:50,091 [21764] INFO: joint_status={'joint1': {'current': -1681, 'voltage': 48.33000183105469, 'temperature': 30.899999618530273}, 'joint2': {'current': 2359, 'voltage': 48.720001220703125, 'temperature': 27.799999237060547}, 'joint3': {'current': -1421, 'voltage': 48.290000915527344, 'temperature': 30.899999618530273}, 'joint4': {'current': 332, 'voltage': 48.09000015258789, 'temperature': 37.20000076293945}, 'joint5': {'current': -16, 'voltage': 47.9900016784668, 'temperature': 38.70000076293945}, 'joint6': {'current': 53, 'voltage': 48.099998474121094, 'temperature': 39.70000076293945}}
2022-01-11 11:28:50,091 [21764] INFO: joint_status={'joint1': {'current': -1681, 'voltage': 48.33000183105469, 'temperature': 30.899999618530273}, 'joint2': {'current': 2359, 'voltage': 48.720001220703125, 'temperature': 27.799999237060547}, 'joint3': {'current': -1421, 'voltage': 48.290000915527344, 'temperature': 30.899999618530273}, 'joint4': {'current': 332, 'voltage': 48.09000015258789, 'temperature': 37.20000076293945}, 'joint5': {'current': -16, 'voltage': 47.9900016784668, 'temperature': 38.70000076293945}, 'joint6': {'current': 53, 'voltage': 48.099998474121094, 'temperature': 39.70000076293945}}
2022-01-11 11:28:50,091 [21764] INFO: joint_status={'joint1': {'current': -1681, 'voltage': 48.33000183105469, 'temperature': 30.899999618530273}, 'joint2': {'current': 2359, 'voltage': 48.720001220703125, 'temperature': 27.799999237060547}, 'joint3': {'current': -1421, 'voltage': 48.290000915527344, 'temperature': 30.899999618530273}, 'joint4': {'current': 332, 'voltage': 48.09000015258789, 'temperature': 37.20000076293945}, 'joint5': {'current': -16, 'voltage': 47.9900016784668, 'temperature': 38.70000076293945}, 'joint6': {'current': 53, 'voltage': 48.099998474121094, 'temperature': 39.70000076293945}}
2022-01-11 11:28:50,091 [21764] INFO: joint_status={'joint1': {'current': -1681, 'voltage': 48.33000183105469, 'temperature': 30.899999618530273}, 'joint2': {'current': 2359, 'voltage': 48.720001220703125, 'temperature': 27.799999237060547}, 'joint3': {'current': -1421, 'voltage': 48.290000915527344, 'temperature': 30.899999618530273}, 'joint4': {'current': 332, 'voltage': 48.09000015258789, 'temperature': 37.20000076293945}, 'joint5': {'current': -16, 'voltage': 47.9900016784668, 'temperature': 38.70000076293945}, 'joint6': {'current': 53, 'voltage': 48.099998474121094, 'temperature': 39.70000076293945}}
2022-01-11 11:28:50,094 [21764] INFO: move joint to (0.541678, 0.225068, -0.948709, 0.397018, -1.5708, 0.541673)
2022-01-11 11:28:50,094 [21764] INFO: move joint to (0.541678, 0.225068, -0.948709, 0.397018, -1.5708, 0.541673)
2022-01-11 11:28:50,094 [21764] INFO: move joint to (0.541678, 0.225068, -0.948709, 0.397018, -1.5708, 0.541673)
2022-01-11 11:28:50,094 [21764] INFO: move joint to (0.541678, 0.225068, -0.948709, 0.397018, -1.5708, 0.541673)
2022-01-11 11:28:52,451 [21764] INFO: [1.5, 1.5, 1.5, 1.5, 1.5, 1.5]
2022-01-11 11:28:52,451 [21764] INFO: [1.5, 1.5, 1.5, 1.5, 1.5, 1.5]
2022-01-11 11:28:52,451 [21764] INFO: [1.5, 1.5, 1.5, 1.5, 1.5, 1.5]
2022-01-11 11:28:52,451 [21764] INFO: [1.5, 1.5, 1.5, 1.5, 1.5, 1.5]
2022-01-11 11:28:52,458 [21764] INFO: {'joint': [-3e-06, -0.127267, -1.321122, 0.376934, -1.570796, -8e-06], 'ori': [0.0019035388451642714, -0.7068867143164567, 0.7073205840617013, -0.0022673829325723237], 'pos': [-0.40248403904136104, -0.1202838765748893, 0.5489983883741528]}
2022-01-11 11:28:52,458 [21764] INFO: {'joint': [-3e-06, -0.127267, -1.321122, 0.376934, -1.570796, -8e-06], 'ori': [0.0019035388451642714, -0.7068867143164567, 0.7073205840617013, -0.0022673829325723237], 'pos': [-0.40248403904136104, -0.1202838765748893, 0.5489983883741528]}
2022-01-11 11:28:52,458 [21764] INFO: {'joint': [-3e-06, -0.127267, -1.321122, 0.376934, -1.570796, -8e-06], 'ori': [0.0019035388451642714, -0.7068867143164567, 0.7073205840617013, -0.0022673829325723237], 'pos': [-0.40248403904136104, -0.1202838765748893, 0.5489983883741528]}
2022-01-11 11:28:52,458 [21764] INFO: {'joint': [-3e-06, -0.127267, -1.321122, 0.376934, -1.570796, -8e-06], 'ori': [0.0019035388451642714, -0.7068867143164567, 0.7073205840617013, -0.0022673829325723237], 'pos': [-0.40248403904136104, -0.1202838765748893, 0.5489983883741528]}
2022-01-11 11:28:52,469 [21764] INFO: {'joint': [-5.057375646344044e-06, -0.12729901693319598, -1.321183866313307, 0.3769043641543926, -1.5707931332811875, -9.364330070719875e-06], 'ori': [0.0019035388451642714, -0.7068867143164567, 0.7073205840617013, -0.0022673829325723237], 'pos': [-0.40248403904136104, -0.1202838765748893, 0.5489983883741528]}
2022-01-11 11:28:52,469 [21764] INFO: {'joint': [-5.057375646344044e-06, -0.12729901693319598, -1.321183866313307, 0.3769043641543926, -1.5707931332811875, -9.364330070719875e-06], 'ori': [0.0019035388451642714, -0.7068867143164567, 0.7073205840617013, -0.0022673829325723237], 'pos': [-0.40248403904136104, -0.1202838765748893, 0.5489983883741528]}
2022-01-11 11:28:52,469 [21764] INFO: {'joint': [-5.057375646344044e-06, -0.12729901693319598, -1.321183866313307, 0.3769043641543926, -1.5707931332811875, -9.364330070719875e-06], 'ori': [0.0019035388451642714, -0.7068867143164567, 0.7073205840617013, -0.0022673829325723237], 'pos': [-0.40248403904136104, -0.1202838765748893, 0.5489983883741528]}
2022-01-11 11:28:52,469 [21764] INFO: {'joint': [-5.057375646344044e-06, -0.12729901693319598, -1.321183866313307, 0.3769043641543926, -1.5707931332811875, -9.364330070719875e-06], 'ori': [0.0019035388451642714, -0.7068867143164567, 0.7073205840617013, -0.0022673829325723237], 'pos': [-0.40248403904136104, -0.1202838765748893, 0.5489983883741528]}
2022-01-11 11:28:52,480 [21764] INFO: move joint to (0.0, 0.0, 0.0, 0.0, 0.0, 0.0)
2022-01-11 11:28:52,480 [21764] INFO: move joint to (0.0, 0.0, 0.0, 0.0, 0.0, 0.0)
2022-01-11 11:28:52,480 [21764] INFO: move joint to (0.0, 0.0, 0.0, 0.0, 0.0, 0.0)
2022-01-11 11:28:52,480 [21764] INFO: move joint to (0.0, 0.0, 0.0, 0.0, 0.0, 0.0)
2022-01-11 11:28:55,315 [21764] INFO: ******************************disconnect1**********************
2022-01-11 11:28:55,315 [21764] INFO: ******************************disconnect1**********************
2022-01-11 11:28:55,315 [21764] INFO: ******************************disconnect1**********************
2022-01-11 11:28:55,315 [21764] INFO: ******************************disconnect1**********************
2022-01-11 11:28:57,007 [21764] INFO: Jan 11 2022 11:28:57 test completed.
2022-01-11 11:28:57,007 [21764] INFO: Jan 11 2022 11:28:57 test completed.
2022-01-11 11:28:57,007 [21764] INFO: Jan 11 2022 11:28:57 test completed.
2022-01-11 11:28:57,007 [21764] INFO: Jan 11 2022 11:28:57 test completed.
2022-01-11 11:28:57,011 [21764] INFO: client_count=0
2022-01-11 11:28:57,011 [21764] INFO: client_count=0
2022-01-11 11:28:57,011 [21764] INFO: client_count=0
2022-01-11 11:28:57,011 [21764] INFO: client_count=0
2022-01-11 11:28:57,012 [21764] INFO: test completed
2022-01-11 11:28:57,012 [21764] INFO: test completed
2022-01-11 11:28:57,012 [21764] INFO: test completed
2022-01-11 11:28:57,012 [21764] INFO: test completed
2022-01-11 11:28:57,018 [21764] INFO: ******************************test_number 5
2022-01-11 11:28:57,018 [21764] INFO: ******************************test_number 5
2022-01-11 11:28:57,018 [21764] INFO: ******************************test_number 5
2022-01-11 11:28:57,018 [21764] INFO: ******************************test_number 5
2022-01-11 11:28:57,024 [21764] INFO: Jan 11 2022 11:28:57 test beginning...
2022-01-11 11:28:57,024 [21764] INFO: Jan 11 2022 11:28:57 test beginning...
2022-01-11 11:28:57,024 [21764] INFO: Jan 11 2022 11:28:57 test beginning...
2022-01-11 11:28:57,024 [21764] INFO: Jan 11 2022 11:28:57 test beginning...
2022-01-11 11:28:57,024 [21764] INFO: Jan 11 2022 11:28:57 test beginning...
2022-01-11 11:28:57,041 [21764] INFO: robot.rshd=4
2022-01-11 11:28:57,041 [21764] INFO: robot.rshd=4
2022-01-11 11:28:57,041 [21764] INFO: robot.rshd=4
2022-01-11 11:28:57,041 [21764] INFO: robot.rshd=4
2022-01-11 11:28:57,041 [21764] INFO: robot.rshd=4
2022-01-11 11:28:57,046 [21764] INFO: ip=192.168.1.100, port=8899
2022-01-11 11:28:57,046 [21764] INFO: ip=192.168.1.100, port=8899
2022-01-11 11:28:57,046 [21764] INFO: ip=192.168.1.100, port=8899
2022-01-11 11:28:57,046 [21764] INFO: ip=192.168.1.100, port=8899
2022-01-11 11:28:57,046 [21764] INFO: ip=192.168.1.100, port=8899
2022-01-11 11:29:01,390 [21764] INFO: joint_status={'joint1': {'current': -148, 'voltage': 48.33000183105469, 'temperature': 30.899999618530273}, 'joint2': {'current': 206, 'voltage': 48.709999084472656, 'temperature': 27.799999237060547}, 'joint3': {'current': -183, 'voltage': 48.290000915527344, 'temperature': 30.899999618530273}, 'joint4': {'current': -33, 'voltage': 48.08000183105469, 'temperature': 37.20000076293945}, 'joint5': {'current': -63, 'voltage': 47.970001220703125, 'temperature': 38.70000076293945}, 'joint6': {'current': 34, 'voltage': 48.099998474121094, 'temperature': 39.70000076293945}}
2022-01-11 11:29:01,390 [21764] INFO: joint_status={'joint1': {'current': -148, 'voltage': 48.33000183105469, 'temperature': 30.899999618530273}, 'joint2': {'current': 206, 'voltage': 48.709999084472656, 'temperature': 27.799999237060547}, 'joint3': {'current': -183, 'voltage': 48.290000915527344, 'temperature': 30.899999618530273}, 'joint4': {'current': -33, 'voltage': 48.08000183105469, 'temperature': 37.20000076293945}, 'joint5': {'current': -63, 'voltage': 47.970001220703125, 'temperature': 38.70000076293945}, 'joint6': {'current': 34, 'voltage': 48.099998474121094, 'temperature': 39.70000076293945}}
2022-01-11 11:29:01,390 [21764] INFO: joint_status={'joint1': {'current': -148, 'voltage': 48.33000183105469, 'temperature': 30.899999618530273}, 'joint2': {'current': 206, 'voltage': 48.709999084472656, 'temperature': 27.799999237060547}, 'joint3': {'current': -183, 'voltage': 48.290000915527344, 'temperature': 30.899999618530273}, 'joint4': {'current': -33, 'voltage': 48.08000183105469, 'temperature': 37.20000076293945}, 'joint5': {'current': -63, 'voltage': 47.970001220703125, 'temperature': 38.70000076293945}, 'joint6': {'current': 34, 'voltage': 48.099998474121094, 'temperature': 39.70000076293945}}
2022-01-11 11:29:01,390 [21764] INFO: joint_status={'joint1': {'current': -148, 'voltage': 48.33000183105469, 'temperature': 30.899999618530273}, 'joint2': {'current': 206, 'voltage': 48.709999084472656, 'temperature': 27.799999237060547}, 'joint3': {'current': -183, 'voltage': 48.290000915527344, 'temperature': 30.899999618530273}, 'joint4': {'current': -33, 'voltage': 48.08000183105469, 'temperature': 37.20000076293945}, 'joint5': {'current': -63, 'voltage': 47.970001220703125, 'temperature': 38.70000076293945}, 'joint6': {'current': 34, 'voltage': 48.099998474121094, 'temperature': 39.70000076293945}}
2022-01-11 11:29:01,390 [21764] INFO: joint_status={'joint1': {'current': -148, 'voltage': 48.33000183105469, 'temperature': 30.899999618530273}, 'joint2': {'current': 206, 'voltage': 48.709999084472656, 'temperature': 27.799999237060547}, 'joint3': {'current': -183, 'voltage': 48.290000915527344, 'temperature': 30.899999618530273}, 'joint4': {'current': -33, 'voltage': 48.08000183105469, 'temperature': 37.20000076293945}, 'joint5': {'current': -63, 'voltage': 47.970001220703125, 'temperature': 38.70000076293945}, 'joint6': {'current': 34, 'voltage': 48.099998474121094, 'temperature': 39.70000076293945}}
2022-01-11 11:29:01,393 [21764] INFO: move joint to (0.541678, 0.225068, -0.948709, 0.397018, -1.5708, 0.541673)
2022-01-11 11:29:01,393 [21764] INFO: move joint to (0.541678, 0.225068, -0.948709, 0.397018, -1.5708, 0.541673)
2022-01-11 11:29:01,393 [21764] INFO: move joint to (0.541678, 0.225068, -0.948709, 0.397018, -1.5708, 0.541673)
2022-01-11 11:29:01,393 [21764] INFO: move joint to (0.541678, 0.225068, -0.948709, 0.397018, -1.5708, 0.541673)
2022-01-11 11:29:01,393 [21764] INFO: move joint to (0.541678, 0.225068, -0.948709, 0.397018, -1.5708, 0.541673)
2022-01-11 11:29:03,724 [21764] INFO: [1.5, 1.5, 1.5, 1.5, 1.5, 1.5]
2022-01-11 11:29:03,724 [21764] INFO: [1.5, 1.5, 1.5, 1.5, 1.5, 1.5]
2022-01-11 11:29:03,724 [21764] INFO: [1.5, 1.5, 1.5, 1.5, 1.5, 1.5]
2022-01-11 11:29:03,724 [21764] INFO: [1.5, 1.5, 1.5, 1.5, 1.5, 1.5]
2022-01-11 11:29:03,724 [21764] INFO: [1.5, 1.5, 1.5, 1.5, 1.5, 1.5]
2022-01-11 11:29:03,726 [21764] INFO: {'joint': [-3e-06, -0.127267, -1.321122, 0.376934, -1.570796, -8e-06], 'ori': [0.0019035388451642714, -0.7068867143164567, 0.7073205840617013, -0.0022673829325723237], 'pos': [-0.40248403904136104, -0.1202838765748893, 0.5489983883741528]}
2022-01-11 11:29:03,726 [21764] INFO: {'joint': [-3e-06, -0.127267, -1.321122, 0.376934, -1.570796, -8e-06], 'ori': [0.0019035388451642714, -0.7068867143164567, 0.7073205840617013, -0.0022673829325723237], 'pos': [-0.40248403904136104, -0.1202838765748893, 0.5489983883741528]}
2022-01-11 11:29:03,726 [21764] INFO: {'joint': [-3e-06, -0.127267, -1.321122, 0.376934, -1.570796, -8e-06], 'ori': [0.0019035388451642714, -0.7068867143164567, 0.7073205840617013, -0.0022673829325723237], 'pos': [-0.40248403904136104, -0.1202838765748893, 0.5489983883741528]}
2022-01-11 11:29:03,726 [21764] INFO: {'joint': [-3e-06, -0.127267, -1.321122, 0.376934, -1.570796, -8e-06], 'ori': [0.0019035388451642714, -0.7068867143164567, 0.7073205840617013, -0.0022673829325723237], 'pos': [-0.40248403904136104, -0.1202838765748893, 0.5489983883741528]}
2022-01-11 11:29:03,726 [21764] INFO: {'joint': [-3e-06, -0.127267, -1.321122, 0.376934, -1.570796, -8e-06], 'ori': [0.0019035388451642714, -0.7068867143164567, 0.7073205840617013, -0.0022673829325723237], 'pos': [-0.40248403904136104, -0.1202838765748893, 0.5489983883741528]}
2022-01-11 11:29:03,730 [21764] INFO: {'joint': [-5.057375646344044e-06, -0.12729901693319598, -1.321183866313307, 0.3769043641543926, -1.5707931332811875, -9.364330070719875e-06], 'ori': [0.0019035388451642714, -0.7068867143164567, 0.7073205840617013, -0.0022673829325723237], 'pos': [-0.40248403904136104, -0.1202838765748893, 0.5489983883741528]}
2022-01-11 11:29:03,730 [21764] INFO: {'joint': [-5.057375646344044e-06, -0.12729901693319598, -1.321183866313307, 0.3769043641543926, -1.5707931332811875, -9.364330070719875e-06], 'ori': [0.0019035388451642714, -0.7068867143164567, 0.7073205840617013, -0.0022673829325723237], 'pos': [-0.40248403904136104, -0.1202838765748893, 0.5489983883741528]}
2022-01-11 11:29:03,730 [21764] INFO: {'joint': [-5.057375646344044e-06, -0.12729901693319598, -1.321183866313307, 0.3769043641543926, -1.5707931332811875, -9.364330070719875e-06], 'ori': [0.0019035388451642714, -0.7068867143164567, 0.7073205840617013, -0.0022673829325723237], 'pos': [-0.40248403904136104, -0.1202838765748893, 0.5489983883741528]}
2022-01-11 11:29:03,730 [21764] INFO: {'joint': [-5.057375646344044e-06, -0.12729901693319598, -1.321183866313307, 0.3769043641543926, -1.5707931332811875, -9.364330070719875e-06], 'ori': [0.0019035388451642714, -0.7068867143164567, 0.7073205840617013, -0.0022673829325723237], 'pos': [-0.40248403904136104, -0.1202838765748893, 0.5489983883741528]}
2022-01-11 11:29:03,730 [21764] INFO: {'joint': [-5.057375646344044e-06, -0.12729901693319598, -1.321183866313307, 0.3769043641543926, -1.5707931332811875, -9.364330070719875e-06], 'ori': [0.0019035388451642714, -0.7068867143164567, 0.7073205840617013, -0.0022673829325723237], 'pos': [-0.40248403904136104, -0.1202838765748893, 0.5489983883741528]}
2022-01-11 11:29:03,735 [21764] INFO: move joint to (0.0, 0.0, 0.0, 0.0, 0.0, 0.0)
2022-01-11 11:29:03,735 [21764] INFO: move joint to (0.0, 0.0, 0.0, 0.0, 0.0, 0.0)
2022-01-11 11:29:03,735 [21764] INFO: move joint to (0.0, 0.0, 0.0, 0.0, 0.0, 0.0)
2022-01-11 11:29:03,735 [21764] INFO: move joint to (0.0, 0.0, 0.0, 0.0, 0.0, 0.0)
2022-01-11 11:29:03,735 [21764] INFO: move joint to (0.0, 0.0, 0.0, 0.0, 0.0, 0.0)
2022-01-11 11:29:06,087 [21764] INFO: joint_status={'joint1': {'current': -1651, 'voltage': 48.33000183105469, 'temperature': 30.899999618530273}, 'joint2': {'current': 2339, 'voltage': 48.709999084472656, 'temperature': 27.799999237060547}, 'joint3': {'current': -1379, 'voltage': 48.290000915527344, 'temperature': 30.899999618530273}, 'joint4': {'current': 371, 'voltage': 48.09000015258789, 'temperature': 37.20000076293945}, 'joint5': {'current': -24, 'voltage': 47.970001220703125, 'temperature': 38.70000076293945}, 'joint6': {'current': 50, 'voltage': 48.099998474121094, 'temperature': 39.70000076293945}}
2022-01-11 11:29:06,087 [21764] INFO: joint_status={'joint1': {'current': -1651, 'voltage': 48.33000183105469, 'temperature': 30.899999618530273}, 'joint2': {'current': 2339, 'voltage': 48.709999084472656, 'temperature': 27.799999237060547}, 'joint3': {'current': -1379, 'voltage': 48.290000915527344, 'temperature': 30.899999618530273}, 'joint4': {'current': 371, 'voltage': 48.09000015258789, 'temperature': 37.20000076293945}, 'joint5': {'current': -24, 'voltage': 47.970001220703125, 'temperature': 38.70000076293945}, 'joint6': {'current': 50, 'voltage': 48.099998474121094, 'temperature': 39.70000076293945}}
2022-01-11 11:29:06,087 [21764] INFO: joint_status={'joint1': {'current': -1651, 'voltage': 48.33000183105469, 'temperature': 30.899999618530273}, 'joint2': {'current': 2339, 'voltage': 48.709999084472656, 'temperature': 27.799999237060547}, 'joint3': {'current': -1379, 'voltage': 48.290000915527344, 'temperature': 30.899999618530273}, 'joint4': {'current': 371, 'voltage': 48.09000015258789, 'temperature': 37.20000076293945}, 'joint5': {'current': -24, 'voltage': 47.970001220703125, 'temperature': 38.70000076293945}, 'joint6': {'current': 50, 'voltage': 48.099998474121094, 'temperature': 39.70000076293945}}
2022-01-11 11:29:06,087 [21764] INFO: joint_status={'joint1': {'current': -1651, 'voltage': 48.33000183105469, 'temperature': 30.899999618530273}, 'joint2': {'current': 2339, 'voltage': 48.709999084472656, 'temperature': 27.799999237060547}, 'joint3': {'current': -1379, 'voltage': 48.290000915527344, 'temperature': 30.899999618530273}, 'joint4': {'current': 371, 'voltage': 48.09000015258789, 'temperature': 37.20000076293945}, 'joint5': {'current': -24, 'voltage': 47.970001220703125, 'temperature': 38.70000076293945}, 'joint6': {'current': 50, 'voltage': 48.099998474121094, 'temperature': 39.70000076293945}}
2022-01-11 11:29:06,087 [21764] INFO: joint_status={'joint1': {'current': -1651, 'voltage': 48.33000183105469, 'temperature': 30.899999618530273}, 'joint2': {'current': 2339, 'voltage': 48.709999084472656, 'temperature': 27.799999237060547}, 'joint3': {'current': -1379, 'voltage': 48.290000915527344, 'temperature': 30.899999618530273}, 'joint4': {'current': 371, 'voltage': 48.09000015258789, 'temperature': 37.20000076293945}, 'joint5': {'current': -24, 'voltage': 47.970001220703125, 'temperature': 38.70000076293945}, 'joint6': {'current': 50, 'voltage': 48.099998474121094, 'temperature': 39.70000076293945}}
2022-01-11 11:29:06,089 [21764] INFO: move joint to (0.541678, 0.225068, -0.948709, 0.397018, -1.5708, 0.541673)
2022-01-11 11:29:06,089 [21764] INFO: move joint to (0.541678, 0.225068, -0.948709, 0.397018, -1.5708, 0.541673)
2022-01-11 11:29:06,089 [21764] INFO: move joint to (0.541678, 0.225068, -0.948709, 0.397018, -1.5708, 0.541673)
2022-01-11 11:29:06,089 [21764] INFO: move joint to (0.541678, 0.225068, -0.948709, 0.397018, -1.5708, 0.541673)
2022-01-11 11:29:06,089 [21764] INFO: move joint to (0.541678, 0.225068, -0.948709, 0.397018, -1.5708, 0.541673)
2022-01-11 11:29:08,438 [21764] INFO: [1.5, 1.5, 1.5, 1.5, 1.5, 1.5]
2022-01-11 11:29:08,438 [21764] INFO: [1.5, 1.5, 1.5, 1.5, 1.5, 1.5]
2022-01-11 11:29:08,438 [21764] INFO: [1.5, 1.5, 1.5, 1.5, 1.5, 1.5]
2022-01-11 11:29:08,438 [21764] INFO: [1.5, 1.5, 1.5, 1.5, 1.5, 1.5]
2022-01-11 11:29:08,438 [21764] INFO: [1.5, 1.5, 1.5, 1.5, 1.5, 1.5]
2022-01-11 11:29:08,440 [21764] INFO: {'joint': [-3e-06, -0.127267, -1.321122, 0.376934, -1.570796, -8e-06], 'ori': [0.0019035388451642714, -0.7068867143164567, 0.7073205840617013, -0.0022673829325723237], 'pos': [-0.40248403904136104, -0.1202838765748893, 0.5489983883741528]}
2022-01-11 11:29:08,440 [21764] INFO: {'joint': [-3e-06, -0.127267, -1.321122, 0.376934, -1.570796, -8e-06], 'ori': [0.0019035388451642714, -0.7068867143164567, 0.7073205840617013, -0.0022673829325723237], 'pos': [-0.40248403904136104, -0.1202838765748893, 0.5489983883741528]}
2022-01-11 11:29:08,440 [21764] INFO: {'joint': [-3e-06, -0.127267, -1.321122, 0.376934, -1.570796, -8e-06], 'ori': [0.0019035388451642714, -0.7068867143164567, 0.7073205840617013, -0.0022673829325723237], 'pos': [-0.40248403904136104, -0.1202838765748893, 0.5489983883741528]}
2022-01-11 11:29:08,440 [21764] INFO: {'joint': [-3e-06, -0.127267, -1.321122, 0.376934, -1.570796, -8e-06], 'ori': [0.0019035388451642714, -0.7068867143164567, 0.7073205840617013, -0.0022673829325723237], 'pos': [-0.40248403904136104, -0.1202838765748893, 0.5489983883741528]}
2022-01-11 11:29:08,440 [21764] INFO: {'joint': [-3e-06, -0.127267, -1.321122, 0.376934, -1.570796, -8e-06], 'ori': [0.0019035388451642714, -0.7068867143164567, 0.7073205840617013, -0.0022673829325723237], 'pos': [-0.40248403904136104, -0.1202838765748893, 0.5489983883741528]}
2022-01-11 11:29:08,442 [21764] INFO: {'joint': [-5.057375646344044e-06, -0.12729901693319598, -1.321183866313307, 0.3769043641543926, -1.5707931332811875, -9.364330070719875e-06], 'ori': [0.0019035388451642714, -0.7068867143164567, 0.7073205840617013, -0.0022673829325723237], 'pos': [-0.40248403904136104, -0.1202838765748893, 0.5489983883741528]}
2022-01-11 11:29:08,442 [21764] INFO: {'joint': [-5.057375646344044e-06, -0.12729901693319598, -1.321183866313307, 0.3769043641543926, -1.5707931332811875, -9.364330070719875e-06], 'ori': [0.0019035388451642714, -0.7068867143164567, 0.7073205840617013, -0.0022673829325723237], 'pos': [-0.40248403904136104, -0.1202838765748893, 0.5489983883741528]}
2022-01-11 11:29:08,442 [21764] INFO: {'joint': [-5.057375646344044e-06, -0.12729901693319598, -1.321183866313307, 0.3769043641543926, -1.5707931332811875, -9.364330070719875e-06], 'ori': [0.0019035388451642714, -0.7068867143164567, 0.7073205840617013, -0.0022673829325723237], 'pos': [-0.40248403904136104, -0.1202838765748893, 0.5489983883741528]}
2022-01-11 11:29:08,442 [21764] INFO: {'joint': [-5.057375646344044e-06, -0.12729901693319598, -1.321183866313307, 0.3769043641543926, -1.5707931332811875, -9.364330070719875e-06], 'ori': [0.0019035388451642714, -0.7068867143164567, 0.7073205840617013, -0.0022673829325723237], 'pos': [-0.40248403904136104, -0.1202838765748893, 0.5489983883741528]}
2022-01-11 11:29:08,442 [21764] INFO: {'joint': [-5.057375646344044e-06, -0.12729901693319598, -1.321183866313307, 0.3769043641543926, -1.5707931332811875, -9.364330070719875e-06], 'ori': [0.0019035388451642714, -0.7068867143164567, 0.7073205840617013, -0.0022673829325723237], 'pos': [-0.40248403904136104, -0.1202838765748893, 0.5489983883741528]}
2022-01-11 11:29:08,447 [21764] INFO: move joint to (0.0, 0.0, 0.0, 0.0, 0.0, 0.0)
2022-01-11 11:29:08,447 [21764] INFO: move joint to (0.0, 0.0, 0.0, 0.0, 0.0, 0.0)
2022-01-11 11:29:08,447 [21764] INFO: move joint to (0.0, 0.0, 0.0, 0.0, 0.0, 0.0)
2022-01-11 11:29:08,447 [21764] INFO: move joint to (0.0, 0.0, 0.0, 0.0, 0.0, 0.0)
2022-01-11 11:29:08,447 [21764] INFO: move joint to (0.0, 0.0, 0.0, 0.0, 0.0, 0.0)
2022-01-11 11:29:11,315 [21764] INFO: ******************************disconnect1**********************
2022-01-11 11:29:11,315 [21764] INFO: ******************************disconnect1**********************
2022-01-11 11:29:11,315 [21764] INFO: ******************************disconnect1**********************
2022-01-11 11:29:11,315 [21764] INFO: ******************************disconnect1**********************
2022-01-11 11:29:11,315 [21764] INFO: ******************************disconnect1**********************
2022-01-11 11:29:13,012 [21764] INFO: Jan 11 2022 11:29:13 test completed.
2022-01-11 11:29:13,012 [21764] INFO: Jan 11 2022 11:29:13 test completed.
2022-01-11 11:29:13,012 [21764] INFO: Jan 11 2022 11:29:13 test completed.
2022-01-11 11:29:13,012 [21764] INFO: Jan 11 2022 11:29:13 test completed.
2022-01-11 11:29:13,012 [21764] INFO: Jan 11 2022 11:29:13 test completed.
2022-01-11 11:29:13,014 [21764] INFO: client_count=0
2022-01-11 11:29:13,014 [21764] INFO: client_count=0
2022-01-11 11:29:13,014 [21764] INFO: client_count=0
2022-01-11 11:29:13,014 [21764] INFO: client_count=0
2022-01-11 11:29:13,014 [21764] INFO: client_count=0
2022-01-11 11:29:13,017 [21764] INFO: test completed
2022-01-11 11:29:13,017 [21764] INFO: test completed
2022-01-11 11:29:13,017 [21764] INFO: test completed
2022-01-11 11:29:13,017 [21764] INFO: test completed
2022-01-11 11:29:13,017 [21764] INFO: test completed
2022-01-11 11:29:13,019 [21764] INFO: ******************************test_number 6
2022-01-11 11:29:13,019 [21764] INFO: ******************************test_number 6
2022-01-11 11:29:13,019 [21764] INFO: ******************************test_number 6
2022-01-11 11:29:13,019 [21764] INFO: ******************************test_number 6
2022-01-11 11:29:13,019 [21764] INFO: ******************************test_number 6
2022-01-11 11:29:13,028 [21764] INFO: Jan 11 2022 11:29:13 test beginning...
2022-01-11 11:29:13,028 [21764] INFO: Jan 11 2022 11:29:13 test beginning...
2022-01-11 11:29:13,028 [21764] INFO: Jan 11 2022 11:29:13 test beginning...
2022-01-11 11:29:13,028 [21764] INFO: Jan 11 2022 11:29:13 test beginning...
2022-01-11 11:29:13,028 [21764] INFO: Jan 11 2022 11:29:13 test beginning...
2022-01-11 11:29:13,028 [21764] INFO: Jan 11 2022 11:29:13 test beginning...
2022-01-11 11:29:13,053 [21764] INFO: robot.rshd=5
2022-01-11 11:29:13,053 [21764] INFO: robot.rshd=5
2022-01-11 11:29:13,053 [21764] INFO: robot.rshd=5
2022-01-11 11:29:13,053 [21764] INFO: robot.rshd=5
2022-01-11 11:29:13,053 [21764] INFO: robot.rshd=5
2022-01-11 11:29:13,053 [21764] INFO: robot.rshd=5
2022-01-11 11:29:13,066 [21764] INFO: ip=192.168.1.100, port=8899
2022-01-11 11:29:13,066 [21764] INFO: ip=192.168.1.100, port=8899
2022-01-11 11:29:13,066 [21764] INFO: ip=192.168.1.100, port=8899
2022-01-11 11:29:13,066 [21764] INFO: ip=192.168.1.100, port=8899
2022-01-11 11:29:13,066 [21764] INFO: ip=192.168.1.100, port=8899
2022-01-11 11:29:13,066 [21764] INFO: ip=192.168.1.100, port=8899
2022-01-11 11:29:17,455 [21764] INFO: joint_status={'joint1': {'current': -166, 'voltage': 48.33000183105469, 'temperature': 30.899999618530273}, 'joint2': {'current': 238, 'voltage': 48.720001220703125, 'temperature': 27.799999237060547}, 'joint3': {'current': -152, 'voltage': 48.29999923706055, 'temperature': 30.899999618530273}, 'joint4': {'current': -31, 'voltage': 48.09000015258789, 'temperature': 37.20000076293945}, 'joint5': {'current': -60, 'voltage': 47.970001220703125, 'temperature': 38.70000076293945}, 'joint6': {'current': 6, 'voltage': 48.11000061035156, 'temperature': 39.70000076293945}}
2022-01-11 11:29:17,455 [21764] INFO: joint_status={'joint1': {'current': -166, 'voltage': 48.33000183105469, 'temperature': 30.899999618530273}, 'joint2': {'current': 238, 'voltage': 48.720001220703125, 'temperature': 27.799999237060547}, 'joint3': {'current': -152, 'voltage': 48.29999923706055, 'temperature': 30.899999618530273}, 'joint4': {'current': -31, 'voltage': 48.09000015258789, 'temperature': 37.20000076293945}, 'joint5': {'current': -60, 'voltage': 47.970001220703125, 'temperature': 38.70000076293945}, 'joint6': {'current': 6, 'voltage': 48.11000061035156, 'temperature': 39.70000076293945}}
2022-01-11 11:29:17,455 [21764] INFO: joint_status={'joint1': {'current': -166, 'voltage': 48.33000183105469, 'temperature': 30.899999618530273}, 'joint2': {'current': 238, 'voltage': 48.720001220703125, 'temperature': 27.799999237060547}, 'joint3': {'current': -152, 'voltage': 48.29999923706055, 'temperature': 30.899999618530273}, 'joint4': {'current': -31, 'voltage': 48.09000015258789, 'temperature': 37.20000076293945}, 'joint5': {'current': -60, 'voltage': 47.970001220703125, 'temperature': 38.70000076293945}, 'joint6': {'current': 6, 'voltage': 48.11000061035156, 'temperature': 39.70000076293945}}
2022-01-11 11:29:17,455 [21764] INFO: joint_status={'joint1': {'current': -166, 'voltage': 48.33000183105469, 'temperature': 30.899999618530273}, 'joint2': {'current': 238, 'voltage': 48.720001220703125, 'temperature': 27.799999237060547}, 'joint3': {'current': -152, 'voltage': 48.29999923706055, 'temperature': 30.899999618530273}, 'joint4': {'current': -31, 'voltage': 48.09000015258789, 'temperature': 37.20000076293945}, 'joint5': {'current': -60, 'voltage': 47.970001220703125, 'temperature': 38.70000076293945}, 'joint6': {'current': 6, 'voltage': 48.11000061035156, 'temperature': 39.70000076293945}}
2022-01-11 11:29:17,455 [21764] INFO: joint_status={'joint1': {'current': -166, 'voltage': 48.33000183105469, 'temperature': 30.899999618530273}, 'joint2': {'current': 238, 'voltage': 48.720001220703125, 'temperature': 27.799999237060547}, 'joint3': {'current': -152, 'voltage': 48.29999923706055, 'temperature': 30.899999618530273}, 'joint4': {'current': -31, 'voltage': 48.09000015258789, 'temperature': 37.20000076293945}, 'joint5': {'current': -60, 'voltage': 47.970001220703125, 'temperature': 38.70000076293945}, 'joint6': {'current': 6, 'voltage': 48.11000061035156, 'temperature': 39.70000076293945}}
2022-01-11 11:29:17,455 [21764] INFO: joint_status={'joint1': {'current': -166, 'voltage': 48.33000183105469, 'temperature': 30.899999618530273}, 'joint2': {'current': 238, 'voltage': 48.720001220703125, 'temperature': 27.799999237060547}, 'joint3': {'current': -152, 'voltage': 48.29999923706055, 'temperature': 30.899999618530273}, 'joint4': {'current': -31, 'voltage': 48.09000015258789, 'temperature': 37.20000076293945}, 'joint5': {'current': -60, 'voltage': 47.970001220703125, 'temperature': 38.70000076293945}, 'joint6': {'current': 6, 'voltage': 48.11000061035156, 'temperature': 39.70000076293945}}
2022-01-11 11:29:17,457 [21764] INFO: move joint to (0.541678, 0.225068, -0.948709, 0.397018, -1.5708, 0.541673)
2022-01-11 11:29:17,457 [21764] INFO: move joint to (0.541678, 0.225068, -0.948709, 0.397018, -1.5708, 0.541673)
2022-01-11 11:29:17,457 [21764] INFO: move joint to (0.541678, 0.225068, -0.948709, 0.397018, -1.5708, 0.541673)
2022-01-11 11:29:17,457 [21764] INFO: move joint to (0.541678, 0.225068, -0.948709, 0.397018, -1.5708, 0.541673)
2022-01-11 11:29:17,457 [21764] INFO: move joint to (0.541678, 0.225068, -0.948709, 0.397018, -1.5708, 0.541673)
2022-01-11 11:29:17,457 [21764] INFO: move joint to (0.541678, 0.225068, -0.948709, 0.397018, -1.5708, 0.541673)
2022-01-11 11:29:19,795 [21764] INFO: [1.5, 1.5, 1.5, 1.5, 1.5, 1.5]
2022-01-11 11:29:19,795 [21764] INFO: [1.5, 1.5, 1.5, 1.5, 1.5, 1.5]
2022-01-11 11:29:19,795 [21764] INFO: [1.5, 1.5, 1.5, 1.5, 1.5, 1.5]
2022-01-11 11:29:19,795 [21764] INFO: [1.5, 1.5, 1.5, 1.5, 1.5, 1.5]
2022-01-11 11:29:19,795 [21764] INFO: [1.5, 1.5, 1.5, 1.5, 1.5, 1.5]
2022-01-11 11:29:19,795 [21764] INFO: [1.5, 1.5, 1.5, 1.5, 1.5, 1.5]
2022-01-11 11:29:19,802 [21764] INFO: {'joint': [-3e-06, -0.127267, -1.321122, 0.376934, -1.570796, -8e-06], 'ori': [0.0019035388451642714, -0.7068867143164567, 0.7073205840617013, -0.0022673829325723237], 'pos': [-0.40248403904136104, -0.1202838765748893, 0.5489983883741528]}
2022-01-11 11:29:19,802 [21764] INFO: {'joint': [-3e-06, -0.127267, -1.321122, 0.376934, -1.570796, -8e-06], 'ori': [0.0019035388451642714, -0.7068867143164567, 0.7073205840617013, -0.0022673829325723237], 'pos': [-0.40248403904136104, -0.1202838765748893, 0.5489983883741528]}
2022-01-11 11:29:19,802 [21764] INFO: {'joint': [-3e-06, -0.127267, -1.321122, 0.376934, -1.570796, -8e-06], 'ori': [0.0019035388451642714, -0.7068867143164567, 0.7073205840617013, -0.0022673829325723237], 'pos': [-0.40248403904136104, -0.1202838765748893, 0.5489983883741528]}
2022-01-11 11:29:19,802 [21764] INFO: {'joint': [-3e-06, -0.127267, -1.321122, 0.376934, -1.570796, -8e-06], 'ori': [0.0019035388451642714, -0.7068867143164567, 0.7073205840617013, -0.0022673829325723237], 'pos': [-0.40248403904136104, -0.1202838765748893, 0.5489983883741528]}
2022-01-11 11:29:19,802 [21764] INFO: {'joint': [-3e-06, -0.127267, -1.321122, 0.376934, -1.570796, -8e-06], 'ori': [0.0019035388451642714, -0.7068867143164567, 0.7073205840617013, -0.0022673829325723237], 'pos': [-0.40248403904136104, -0.1202838765748893, 0.5489983883741528]}
2022-01-11 11:29:19,802 [21764] INFO: {'joint': [-3e-06, -0.127267, -1.321122, 0.376934, -1.570796, -8e-06], 'ori': [0.0019035388451642714, -0.7068867143164567, 0.7073205840617013, -0.0022673829325723237], 'pos': [-0.40248403904136104, -0.1202838765748893, 0.5489983883741528]}
2022-01-11 11:29:19,818 [21764] INFO: {'joint': [-5.057375646344044e-06, -0.12729901693319598, -1.321183866313307, 0.3769043641543926, -1.5707931332811875, -9.364330070719875e-06], 'ori': [0.0019035388451642714, -0.7068867143164567, 0.7073205840617013, -0.0022673829325723237], 'pos': [-0.40248403904136104, -0.1202838765748893, 0.5489983883741528]}
2022-01-11 11:29:19,818 [21764] INFO: {'joint': [-5.057375646344044e-06, -0.12729901693319598, -1.321183866313307, 0.3769043641543926, -1.5707931332811875, -9.364330070719875e-06], 'ori': [0.0019035388451642714, -0.7068867143164567, 0.7073205840617013, -0.0022673829325723237], 'pos': [-0.40248403904136104, -0.1202838765748893, 0.5489983883741528]}
2022-01-11 11:29:19,818 [21764] INFO: {'joint': [-5.057375646344044e-06, -0.12729901693319598, -1.321183866313307, 0.3769043641543926, -1.5707931332811875, -9.364330070719875e-06], 'ori': [0.0019035388451642714, -0.7068867143164567, 0.7073205840617013, -0.0022673829325723237], 'pos': [-0.40248403904136104, -0.1202838765748893, 0.5489983883741528]}
2022-01-11 11:29:19,818 [21764] INFO: {'joint': [-5.057375646344044e-06, -0.12729901693319598, -1.321183866313307, 0.3769043641543926, -1.5707931332811875, -9.364330070719875e-06], 'ori': [0.0019035388451642714, -0.7068867143164567, 0.7073205840617013, -0.0022673829325723237], 'pos': [-0.40248403904136104, -0.1202838765748893, 0.5489983883741528]}
2022-01-11 11:29:19,818 [21764] INFO: {'joint': [-5.057375646344044e-06, -0.12729901693319598, -1.321183866313307, 0.3769043641543926, -1.5707931332811875, -9.364330070719875e-06], 'ori': [0.0019035388451642714, -0.7068867143164567, 0.7073205840617013, -0.0022673829325723237], 'pos': [-0.40248403904136104, -0.1202838765748893, 0.5489983883741528]}
2022-01-11 11:29:19,818 [21764] INFO: {'joint': [-5.057375646344044e-06, -0.12729901693319598, -1.321183866313307, 0.3769043641543926, -1.5707931332811875, -9.364330070719875e-06], 'ori': [0.0019035388451642714, -0.7068867143164567, 0.7073205840617013, -0.0022673829325723237], 'pos': [-0.40248403904136104, -0.1202838765748893, 0.5489983883741528]}
2022-01-11 11:29:19,833 [21764] INFO: move joint to (0.0, 0.0, 0.0, 0.0, 0.0, 0.0)
2022-01-11 11:29:19,833 [21764] INFO: move joint to (0.0, 0.0, 0.0, 0.0, 0.0, 0.0)
2022-01-11 11:29:19,833 [21764] INFO: move joint to (0.0, 0.0, 0.0, 0.0, 0.0, 0.0)
2022-01-11 11:29:19,833 [21764] INFO: move joint to (0.0, 0.0, 0.0, 0.0, 0.0, 0.0)
2022-01-11 11:29:19,833 [21764] INFO: move joint to (0.0, 0.0, 0.0, 0.0, 0.0, 0.0)
2022-01-11 11:29:19,833 [21764] INFO: move joint to (0.0, 0.0, 0.0, 0.0, 0.0, 0.0)
2022-01-11 11:29:22,169 [21764] INFO: joint_status={'joint1': {'current': -1654, 'voltage': 48.33000183105469, 'temperature': 30.899999618530273}, 'joint2': {'current': 2341, 'voltage': 48.720001220703125, 'temperature': 27.799999237060547}, 'joint3': {'current': -1369, 'voltage': 48.279998779296875, 'temperature': 30.899999618530273}, 'joint4': {'current': 348, 'voltage': 48.09000015258789, 'temperature': 37.20000076293945}, 'joint5': {'current': -21, 'voltage': 47.97999954223633, 'temperature': 38.70000076293945}, 'joint6': {'current': 44, 'voltage': 48.11000061035156, 'temperature': 39.70000076293945}}
2022-01-11 11:29:22,169 [21764] INFO: joint_status={'joint1': {'current': -1654, 'voltage': 48.33000183105469, 'temperature': 30.899999618530273}, 'joint2': {'current': 2341, 'voltage': 48.720001220703125, 'temperature': 27.799999237060547}, 'joint3': {'current': -1369, 'voltage': 48.279998779296875, 'temperature': 30.899999618530273}, 'joint4': {'current': 348, 'voltage': 48.09000015258789, 'temperature': 37.20000076293945}, 'joint5': {'current': -21, 'voltage': 47.97999954223633, 'temperature': 38.70000076293945}, 'joint6': {'current': 44, 'voltage': 48.11000061035156, 'temperature': 39.70000076293945}}
2022-01-11 11:29:22,169 [21764] INFO: joint_status={'joint1': {'current': -1654, 'voltage': 48.33000183105469, 'temperature': 30.899999618530273}, 'joint2': {'current': 2341, 'voltage': 48.720001220703125, 'temperature': 27.799999237060547}, 'joint3': {'current': -1369, 'voltage': 48.279998779296875, 'temperature': 30.899999618530273}, 'joint4': {'current': 348, 'voltage': 48.09000015258789, 'temperature': 37.20000076293945}, 'joint5': {'current': -21, 'voltage': 47.97999954223633, 'temperature': 38.70000076293945}, 'joint6': {'current': 44, 'voltage': 48.11000061035156, 'temperature': 39.70000076293945}}
2022-01-11 11:29:22,169 [21764] INFO: joint_status={'joint1': {'current': -1654, 'voltage': 48.33000183105469, 'temperature': 30.899999618530273}, 'joint2': {'current': 2341, 'voltage': 48.720001220703125, 'temperature': 27.799999237060547}, 'joint3': {'current': -1369, 'voltage': 48.279998779296875, 'temperature': 30.899999618530273}, 'joint4': {'current': 348, 'voltage': 48.09000015258789, 'temperature': 37.20000076293945}, 'joint5': {'current': -21, 'voltage': 47.97999954223633, 'temperature': 38.70000076293945}, 'joint6': {'current': 44, 'voltage': 48.11000061035156, 'temperature': 39.70000076293945}}
2022-01-11 11:29:22,169 [21764] INFO: joint_status={'joint1': {'current': -1654, 'voltage': 48.33000183105469, 'temperature': 30.899999618530273}, 'joint2': {'current': 2341, 'voltage': 48.720001220703125, 'temperature': 27.799999237060547}, 'joint3': {'current': -1369, 'voltage': 48.279998779296875, 'temperature': 30.899999618530273}, 'joint4': {'current': 348, 'voltage': 48.09000015258789, 'temperature': 37.20000076293945}, 'joint5': {'current': -21, 'voltage': 47.97999954223633, 'temperature': 38.70000076293945}, 'joint6': {'current': 44, 'voltage': 48.11000061035156, 'temperature': 39.70000076293945}}
2022-01-11 11:29:22,169 [21764] INFO: joint_status={'joint1': {'current': -1654, 'voltage': 48.33000183105469, 'temperature': 30.899999618530273}, 'joint2': {'current': 2341, 'voltage': 48.720001220703125, 'temperature': 27.799999237060547}, 'joint3': {'current': -1369, 'voltage': 48.279998779296875, 'temperature': 30.899999618530273}, 'joint4': {'current': 348, 'voltage': 48.09000015258789, 'temperature': 37.20000076293945}, 'joint5': {'current': -21, 'voltage': 47.97999954223633, 'temperature': 38.70000076293945}, 'joint6': {'current': 44, 'voltage': 48.11000061035156, 'temperature': 39.70000076293945}}
2022-01-11 11:29:22,174 [21764] INFO: move joint to (0.541678, 0.225068, -0.948709, 0.397018, -1.5708, 0.541673)
2022-01-11 11:29:22,174 [21764] INFO: move joint to (0.541678, 0.225068, -0.948709, 0.397018, -1.5708, 0.541673)
2022-01-11 11:29:22,174 [21764] INFO: move joint to (0.541678, 0.225068, -0.948709, 0.397018, -1.5708, 0.541673)
2022-01-11 11:29:22,174 [21764] INFO: move joint to (0.541678, 0.225068, -0.948709, 0.397018, -1.5708, 0.541673)
2022-01-11 11:29:22,174 [21764] INFO: move joint to (0.541678, 0.225068, -0.948709, 0.397018, -1.5708, 0.541673)
2022-01-11 11:29:22,174 [21764] INFO: move joint to (0.541678, 0.225068, -0.948709, 0.397018, -1.5708, 0.541673)
2022-01-11 11:29:24,527 [21764] INFO: [1.5, 1.5, 1.5, 1.5, 1.5, 1.5]
2022-01-11 11:29:24,527 [21764] INFO: [1.5, 1.5, 1.5, 1.5, 1.5, 1.5]
2022-01-11 11:29:24,527 [21764] INFO: [1.5, 1.5, 1.5, 1.5, 1.5, 1.5]
2022-01-11 11:29:24,527 [21764] INFO: [1.5, 1.5, 1.5, 1.5, 1.5, 1.5]
2022-01-11 11:29:24,527 [21764] INFO: [1.5, 1.5, 1.5, 1.5, 1.5, 1.5]
2022-01-11 11:29:24,527 [21764] INFO: [1.5, 1.5, 1.5, 1.5, 1.5, 1.5]
2022-01-11 11:29:24,529 [21764] INFO: {'joint': [-3e-06, -0.127267, -1.321122, 0.376934, -1.570796, -8e-06], 'ori': [0.0019035388451642714, -0.7068867143164567, 0.7073205840617013, -0.0022673829325723237], 'pos': [-0.40248403904136104, -0.1202838765748893, 0.5489983883741528]}
2022-01-11 11:29:24,529 [21764] INFO: {'joint': [-3e-06, -0.127267, -1.321122, 0.376934, -1.570796, -8e-06], 'ori': [0.0019035388451642714, -0.7068867143164567, 0.7073205840617013, -0.0022673829325723237], 'pos': [-0.40248403904136104, -0.1202838765748893, 0.5489983883741528]}
2022-01-11 11:29:24,529 [21764] INFO: {'joint': [-3e-06, -0.127267, -1.321122, 0.376934, -1.570796, -8e-06], 'ori': [0.0019035388451642714, -0.7068867143164567, 0.7073205840617013, -0.0022673829325723237], 'pos': [-0.40248403904136104, -0.1202838765748893, 0.5489983883741528]}
2022-01-11 11:29:24,529 [21764] INFO: {'joint': [-3e-06, -0.127267, -1.321122, 0.376934, -1.570796, -8e-06], 'ori': [0.0019035388451642714, -0.7068867143164567, 0.7073205840617013, -0.0022673829325723237], 'pos': [-0.40248403904136104, -0.1202838765748893, 0.5489983883741528]}
2022-01-11 11:29:24,529 [21764] INFO: {'joint': [-3e-06, -0.127267, -1.321122, 0.376934, -1.570796, -8e-06], 'ori': [0.0019035388451642714, -0.7068867143164567, 0.7073205840617013, -0.0022673829325723237], 'pos': [-0.40248403904136104, -0.1202838765748893, 0.5489983883741528]}
2022-01-11 11:29:24,529 [21764] INFO: {'joint': [-3e-06, -0.127267, -1.321122, 0.376934, -1.570796, -8e-06], 'ori': [0.0019035388451642714, -0.7068867143164567, 0.7073205840617013, -0.0022673829325723237], 'pos': [-0.40248403904136104, -0.1202838765748893, 0.5489983883741528]}
2022-01-11 11:29:24,535 [21764] INFO: {'joint': [-5.057375646344044e-06, -0.12729901693319598, -1.321183866313307, 0.3769043641543926, -1.5707931332811875, -9.364330070719875e-06], 'ori': [0.0019035388451642714, -0.7068867143164567, 0.7073205840617013, -0.0022673829325723237], 'pos': [-0.40248403904136104, -0.1202838765748893, 0.5489983883741528]}
2022-01-11 11:29:24,535 [21764] INFO: {'joint': [-5.057375646344044e-06, -0.12729901693319598, -1.321183866313307, 0.3769043641543926, -1.5707931332811875, -9.364330070719875e-06], 'ori': [0.0019035388451642714, -0.7068867143164567, 0.7073205840617013, -0.0022673829325723237], 'pos': [-0.40248403904136104, -0.1202838765748893, 0.5489983883741528]}
2022-01-11 11:29:24,535 [21764] INFO: {'joint': [-5.057375646344044e-06, -0.12729901693319598, -1.321183866313307, 0.3769043641543926, -1.5707931332811875, -9.364330070719875e-06], 'ori': [0.0019035388451642714, -0.7068867143164567, 0.7073205840617013, -0.0022673829325723237], 'pos': [-0.40248403904136104, -0.1202838765748893, 0.5489983883741528]}
2022-01-11 11:29:24,535 [21764] INFO: {'joint': [-5.057375646344044e-06, -0.12729901693319598, -1.321183866313307, 0.3769043641543926, -1.5707931332811875, -9.364330070719875e-06], 'ori': [0.0019035388451642714, -0.7068867143164567, 0.7073205840617013, -0.0022673829325723237], 'pos': [-0.40248403904136104, -0.1202838765748893, 0.5489983883741528]}
2022-01-11 11:29:24,535 [21764] INFO: {'joint': [-5.057375646344044e-06, -0.12729901693319598, -1.321183866313307, 0.3769043641543926, -1.5707931332811875, -9.364330070719875e-06], 'ori': [0.0019035388451642714, -0.7068867143164567, 0.7073205840617013, -0.0022673829325723237], 'pos': [-0.40248403904136104, -0.1202838765748893, 0.5489983883741528]}
2022-01-11 11:29:24,535 [21764] INFO: {'joint': [-5.057375646344044e-06, -0.12729901693319598, -1.321183866313307, 0.3769043641543926, -1.5707931332811875, -9.364330070719875e-06], 'ori': [0.0019035388451642714, -0.7068867143164567, 0.7073205840617013, -0.0022673829325723237], 'pos': [-0.40248403904136104, -0.1202838765748893, 0.5489983883741528]}
2022-01-11 11:29:24,540 [21764] INFO: move joint to (0.0, 0.0, 0.0, 0.0, 0.0, 0.0)
2022-01-11 11:29:24,540 [21764] INFO: move joint to (0.0, 0.0, 0.0, 0.0, 0.0, 0.0)
2022-01-11 11:29:24,540 [21764] INFO: move joint to (0.0, 0.0, 0.0, 0.0, 0.0, 0.0)
2022-01-11 11:29:24,540 [21764] INFO: move joint to (0.0, 0.0, 0.0, 0.0, 0.0, 0.0)
2022-01-11 11:29:24,540 [21764] INFO: move joint to (0.0, 0.0, 0.0, 0.0, 0.0, 0.0)
2022-01-11 11:29:24,540 [21764] INFO: move joint to (0.0, 0.0, 0.0, 0.0, 0.0, 0.0)
2022-01-11 11:29:27,386 [21764] INFO: ******************************disconnect1**********************
2022-01-11 11:29:27,386 [21764] INFO: ******************************disconnect1**********************
2022-01-11 11:29:27,386 [21764] INFO: ******************************disconnect1**********************
2022-01-11 11:29:27,386 [21764] INFO: ******************************disconnect1**********************
2022-01-11 11:29:27,386 [21764] INFO: ******************************disconnect1**********************
2022-01-11 11:29:27,386 [21764] INFO: ******************************disconnect1**********************
2022-01-11 11:29:29,008 [21764] INFO: Jan 11 2022 11:29:29 test completed.
2022-01-11 11:29:29,008 [21764] INFO: Jan 11 2022 11:29:29 test completed.
2022-01-11 11:29:29,008 [21764] INFO: Jan 11 2022 11:29:29 test completed.
2022-01-11 11:29:29,008 [21764] INFO: Jan 11 2022 11:29:29 test completed.
2022-01-11 11:29:29,008 [21764] INFO: Jan 11 2022 11:29:29 test completed.
2022-01-11 11:29:29,008 [21764] INFO: Jan 11 2022 11:29:29 test completed.
2022-01-11 11:29:29,011 [21764] INFO: client_count=0
2022-01-11 11:29:29,011 [21764] INFO: client_count=0
2022-01-11 11:29:29,011 [21764] INFO: client_count=0
2022-01-11 11:29:29,011 [21764] INFO: client_count=0
2022-01-11 11:29:29,011 [21764] INFO: client_count=0
2022-01-11 11:29:29,011 [21764] INFO: client_count=0
2022-01-11 11:29:29,017 [21764] INFO: test completed
2022-01-11 11:29:29,017 [21764] INFO: test completed
2022-01-11 11:29:29,017 [21764] INFO: test completed
2022-01-11 11:29:29,017 [21764] INFO: test completed
2022-01-11 11:29:29,017 [21764] INFO: test completed
2022-01-11 11:29:29,017 [21764] INFO: test completed
2022-01-11 11:29:29,024 [21764] INFO: ******************************test_number 7
2022-01-11 11:29:29,024 [21764] INFO: ******************************test_number 7
2022-01-11 11:29:29,024 [21764] INFO: ******************************test_number 7
2022-01-11 11:29:29,024 [21764] INFO: ******************************test_number 7
2022-01-11 11:29:29,024 [21764] INFO: ******************************test_number 7
2022-01-11 11:29:29,024 [21764] INFO: ******************************test_number 7
2022-01-11 11:29:29,033 [21764] INFO: Jan 11 2022 11:29:29 test beginning...
2022-01-11 11:29:29,033 [21764] INFO: Jan 11 2022 11:29:29 test beginning...
2022-01-11 11:29:29,033 [21764] INFO: Jan 11 2022 11:29:29 test beginning...
2022-01-11 11:29:29,033 [21764] INFO: Jan 11 2022 11:29:29 test beginning...
2022-01-11 11:29:29,033 [21764] INFO: Jan 11 2022 11:29:29 test beginning...
2022-01-11 11:29:29,033 [21764] INFO: Jan 11 2022 11:29:29 test beginning...
2022-01-11 11:29:29,033 [21764] INFO: Jan 11 2022 11:29:29 test beginning...
2022-01-11 11:29:29,044 [21764] INFO: robot.rshd=6
2022-01-11 11:29:29,044 [21764] INFO: robot.rshd=6
2022-01-11 11:29:29,044 [21764] INFO: robot.rshd=6
2022-01-11 11:29:29,044 [21764] INFO: robot.rshd=6
2022-01-11 11:29:29,044 [21764] INFO: robot.rshd=6
2022-01-11 11:29:29,044 [21764] INFO: robot.rshd=6
2022-01-11 11:29:29,044 [21764] INFO: robot.rshd=6
2022-01-11 11:29:29,054 [21764] INFO: ip=192.168.1.100, port=8899
2022-01-11 11:29:29,054 [21764] INFO: ip=192.168.1.100, port=8899
2022-01-11 11:29:29,054 [21764] INFO: ip=192.168.1.100, port=8899
2022-01-11 11:29:29,054 [21764] INFO: ip=192.168.1.100, port=8899
2022-01-11 11:29:29,054 [21764] INFO: ip=192.168.1.100, port=8899
2022-01-11 11:29:29,054 [21764] INFO: ip=192.168.1.100, port=8899
2022-01-11 11:29:29,054 [21764] INFO: ip=192.168.1.100, port=8899
2022-01-11 11:29:33,374 [21764] INFO: joint_status={'joint1': {'current': -155, 'voltage': 48.33000183105469, 'temperature': 30.899999618530273}, 'joint2': {'current': 68, 'voltage': 48.709999084472656, 'temperature': 27.799999237060547}, 'joint3': {'current': -169, 'voltage': 48.290000915527344, 'temperature': 30.899999618530273}, 'joint4': {'current': -34, 'voltage': 48.08000183105469, 'temperature': 37.20000076293945}, 'joint5': {'current': -77, 'voltage': 47.97999954223633, 'temperature': 38.70000076293945}, 'joint6': {'current': 38, 'voltage': 48.099998474121094, 'temperature': 39.70000076293945}}
2022-01-11 11:29:33,374 [21764] INFO: joint_status={'joint1': {'current': -155, 'voltage': 48.33000183105469, 'temperature': 30.899999618530273}, 'joint2': {'current': 68, 'voltage': 48.709999084472656, 'temperature': 27.799999237060547}, 'joint3': {'current': -169, 'voltage': 48.290000915527344, 'temperature': 30.899999618530273}, 'joint4': {'current': -34, 'voltage': 48.08000183105469, 'temperature': 37.20000076293945}, 'joint5': {'current': -77, 'voltage': 47.97999954223633, 'temperature': 38.70000076293945}, 'joint6': {'current': 38, 'voltage': 48.099998474121094, 'temperature': 39.70000076293945}}
2022-01-11 11:29:33,374 [21764] INFO: joint_status={'joint1': {'current': -155, 'voltage': 48.33000183105469, 'temperature': 30.899999618530273}, 'joint2': {'current': 68, 'voltage': 48.709999084472656, 'temperature': 27.799999237060547}, 'joint3': {'current': -169, 'voltage': 48.290000915527344, 'temperature': 30.899999618530273}, 'joint4': {'current': -34, 'voltage': 48.08000183105469, 'temperature': 37.20000076293945}, 'joint5': {'current': -77, 'voltage': 47.97999954223633, 'temperature': 38.70000076293945}, 'joint6': {'current': 38, 'voltage': 48.099998474121094, 'temperature': 39.70000076293945}}
2022-01-11 11:29:33,374 [21764] INFO: joint_status={'joint1': {'current': -155, 'voltage': 48.33000183105469, 'temperature': 30.899999618530273}, 'joint2': {'current': 68, 'voltage': 48.709999084472656, 'temperature': 27.799999237060547}, 'joint3': {'current': -169, 'voltage': 48.290000915527344, 'temperature': 30.899999618530273}, 'joint4': {'current': -34, 'voltage': 48.08000183105469, 'temperature': 37.20000076293945}, 'joint5': {'current': -77, 'voltage': 47.97999954223633, 'temperature': 38.70000076293945}, 'joint6': {'current': 38, 'voltage': 48.099998474121094, 'temperature': 39.70000076293945}}
2022-01-11 11:29:33,374 [21764] INFO: joint_status={'joint1': {'current': -155, 'voltage': 48.33000183105469, 'temperature': 30.899999618530273}, 'joint2': {'current': 68, 'voltage': 48.709999084472656, 'temperature': 27.799999237060547}, 'joint3': {'current': -169, 'voltage': 48.290000915527344, 'temperature': 30.899999618530273}, 'joint4': {'current': -34, 'voltage': 48.08000183105469, 'temperature': 37.20000076293945}, 'joint5': {'current': -77, 'voltage': 47.97999954223633, 'temperature': 38.70000076293945}, 'joint6': {'current': 38, 'voltage': 48.099998474121094, 'temperature': 39.70000076293945}}
2022-01-11 11:29:33,374 [21764] INFO: joint_status={'joint1': {'current': -155, 'voltage': 48.33000183105469, 'temperature': 30.899999618530273}, 'joint2': {'current': 68, 'voltage': 48.709999084472656, 'temperature': 27.799999237060547}, 'joint3': {'current': -169, 'voltage': 48.290000915527344, 'temperature': 30.899999618530273}, 'joint4': {'current': -34, 'voltage': 48.08000183105469, 'temperature': 37.20000076293945}, 'joint5': {'current': -77, 'voltage': 47.97999954223633, 'temperature': 38.70000076293945}, 'joint6': {'current': 38, 'voltage': 48.099998474121094, 'temperature': 39.70000076293945}}
2022-01-11 11:29:33,374 [21764] INFO: joint_status={'joint1': {'current': -155, 'voltage': 48.33000183105469, 'temperature': 30.899999618530273}, 'joint2': {'current': 68, 'voltage': 48.709999084472656, 'temperature': 27.799999237060547}, 'joint3': {'current': -169, 'voltage': 48.290000915527344, 'temperature': 30.899999618530273}, 'joint4': {'current': -34, 'voltage': 48.08000183105469, 'temperature': 37.20000076293945}, 'joint5': {'current': -77, 'voltage': 47.97999954223633, 'temperature': 38.70000076293945}, 'joint6': {'current': 38, 'voltage': 48.099998474121094, 'temperature': 39.70000076293945}}
2022-01-11 11:29:33,377 [21764] INFO: move joint to (0.541678, 0.225068, -0.948709, 0.397018, -1.5708, 0.541673)
2022-01-11 11:29:33,377 [21764] INFO: move joint to (0.541678, 0.225068, -0.948709, 0.397018, -1.5708, 0.541673)
2022-01-11 11:29:33,377 [21764] INFO: move joint to (0.541678, 0.225068, -0.948709, 0.397018, -1.5708, 0.541673)
2022-01-11 11:29:33,377 [21764] INFO: move joint to (0.541678, 0.225068, -0.948709, 0.397018, -1.5708, 0.541673)
2022-01-11 11:29:33,377 [21764] INFO: move joint to (0.541678, 0.225068, -0.948709, 0.397018, -1.5708, 0.541673)
2022-01-11 11:29:33,377 [21764] INFO: move joint to (0.541678, 0.225068, -0.948709, 0.397018, -1.5708, 0.541673)
2022-01-11 11:29:33,377 [21764] INFO: move joint to (0.541678, 0.225068, -0.948709, 0.397018, -1.5708, 0.541673)
2022-01-11 11:29:35,706 [21764] INFO: [1.5, 1.5, 1.5, 1.5, 1.5, 1.5]
2022-01-11 11:29:35,706 [21764] INFO: [1.5, 1.5, 1.5, 1.5, 1.5, 1.5]
2022-01-11 11:29:35,706 [21764] INFO: [1.5, 1.5, 1.5, 1.5, 1.5, 1.5]
2022-01-11 11:29:35,706 [21764] INFO: [1.5, 1.5, 1.5, 1.5, 1.5, 1.5]
2022-01-11 11:29:35,706 [21764] INFO: [1.5, 1.5, 1.5, 1.5, 1.5, 1.5]
2022-01-11 11:29:35,706 [21764] INFO: [1.5, 1.5, 1.5, 1.5, 1.5, 1.5]
2022-01-11 11:29:35,706 [21764] INFO: [1.5, 1.5, 1.5, 1.5, 1.5, 1.5]
2022-01-11 11:29:35,712 [21764] INFO: {'joint': [-3e-06, -0.127267, -1.321122, 0.376934, -1.570796, -8e-06], 'ori': [0.0019035388451642714, -0.7068867143164567, 0.7073205840617013, -0.0022673829325723237], 'pos': [-0.40248403904136104, -0.1202838765748893, 0.5489983883741528]}
2022-01-11 11:29:35,712 [21764] INFO: {'joint': [-3e-06, -0.127267, -1.321122, 0.376934, -1.570796, -8e-06], 'ori': [0.0019035388451642714, -0.7068867143164567, 0.7073205840617013, -0.0022673829325723237], 'pos': [-0.40248403904136104, -0.1202838765748893, 0.5489983883741528]}
2022-01-11 11:29:35,712 [21764] INFO: {'joint': [-3e-06, -0.127267, -1.321122, 0.376934, -1.570796, -8e-06], 'ori': [0.0019035388451642714, -0.7068867143164567, 0.7073205840617013, -0.0022673829325723237], 'pos': [-0.40248403904136104, -0.1202838765748893, 0.5489983883741528]}
2022-01-11 11:29:35,712 [21764] INFO: {'joint': [-3e-06, -0.127267, -1.321122, 0.376934, -1.570796, -8e-06], 'ori': [0.0019035388451642714, -0.7068867143164567, 0.7073205840617013, -0.0022673829325723237], 'pos': [-0.40248403904136104, -0.1202838765748893, 0.5489983883741528]}
2022-01-11 11:29:35,712 [21764] INFO: {'joint': [-3e-06, -0.127267, -1.321122, 0.376934, -1.570796, -8e-06], 'ori': [0.0019035388451642714, -0.7068867143164567, 0.7073205840617013, -0.0022673829325723237], 'pos': [-0.40248403904136104, -0.1202838765748893, 0.5489983883741528]}
2022-01-11 11:29:35,712 [21764] INFO: {'joint': [-3e-06, -0.127267, -1.321122, 0.376934, -1.570796, -8e-06], 'ori': [0.0019035388451642714, -0.7068867143164567, 0.7073205840617013, -0.0022673829325723237], 'pos': [-0.40248403904136104, -0.1202838765748893, 0.5489983883741528]}
2022-01-11 11:29:35,712 [21764] INFO: {'joint': [-3e-06, -0.127267, -1.321122, 0.376934, -1.570796, -8e-06], 'ori': [0.0019035388451642714, -0.7068867143164567, 0.7073205840617013, -0.0022673829325723237], 'pos': [-0.40248403904136104, -0.1202838765748893, 0.5489983883741528]}
2022-01-11 11:29:35,727 [21764] INFO: {'joint': [-5.057375646344044e-06, -0.12729901693319598, -1.321183866313307, 0.3769043641543926, -1.5707931332811875, -9.364330070719875e-06], 'ori': [0.0019035388451642714, -0.7068867143164567, 0.7073205840617013, -0.0022673829325723237], 'pos': [-0.40248403904136104, -0.1202838765748893, 0.5489983883741528]}
2022-01-11 11:29:35,727 [21764] INFO: {'joint': [-5.057375646344044e-06, -0.12729901693319598, -1.321183866313307, 0.3769043641543926, -1.5707931332811875, -9.364330070719875e-06], 'ori': [0.0019035388451642714, -0.7068867143164567, 0.7073205840617013, -0.0022673829325723237], 'pos': [-0.40248403904136104, -0.1202838765748893, 0.5489983883741528]}
2022-01-11 11:29:35,727 [21764] INFO: {'joint': [-5.057375646344044e-06, -0.12729901693319598, -1.321183866313307, 0.3769043641543926, -1.5707931332811875, -9.364330070719875e-06], 'ori': [0.0019035388451642714, -0.7068867143164567, 0.7073205840617013, -0.0022673829325723237], 'pos': [-0.40248403904136104, -0.1202838765748893, 0.5489983883741528]}
2022-01-11 11:29:35,727 [21764] INFO: {'joint': [-5.057375646344044e-06, -0.12729901693319598, -1.321183866313307, 0.3769043641543926, -1.5707931332811875, -9.364330070719875e-06], 'ori': [0.0019035388451642714, -0.7068867143164567, 0.7073205840617013, -0.0022673829325723237], 'pos': [-0.40248403904136104, -0.1202838765748893, 0.5489983883741528]}
2022-01-11 11:29:35,727 [21764] INFO: {'joint': [-5.057375646344044e-06, -0.12729901693319598, -1.321183866313307, 0.3769043641543926, -1.5707931332811875, -9.364330070719875e-06], 'ori': [0.0019035388451642714, -0.7068867143164567, 0.7073205840617013, -0.0022673829325723237], 'pos': [-0.40248403904136104, -0.1202838765748893, 0.5489983883741528]}
2022-01-11 11:29:35,727 [21764] INFO: {'joint': [-5.057375646344044e-06, -0.12729901693319598, -1.321183866313307, 0.3769043641543926, -1.5707931332811875, -9.364330070719875e-06], 'ori': [0.0019035388451642714, -0.7068867143164567, 0.7073205840617013, -0.0022673829325723237], 'pos': [-0.40248403904136104, -0.1202838765748893, 0.5489983883741528]}
2022-01-11 11:29:35,727 [21764] INFO: {'joint': [-5.057375646344044e-06, -0.12729901693319598, -1.321183866313307, 0.3769043641543926, -1.5707931332811875, -9.364330070719875e-06], 'ori': [0.0019035388451642714, -0.7068867143164567, 0.7073205840617013, -0.0022673829325723237], 'pos': [-0.40248403904136104, -0.1202838765748893, 0.5489983883741528]}
2022-01-11 11:29:35,739 [21764] INFO: move joint to (0.0, 0.0, 0.0, 0.0, 0.0, 0.0)
2022-01-11 11:29:35,739 [21764] INFO: move joint to (0.0, 0.0, 0.0, 0.0, 0.0, 0.0)
2022-01-11 11:29:35,739 [21764] INFO: move joint to (0.0, 0.0, 0.0, 0.0, 0.0, 0.0)
2022-01-11 11:29:35,739 [21764] INFO: move joint to (0.0, 0.0, 0.0, 0.0, 0.0, 0.0)
2022-01-11 11:29:35,739 [21764] INFO: move joint to (0.0, 0.0, 0.0, 0.0, 0.0, 0.0)
2022-01-11 11:29:35,739 [21764] INFO: move joint to (0.0, 0.0, 0.0, 0.0, 0.0, 0.0)
2022-01-11 11:29:35,739 [21764] INFO: move joint to (0.0, 0.0, 0.0, 0.0, 0.0, 0.0)
2022-01-11 11:29:38,085 [21764] INFO: joint_status={'joint1': {'current': -1561, 'voltage': 48.33000183105469, 'temperature': 30.899999618530273}, 'joint2': {'current': 2221, 'voltage': 48.709999084472656, 'temperature': 27.799999237060547}, 'joint3': {'current': -1160, 'voltage': 48.290000915527344, 'temperature': 30.899999618530273}, 'joint4': {'current': 221, 'voltage': 48.09000015258789, 'temperature': 37.20000076293945}, 'joint5': {'current': 80, 'voltage': 47.970001220703125, 'temperature': 38.70000076293945}, 'joint6': {'current': -35, 'voltage': 48.099998474121094, 'temperature': 39.599998474121094}}
2022-01-11 11:29:38,085 [21764] INFO: joint_status={'joint1': {'current': -1561, 'voltage': 48.33000183105469, 'temperature': 30.899999618530273}, 'joint2': {'current': 2221, 'voltage': 48.709999084472656, 'temperature': 27.799999237060547}, 'joint3': {'current': -1160, 'voltage': 48.290000915527344, 'temperature': 30.899999618530273}, 'joint4': {'current': 221, 'voltage': 48.09000015258789, 'temperature': 37.20000076293945}, 'joint5': {'current': 80, 'voltage': 47.970001220703125, 'temperature': 38.70000076293945}, 'joint6': {'current': -35, 'voltage': 48.099998474121094, 'temperature': 39.599998474121094}}
2022-01-11 11:29:38,085 [21764] INFO: joint_status={'joint1': {'current': -1561, 'voltage': 48.33000183105469, 'temperature': 30.899999618530273}, 'joint2': {'current': 2221, 'voltage': 48.709999084472656, 'temperature': 27.799999237060547}, 'joint3': {'current': -1160, 'voltage': 48.290000915527344, 'temperature': 30.899999618530273}, 'joint4': {'current': 221, 'voltage': 48.09000015258789, 'temperature': 37.20000076293945}, 'joint5': {'current': 80, 'voltage': 47.970001220703125, 'temperature': 38.70000076293945}, 'joint6': {'current': -35, 'voltage': 48.099998474121094, 'temperature': 39.599998474121094}}
2022-01-11 11:29:38,085 [21764] INFO: joint_status={'joint1': {'current': -1561, 'voltage': 48.33000183105469, 'temperature': 30.899999618530273}, 'joint2': {'current': 2221, 'voltage': 48.709999084472656, 'temperature': 27.799999237060547}, 'joint3': {'current': -1160, 'voltage': 48.290000915527344, 'temperature': 30.899999618530273}, 'joint4': {'current': 221, 'voltage': 48.09000015258789, 'temperature': 37.20000076293945}, 'joint5': {'current': 80, 'voltage': 47.970001220703125, 'temperature': 38.70000076293945}, 'joint6': {'current': -35, 'voltage': 48.099998474121094, 'temperature': 39.599998474121094}}
2022-01-11 11:29:38,085 [21764] INFO: joint_status={'joint1': {'current': -1561, 'voltage': 48.33000183105469, 'temperature': 30.899999618530273}, 'joint2': {'current': 2221, 'voltage': 48.709999084472656, 'temperature': 27.799999237060547}, 'joint3': {'current': -1160, 'voltage': 48.290000915527344, 'temperature': 30.899999618530273}, 'joint4': {'current': 221, 'voltage': 48.09000015258789, 'temperature': 37.20000076293945}, 'joint5': {'current': 80, 'voltage': 47.970001220703125, 'temperature': 38.70000076293945}, 'joint6': {'current': -35, 'voltage': 48.099998474121094, 'temperature': 39.599998474121094}}
2022-01-11 11:29:38,085 [21764] INFO: joint_status={'joint1': {'current': -1561, 'voltage': 48.33000183105469, 'temperature': 30.899999618530273}, 'joint2': {'current': 2221, 'voltage': 48.709999084472656, 'temperature': 27.799999237060547}, 'joint3': {'current': -1160, 'voltage': 48.290000915527344, 'temperature': 30.899999618530273}, 'joint4': {'current': 221, 'voltage': 48.09000015258789, 'temperature': 37.20000076293945}, 'joint5': {'current': 80, 'voltage': 47.970001220703125, 'temperature': 38.70000076293945}, 'joint6': {'current': -35, 'voltage': 48.099998474121094, 'temperature': 39.599998474121094}}
2022-01-11 11:29:38,085 [21764] INFO: joint_status={'joint1': {'current': -1561, 'voltage': 48.33000183105469, 'temperature': 30.899999618530273}, 'joint2': {'current': 2221, 'voltage': 48.709999084472656, 'temperature': 27.799999237060547}, 'joint3': {'current': -1160, 'voltage': 48.290000915527344, 'temperature': 30.899999618530273}, 'joint4': {'current': 221, 'voltage': 48.09000015258789, 'temperature': 37.20000076293945}, 'joint5': {'current': 80, 'voltage': 47.970001220703125, 'temperature': 38.70000076293945}, 'joint6': {'current': -35, 'voltage': 48.099998474121094, 'temperature': 39.599998474121094}}
2022-01-11 11:29:38,091 [21764] INFO: move joint to (0.541678, 0.225068, -0.948709, 0.397018, -1.5708, 0.541673)
2022-01-11 11:29:38,091 [21764] INFO: move joint to (0.541678, 0.225068, -0.948709, 0.397018, -1.5708, 0.541673)
2022-01-11 11:29:38,091 [21764] INFO: move joint to (0.541678, 0.225068, -0.948709, 0.397018, -1.5708, 0.541673)
2022-01-11 11:29:38,091 [21764] INFO: move joint to (0.541678, 0.225068, -0.948709, 0.397018, -1.5708, 0.541673)
2022-01-11 11:29:38,091 [21764] INFO: move joint to (0.541678, 0.225068, -0.948709, 0.397018, -1.5708, 0.541673)
2022-01-11 11:29:38,091 [21764] INFO: move joint to (0.541678, 0.225068, -0.948709, 0.397018, -1.5708, 0.541673)
2022-01-11 11:29:38,091 [21764] INFO: move joint to (0.541678, 0.225068, -0.948709, 0.397018, -1.5708, 0.541673)
2022-01-11 11:29:40,429 [21764] INFO: [1.5, 1.5, 1.5, 1.5, 1.5, 1.5]
2022-01-11 11:29:40,429 [21764] INFO: [1.5, 1.5, 1.5, 1.5, 1.5, 1.5]
2022-01-11 11:29:40,429 [21764] INFO: [1.5, 1.5, 1.5, 1.5, 1.5, 1.5]
2022-01-11 11:29:40,429 [21764] INFO: [1.5, 1.5, 1.5, 1.5, 1.5, 1.5]
2022-01-11 11:29:40,429 [21764] INFO: [1.5, 1.5, 1.5, 1.5, 1.5, 1.5]
2022-01-11 11:29:40,429 [21764] INFO: [1.5, 1.5, 1.5, 1.5, 1.5, 1.5]
2022-01-11 11:29:40,429 [21764] INFO: [1.5, 1.5, 1.5, 1.5, 1.5, 1.5]
2022-01-11 11:29:40,439 [21764] INFO: {'joint': [-3e-06, -0.127267, -1.321122, 0.376934, -1.570796, -8e-06], 'ori': [0.0019035388451642714, -0.7068867143164567, 0.7073205840617013, -0.0022673829325723237], 'pos': [-0.40248403904136104, -0.1202838765748893, 0.5489983883741528]}
2022-01-11 11:29:40,439 [21764] INFO: {'joint': [-3e-06, -0.127267, -1.321122, 0.376934, -1.570796, -8e-06], 'ori': [0.0019035388451642714, -0.7068867143164567, 0.7073205840617013, -0.0022673829325723237], 'pos': [-0.40248403904136104, -0.1202838765748893, 0.5489983883741528]}
2022-01-11 11:29:40,439 [21764] INFO: {'joint': [-3e-06, -0.127267, -1.321122, 0.376934, -1.570796, -8e-06], 'ori': [0.0019035388451642714, -0.7068867143164567, 0.7073205840617013, -0.0022673829325723237], 'pos': [-0.40248403904136104, -0.1202838765748893, 0.5489983883741528]}
2022-01-11 11:29:40,439 [21764] INFO: {'joint': [-3e-06, -0.127267, -1.321122, 0.376934, -1.570796, -8e-06], 'ori': [0.0019035388451642714, -0.7068867143164567, 0.7073205840617013, -0.0022673829325723237], 'pos': [-0.40248403904136104, -0.1202838765748893, 0.5489983883741528]}
2022-01-11 11:29:40,439 [21764] INFO: {'joint': [-3e-06, -0.127267, -1.321122, 0.376934, -1.570796, -8e-06], 'ori': [0.0019035388451642714, -0.7068867143164567, 0.7073205840617013, -0.0022673829325723237], 'pos': [-0.40248403904136104, -0.1202838765748893, 0.5489983883741528]}
2022-01-11 11:29:40,439 [21764] INFO: {'joint': [-3e-06, -0.127267, -1.321122, 0.376934, -1.570796, -8e-06], 'ori': [0.0019035388451642714, -0.7068867143164567, 0.7073205840617013, -0.0022673829325723237], 'pos': [-0.40248403904136104, -0.1202838765748893, 0.5489983883741528]}
2022-01-11 11:29:40,439 [21764] INFO: {'joint': [-3e-06, -0.127267, -1.321122, 0.376934, -1.570796, -8e-06], 'ori': [0.0019035388451642714, -0.7068867143164567, 0.7073205840617013, -0.0022673829325723237], 'pos': [-0.40248403904136104, -0.1202838765748893, 0.5489983883741528]}
2022-01-11 11:29:40,452 [21764] INFO: {'joint': [-5.057375646344044e-06, -0.12729901693319598, -1.321183866313307, 0.3769043641543926, -1.5707931332811875, -9.364330070719875e-06], 'ori': [0.0019035388451642714, -0.7068867143164567, 0.7073205840617013, -0.0022673829325723237], 'pos': [-0.40248403904136104, -0.1202838765748893, 0.5489983883741528]}
2022-01-11 11:29:40,452 [21764] INFO: {'joint': [-5.057375646344044e-06, -0.12729901693319598, -1.321183866313307, 0.3769043641543926, -1.5707931332811875, -9.364330070719875e-06], 'ori': [0.0019035388451642714, -0.7068867143164567, 0.7073205840617013, -0.0022673829325723237], 'pos': [-0.40248403904136104, -0.1202838765748893, 0.5489983883741528]}
2022-01-11 11:29:40,452 [21764] INFO: {'joint': [-5.057375646344044e-06, -0.12729901693319598, -1.321183866313307, 0.3769043641543926, -1.5707931332811875, -9.364330070719875e-06], 'ori': [0.0019035388451642714, -0.7068867143164567, 0.7073205840617013, -0.0022673829325723237], 'pos': [-0.40248403904136104, -0.1202838765748893, 0.5489983883741528]}
2022-01-11 11:29:40,452 [21764] INFO: {'joint': [-5.057375646344044e-06, -0.12729901693319598, -1.321183866313307, 0.3769043641543926, -1.5707931332811875, -9.364330070719875e-06], 'ori': [0.0019035388451642714, -0.7068867143164567, 0.7073205840617013, -0.0022673829325723237], 'pos': [-0.40248403904136104, -0.1202838765748893, 0.5489983883741528]}
2022-01-11 11:29:40,452 [21764] INFO: {'joint': [-5.057375646344044e-06, -0.12729901693319598, -1.321183866313307, 0.3769043641543926, -1.5707931332811875, -9.364330070719875e-06], 'ori': [0.0019035388451642714, -0.7068867143164567, 0.7073205840617013, -0.0022673829325723237], 'pos': [-0.40248403904136104, -0.1202838765748893, 0.5489983883741528]}
2022-01-11 11:29:40,452 [21764] INFO: {'joint': [-5.057375646344044e-06, -0.12729901693319598, -1.321183866313307, 0.3769043641543926, -1.5707931332811875, -9.364330070719875e-06], 'ori': [0.0019035388451642714, -0.7068867143164567, 0.7073205840617013, -0.0022673829325723237], 'pos': [-0.40248403904136104, -0.1202838765748893, 0.5489983883741528]}
2022-01-11 11:29:40,452 [21764] INFO: {'joint': [-5.057375646344044e-06, -0.12729901693319598, -1.321183866313307, 0.3769043641543926, -1.5707931332811875, -9.364330070719875e-06], 'ori': [0.0019035388451642714, -0.7068867143164567, 0.7073205840617013, -0.0022673829325723237], 'pos': [-0.40248403904136104, -0.1202838765748893, 0.5489983883741528]}
2022-01-11 11:29:40,458 [21764] INFO: move joint to (0.0, 0.0, 0.0, 0.0, 0.0, 0.0)
2022-01-11 11:29:40,458 [21764] INFO: move joint to (0.0, 0.0, 0.0, 0.0, 0.0, 0.0)
2022-01-11 11:29:40,458 [21764] INFO: move joint to (0.0, 0.0, 0.0, 0.0, 0.0, 0.0)
2022-01-11 11:29:40,458 [21764] INFO: move joint to (0.0, 0.0, 0.0, 0.0, 0.0, 0.0)
2022-01-11 11:29:40,458 [21764] INFO: move joint to (0.0, 0.0, 0.0, 0.0, 0.0, 0.0)
2022-01-11 11:29:40,458 [21764] INFO: move joint to (0.0, 0.0, 0.0, 0.0, 0.0, 0.0)
2022-01-11 11:29:40,458 [21764] INFO: move joint to (0.0, 0.0, 0.0, 0.0, 0.0, 0.0)
2022-01-11 11:29:43,297 [21764] INFO: ******************************disconnect1**********************
2022-01-11 11:29:43,297 [21764] INFO: ******************************disconnect1**********************
2022-01-11 11:29:43,297 [21764] INFO: ******************************disconnect1**********************
2022-01-11 11:29:43,297 [21764] INFO: ******************************disconnect1**********************
2022-01-11 11:29:43,297 [21764] INFO: ******************************disconnect1**********************
2022-01-11 11:29:43,297 [21764] INFO: ******************************disconnect1**********************
2022-01-11 11:29:43,297 [21764] INFO: ******************************disconnect1**********************
2022-01-11 13:51:55,652 [18304] INFO: Jan 11 2022 13:51:55 test beginning...
2022-01-11 13:51:55,661 [18304] INFO: robot.rshd=0
2022-01-11 13:51:55,662 [18304] INFO: ip=192.168.1.100, port=8899
2022-01-11 13:51:59,970 [18304] INFO: joint_status={'joint1': {'current': -81, 'voltage': 48.349998474121094, 'temperature': 31.899999618530273}, 'joint2': {'current': 15, 'voltage': 48.70000076293945, 'temperature': 29.100000381469727}, 'joint3': {'current': -4, 'voltage': 48.279998779296875, 'temperature': 31.399999618530273}, 'joint4': {'current': -33, 'voltage': 48.04999923706055, 'temperature': 38.79999923706055}, 'joint5': {'current': -53, 'voltage': 47.95000076293945, 'temperature': 39.79999923706055}, 'joint6': {'current': -2, 'voltage': 48.09000015258789, 'temperature': 41.0}}
2022-01-11 13:51:59,971 [18304] INFO: move joint to (0.541678, 0.225068, -0.948709, 0.397018, -1.5708, 0.541673)
2022-01-11 13:52:02,309 [18304] INFO: move joint to (0.0, 0.0, 0.0, 0.0, 0.0, 0.0)
2022-01-11 13:52:04,661 [18304] INFO: joint_status={'joint1': {'current': -1676, 'voltage': 48.34000015258789, 'temperature': 31.899999618530273}, 'joint2': {'current': 2426, 'voltage': 48.689998626708984, 'temperature': 28.600000381469727}, 'joint3': {'current': -1288, 'voltage': 48.29999923706055, 'temperature': 31.399999618530273}, 'joint4': {'current': 316, 'voltage': 48.04999923706055, 'temperature': 38.70000076293945}, 'joint5': {'current': 13, 'voltage': 47.959999084472656, 'temperature': 39.79999923706055}, 'joint6': {'current': 35, 'voltage': 48.099998474121094, 'temperature': 40.900001525878906}}
2022-01-11 13:52:04,663 [18304] INFO: move joint to (0.541678, 0.225068, -0.948709, 0.397018, -1.5708, 0.541673)
2022-01-11 13:52:07,017 [18304] INFO: move joint to (0.0, 0.0, 0.0, 0.0, 0.0, 0.0)
2022-01-11 13:52:09,887 [18304] INFO: ******************************disconnect1**********************
2022-01-11 13:52:11,012 [18304] INFO: Jan 11 2022 13:52:11 test completed.
2022-01-11 13:52:11,013 [18304] INFO: client_count=0
2022-01-11 13:52:11,014 [18304] INFO: test completed
2022-01-11 13:52:11,015 [18304] INFO: ******************************test_number 2
2022-01-11 13:52:11,018 [18304] INFO: Jan 11 2022 13:52:11 test beginning...
2022-01-11 13:52:11,018 [18304] INFO: Jan 11 2022 13:52:11 test beginning...
2022-01-11 13:52:11,033 [18304] INFO: robot.rshd=1
2022-01-11 13:52:11,033 [18304] INFO: robot.rshd=1
2022-01-11 13:52:11,034 [18304] INFO: ip=192.168.1.100, port=8899
2022-01-11 13:52:11,034 [18304] INFO: ip=192.168.1.100, port=8899
2022-01-11 13:52:15,350 [18304] INFO: joint_status={'joint1': {'current': -192, 'voltage': 48.34000015258789, 'temperature': 31.899999618530273}, 'joint2': {'current': 177, 'voltage': 48.70000076293945, 'temperature': 29.100000381469727}, 'joint3': {'current': 42, 'voltage': 48.279998779296875, 'temperature': 31.5}, 'joint4': {'current': -33, 'voltage': 48.04999923706055, 'temperature': 38.70000076293945}, 'joint5': {'current': -31, 'voltage': 47.95000076293945, 'temperature': 39.70000076293945}, 'joint6': {'current': 31, 'voltage': 48.09000015258789, 'temperature': 41.0}}
2022-01-11 13:52:15,350 [18304] INFO: joint_status={'joint1': {'current': -192, 'voltage': 48.34000015258789, 'temperature': 31.899999618530273}, 'joint2': {'current': 177, 'voltage': 48.70000076293945, 'temperature': 29.100000381469727}, 'joint3': {'current': 42, 'voltage': 48.279998779296875, 'temperature': 31.5}, 'joint4': {'current': -33, 'voltage': 48.04999923706055, 'temperature': 38.70000076293945}, 'joint5': {'current': -31, 'voltage': 47.95000076293945, 'temperature': 39.70000076293945}, 'joint6': {'current': 31, 'voltage': 48.09000015258789, 'temperature': 41.0}}
2022-01-11 13:52:15,351 [18304] INFO: move joint to (0.541678, 0.225068, -0.948709, 0.397018, -1.5708, 0.541673)
2022-01-11 13:52:15,351 [18304] INFO: move joint to (0.541678, 0.225068, -0.948709, 0.397018, -1.5708, 0.541673)
2022-01-11 13:52:17,673 [18304] INFO: move joint to (0.0, 0.0, 0.0, 0.0, 0.0, 0.0)
2022-01-11 13:52:17,673 [18304] INFO: move joint to (0.0, 0.0, 0.0, 0.0, 0.0, 0.0)
2022-01-11 13:52:20,030 [18304] INFO: joint_status={'joint1': {'current': -1648, 'voltage': 48.349998474121094, 'temperature': 31.899999618530273}, 'joint2': {'current': 2437, 'voltage': 48.70000076293945, 'temperature': 29.100000381469727}, 'joint3': {'current': -1376, 'voltage': 48.290000915527344, 'temperature': 31.5}, 'joint4': {'current': 355, 'voltage': 48.06999969482422, 'temperature': 38.70000076293945}, 'joint5': {'current': -28, 'voltage': 47.970001220703125, 'temperature': 39.70000076293945}, 'joint6': {'current': 61, 'voltage': 48.09000015258789, 'temperature': 40.900001525878906}}
2022-01-11 13:52:20,030 [18304] INFO: joint_status={'joint1': {'current': -1648, 'voltage': 48.349998474121094, 'temperature': 31.899999618530273}, 'joint2': {'current': 2437, 'voltage': 48.70000076293945, 'temperature': 29.100000381469727}, 'joint3': {'current': -1376, 'voltage': 48.290000915527344, 'temperature': 31.5}, 'joint4': {'current': 355, 'voltage': 48.06999969482422, 'temperature': 38.70000076293945}, 'joint5': {'current': -28, 'voltage': 47.970001220703125, 'temperature': 39.70000076293945}, 'joint6': {'current': 61, 'voltage': 48.09000015258789, 'temperature': 40.900001525878906}}
2022-01-11 13:52:20,031 [18304] INFO: move joint to (0.541678, 0.225068, -0.948709, 0.397018, -1.5708, 0.541673)
2022-01-11 13:52:20,031 [18304] INFO: move joint to (0.541678, 0.225068, -0.948709, 0.397018, -1.5708, 0.541673)
2022-01-11 13:52:22,391 [18304] INFO: move joint to (0.0, 0.0, 0.0, 0.0, 0.0, 0.0)
2022-01-11 13:52:22,391 [18304] INFO: move joint to (0.0, 0.0, 0.0, 0.0, 0.0, 0.0)
2022-01-11 13:52:25,257 [18304] INFO: ******************************disconnect1**********************
2022-01-11 13:52:25,257 [18304] INFO: ******************************disconnect1**********************
2022-01-11 13:52:27,015 [18304] INFO: Jan 11 2022 13:52:27 test completed.
2022-01-11 13:52:27,015 [18304] INFO: Jan 11 2022 13:52:27 test completed.
2022-01-11 13:52:27,017 [18304] INFO: client_count=0
2022-01-11 13:52:27,017 [18304] INFO: client_count=0
2022-01-11 13:52:27,021 [18304] INFO: test completed
2022-01-11 13:52:27,021 [18304] INFO: test completed
2022-01-11 13:52:27,023 [18304] INFO: ******************************test_number 3
2022-01-11 13:52:27,023 [18304] INFO: ******************************test_number 3
2022-01-11 13:52:27,034 [18304] INFO: Jan 11 2022 13:52:27 test beginning...
2022-01-11 13:52:27,034 [18304] INFO: Jan 11 2022 13:52:27 test beginning...
2022-01-11 13:52:27,034 [18304] INFO: Jan 11 2022 13:52:27 test beginning...
2022-01-11 13:52:27,063 [18304] INFO: robot.rshd=2
2022-01-11 13:52:27,063 [18304] INFO: robot.rshd=2
2022-01-11 13:52:27,063 [18304] INFO: robot.rshd=2
2022-01-11 13:52:27,064 [18304] INFO: ip=192.168.1.100, port=8899
2022-01-11 13:52:27,064 [18304] INFO: ip=192.168.1.100, port=8899
2022-01-11 13:52:27,064 [18304] INFO: ip=192.168.1.100, port=8899
2022-01-11 13:52:31,429 [18304] INFO: joint_status={'joint1': {'current': -176, 'voltage': 48.349998474121094, 'temperature': 31.899999618530273}, 'joint2': {'current': 202, 'voltage': 48.70000076293945, 'temperature': 29.100000381469727}, 'joint3': {'current': 78, 'voltage': 48.290000915527344, 'temperature': 31.5}, 'joint4': {'current': -39, 'voltage': 48.060001373291016, 'temperature': 38.599998474121094}, 'joint5': {'current': -33, 'voltage': 47.970001220703125, 'temperature': 39.70000076293945}, 'joint6': {'current': 9, 'voltage': 48.08000183105469, 'temperature': 40.900001525878906}}
2022-01-11 13:52:31,429 [18304] INFO: joint_status={'joint1': {'current': -176, 'voltage': 48.349998474121094, 'temperature': 31.899999618530273}, 'joint2': {'current': 202, 'voltage': 48.70000076293945, 'temperature': 29.100000381469727}, 'joint3': {'current': 78, 'voltage': 48.290000915527344, 'temperature': 31.5}, 'joint4': {'current': -39, 'voltage': 48.060001373291016, 'temperature': 38.599998474121094}, 'joint5': {'current': -33, 'voltage': 47.970001220703125, 'temperature': 39.70000076293945}, 'joint6': {'current': 9, 'voltage': 48.08000183105469, 'temperature': 40.900001525878906}}
2022-01-11 13:52:31,429 [18304] INFO: joint_status={'joint1': {'current': -176, 'voltage': 48.349998474121094, 'temperature': 31.899999618530273}, 'joint2': {'current': 202, 'voltage': 48.70000076293945, 'temperature': 29.100000381469727}, 'joint3': {'current': 78, 'voltage': 48.290000915527344, 'temperature': 31.5}, 'joint4': {'current': -39, 'voltage': 48.060001373291016, 'temperature': 38.599998474121094}, 'joint5': {'current': -33, 'voltage': 47.970001220703125, 'temperature': 39.70000076293945}, 'joint6': {'current': 9, 'voltage': 48.08000183105469, 'temperature': 40.900001525878906}}
2022-01-11 13:52:31,430 [18304] INFO: move joint to (0.541678, 0.225068, -0.948709, 0.397018, -1.5708, 0.541673)
2022-01-11 13:52:31,430 [18304] INFO: move joint to (0.541678, 0.225068, -0.948709, 0.397018, -1.5708, 0.541673)
2022-01-11 13:52:31,430 [18304] INFO: move joint to (0.541678, 0.225068, -0.948709, 0.397018, -1.5708, 0.541673)
2022-01-11 13:52:33,773 [18304] INFO: move joint to (0.0, 0.0, 0.0, 0.0, 0.0, 0.0)
2022-01-11 13:52:33,773 [18304] INFO: move joint to (0.0, 0.0, 0.0, 0.0, 0.0, 0.0)
2022-01-11 13:52:33,773 [18304] INFO: move joint to (0.0, 0.0, 0.0, 0.0, 0.0, 0.0)
2022-01-11 13:52:36,125 [18304] INFO: joint_status={'joint1': {'current': -1673, 'voltage': 48.349998474121094, 'temperature': 31.899999618530273}, 'joint2': {'current': 2412, 'voltage': 48.709999084472656, 'temperature': 29.100000381469727}, 'joint3': {'current': -1228, 'voltage': 48.290000915527344, 'temperature': 31.5}, 'joint4': {'current': 344, 'voltage': 48.060001373291016, 'temperature': 38.599998474121094}, 'joint5': {'current': -20, 'voltage': 47.939998626708984, 'temperature': 39.70000076293945}, 'joint6': {'current': 37, 'voltage': 48.09000015258789, 'temperature': 40.900001525878906}}
2022-01-11 13:52:36,125 [18304] INFO: joint_status={'joint1': {'current': -1673, 'voltage': 48.349998474121094, 'temperature': 31.899999618530273}, 'joint2': {'current': 2412, 'voltage': 48.709999084472656, 'temperature': 29.100000381469727}, 'joint3': {'current': -1228, 'voltage': 48.290000915527344, 'temperature': 31.5}, 'joint4': {'current': 344, 'voltage': 48.060001373291016, 'temperature': 38.599998474121094}, 'joint5': {'current': -20, 'voltage': 47.939998626708984, 'temperature': 39.70000076293945}, 'joint6': {'current': 37, 'voltage': 48.09000015258789, 'temperature': 40.900001525878906}}
2022-01-11 13:52:36,125 [18304] INFO: joint_status={'joint1': {'current': -1673, 'voltage': 48.349998474121094, 'temperature': 31.899999618530273}, 'joint2': {'current': 2412, 'voltage': 48.709999084472656, 'temperature': 29.100000381469727}, 'joint3': {'current': -1228, 'voltage': 48.290000915527344, 'temperature': 31.5}, 'joint4': {'current': 344, 'voltage': 48.060001373291016, 'temperature': 38.599998474121094}, 'joint5': {'current': -20, 'voltage': 47.939998626708984, 'temperature': 39.70000076293945}, 'joint6': {'current': 37, 'voltage': 48.09000015258789, 'temperature': 40.900001525878906}}
2022-01-11 13:52:36,125 [18304] INFO: move joint to (0.541678, 0.225068, -0.948709, 0.397018, -1.5708, 0.541673)
2022-01-11 13:52:36,125 [18304] INFO: move joint to (0.541678, 0.225068, -0.948709, 0.397018, -1.5708, 0.541673)
2022-01-11 13:52:36,125 [18304] INFO: move joint to (0.541678, 0.225068, -0.948709, 0.397018, -1.5708, 0.541673)
2022-01-11 13:52:38,488 [18304] INFO: move joint to (0.0, 0.0, 0.0, 0.0, 0.0, 0.0)
2022-01-11 13:52:38,488 [18304] INFO: move joint to (0.0, 0.0, 0.0, 0.0, 0.0, 0.0)
2022-01-11 13:52:38,488 [18304] INFO: move joint to (0.0, 0.0, 0.0, 0.0, 0.0, 0.0)
2022-01-11 13:52:41,333 [18304] INFO: ******************************disconnect1**********************
2022-01-11 13:52:41,333 [18304] INFO: ******************************disconnect1**********************
2022-01-11 13:52:41,333 [18304] INFO: ******************************disconnect1**********************
2022-01-11 13:52:43,004 [18304] INFO: Jan 11 2022 13:52:43 test completed.
2022-01-11 13:52:43,004 [18304] INFO: Jan 11 2022 13:52:43 test completed.
2022-01-11 13:52:43,004 [18304] INFO: Jan 11 2022 13:52:43 test completed.
2022-01-11 13:52:43,012 [18304] INFO: client_count=0
2022-01-11 13:52:43,012 [18304] INFO: client_count=0
2022-01-11 13:52:43,012 [18304] INFO: client_count=0
2022-01-11 13:52:43,015 [18304] INFO: test completed
2022-01-11 13:52:43,015 [18304] INFO: test completed
2022-01-11 13:52:43,015 [18304] INFO: test completed
2022-01-11 13:52:43,017 [18304] INFO: ******************************test_number 4
2022-01-11 13:52:43,017 [18304] INFO: ******************************test_number 4
2022-01-11 13:52:43,017 [18304] INFO: ******************************test_number 4
2022-01-11 13:52:43,025 [18304] INFO: Jan 11 2022 13:52:43 test beginning...
2022-01-11 13:52:43,025 [18304] INFO: Jan 11 2022 13:52:43 test beginning...
2022-01-11 13:52:43,025 [18304] INFO: Jan 11 2022 13:52:43 test beginning...
2022-01-11 13:52:43,025 [18304] INFO: Jan 11 2022 13:52:43 test beginning...
2022-01-11 13:52:43,046 [18304] INFO: robot.rshd=3
2022-01-11 13:52:43,046 [18304] INFO: robot.rshd=3
2022-01-11 13:52:43,046 [18304] INFO: robot.rshd=3
2022-01-11 13:52:43,046 [18304] INFO: robot.rshd=3
2022-01-11 13:52:43,052 [18304] INFO: ip=192.168.1.100, port=8899
2022-01-11 13:52:43,052 [18304] INFO: ip=192.168.1.100, port=8899
2022-01-11 13:52:43,052 [18304] INFO: ip=192.168.1.100, port=8899
2022-01-11 13:52:43,052 [18304] INFO: ip=192.168.1.100, port=8899
2022-01-11 13:52:47,434 [18304] INFO: joint_status={'joint1': {'current': -180, 'voltage': 48.36000061035156, 'temperature': 31.899999618530273}, 'joint2': {'current': 203, 'voltage': 48.709999084472656, 'temperature': 29.200000762939453}, 'joint3': {'current': 68, 'voltage': 48.279998779296875, 'temperature': 31.5}, 'joint4': {'current': -37, 'voltage': 48.06999969482422, 'temperature': 38.599998474121094}, 'joint5': {'current': -26, 'voltage': 47.959999084472656, 'temperature': 39.70000076293945}, 'joint6': {'current': 0, 'voltage': 48.09000015258789, 'temperature': 40.900001525878906}}
2022-01-11 13:52:47,434 [18304] INFO: joint_status={'joint1': {'current': -180, 'voltage': 48.36000061035156, 'temperature': 31.899999618530273}, 'joint2': {'current': 203, 'voltage': 48.709999084472656, 'temperature': 29.200000762939453}, 'joint3': {'current': 68, 'voltage': 48.279998779296875, 'temperature': 31.5}, 'joint4': {'current': -37, 'voltage': 48.06999969482422, 'temperature': 38.599998474121094}, 'joint5': {'current': -26, 'voltage': 47.959999084472656, 'temperature': 39.70000076293945}, 'joint6': {'current': 0, 'voltage': 48.09000015258789, 'temperature': 40.900001525878906}}
2022-01-11 13:52:47,434 [18304] INFO: joint_status={'joint1': {'current': -180, 'voltage': 48.36000061035156, 'temperature': 31.899999618530273}, 'joint2': {'current': 203, 'voltage': 48.709999084472656, 'temperature': 29.200000762939453}, 'joint3': {'current': 68, 'voltage': 48.279998779296875, 'temperature': 31.5}, 'joint4': {'current': -37, 'voltage': 48.06999969482422, 'temperature': 38.599998474121094}, 'joint5': {'current': -26, 'voltage': 47.959999084472656, 'temperature': 39.70000076293945}, 'joint6': {'current': 0, 'voltage': 48.09000015258789, 'temperature': 40.900001525878906}}
2022-01-11 13:52:47,434 [18304] INFO: joint_status={'joint1': {'current': -180, 'voltage': 48.36000061035156, 'temperature': 31.899999618530273}, 'joint2': {'current': 203, 'voltage': 48.709999084472656, 'temperature': 29.200000762939453}, 'joint3': {'current': 68, 'voltage': 48.279998779296875, 'temperature': 31.5}, 'joint4': {'current': -37, 'voltage': 48.06999969482422, 'temperature': 38.599998474121094}, 'joint5': {'current': -26, 'voltage': 47.959999084472656, 'temperature': 39.70000076293945}, 'joint6': {'current': 0, 'voltage': 48.09000015258789, 'temperature': 40.900001525878906}}
2022-01-11 13:52:47,437 [18304] INFO: move joint to (0.541678, 0.225068, -0.948709, 0.397018, -1.5708, 0.541673)
2022-01-11 13:52:47,437 [18304] INFO: move joint to (0.541678, 0.225068, -0.948709, 0.397018, -1.5708, 0.541673)
2022-01-11 13:52:47,437 [18304] INFO: move joint to (0.541678, 0.225068, -0.948709, 0.397018, -1.5708, 0.541673)
2022-01-11 13:52:47,437 [18304] INFO: move joint to (0.541678, 0.225068, -0.948709, 0.397018, -1.5708, 0.541673)
2022-01-11 13:52:49,771 [18304] INFO: move joint to (0.0, 0.0, 0.0, 0.0, 0.0, 0.0)
2022-01-11 13:52:49,771 [18304] INFO: move joint to (0.0, 0.0, 0.0, 0.0, 0.0, 0.0)
2022-01-11 13:52:49,771 [18304] INFO: move joint to (0.0, 0.0, 0.0, 0.0, 0.0, 0.0)
2022-01-11 13:52:49,771 [18304] INFO: move joint to (0.0, 0.0, 0.0, 0.0, 0.0, 0.0)
2022-01-11 13:52:52,138 [18304] INFO: joint_status={'joint1': {'current': -1615, 'voltage': 48.349998474121094, 'temperature': 32.0}, 'joint2': {'current': 2396, 'voltage': 48.709999084472656, 'temperature': 29.200000762939453}, 'joint3': {'current': -1170, 'voltage': 48.290000915527344, 'temperature': 31.5}, 'joint4': {'current': 298, 'voltage': 48.060001373291016, 'temperature': 38.5}, 'joint5': {'current': 26, 'voltage': 47.959999084472656, 'temperature': 39.70000076293945}, 'joint6': {'current': 11, 'voltage': 48.09000015258789, 'temperature': 40.900001525878906}}
2022-01-11 13:52:52,138 [18304] INFO: joint_status={'joint1': {'current': -1615, 'voltage': 48.349998474121094, 'temperature': 32.0}, 'joint2': {'current': 2396, 'voltage': 48.709999084472656, 'temperature': 29.200000762939453}, 'joint3': {'current': -1170, 'voltage': 48.290000915527344, 'temperature': 31.5}, 'joint4': {'current': 298, 'voltage': 48.060001373291016, 'temperature': 38.5}, 'joint5': {'current': 26, 'voltage': 47.959999084472656, 'temperature': 39.70000076293945}, 'joint6': {'current': 11, 'voltage': 48.09000015258789, 'temperature': 40.900001525878906}}
2022-01-11 13:52:52,138 [18304] INFO: joint_status={'joint1': {'current': -1615, 'voltage': 48.349998474121094, 'temperature': 32.0}, 'joint2': {'current': 2396, 'voltage': 48.709999084472656, 'temperature': 29.200000762939453}, 'joint3': {'current': -1170, 'voltage': 48.290000915527344, 'temperature': 31.5}, 'joint4': {'current': 298, 'voltage': 48.060001373291016, 'temperature': 38.5}, 'joint5': {'current': 26, 'voltage': 47.959999084472656, 'temperature': 39.70000076293945}, 'joint6': {'current': 11, 'voltage': 48.09000015258789, 'temperature': 40.900001525878906}}
2022-01-11 13:52:52,138 [18304] INFO: joint_status={'joint1': {'current': -1615, 'voltage': 48.349998474121094, 'temperature': 32.0}, 'joint2': {'current': 2396, 'voltage': 48.709999084472656, 'temperature': 29.200000762939453}, 'joint3': {'current': -1170, 'voltage': 48.290000915527344, 'temperature': 31.5}, 'joint4': {'current': 298, 'voltage': 48.060001373291016, 'temperature': 38.5}, 'joint5': {'current': 26, 'voltage': 47.959999084472656, 'temperature': 39.70000076293945}, 'joint6': {'current': 11, 'voltage': 48.09000015258789, 'temperature': 40.900001525878906}}
2022-01-11 13:52:52,141 [18304] INFO: move joint to (0.541678, 0.225068, -0.948709, 0.397018, -1.5708, 0.541673)
2022-01-11 13:52:52,141 [18304] INFO: move joint to (0.541678, 0.225068, -0.948709, 0.397018, -1.5708, 0.541673)
2022-01-11 13:52:52,141 [18304] INFO: move joint to (0.541678, 0.225068, -0.948709, 0.397018, -1.5708, 0.541673)
2022-01-11 13:52:52,141 [18304] INFO: move joint to (0.541678, 0.225068, -0.948709, 0.397018, -1.5708, 0.541673)
2022-01-11 13:52:54,483 [18304] INFO: move joint to (0.0, 0.0, 0.0, 0.0, 0.0, 0.0)
2022-01-11 13:52:54,483 [18304] INFO: move joint to (0.0, 0.0, 0.0, 0.0, 0.0, 0.0)
2022-01-11 13:52:54,483 [18304] INFO: move joint to (0.0, 0.0, 0.0, 0.0, 0.0, 0.0)
2022-01-11 13:52:54,483 [18304] INFO: move joint to (0.0, 0.0, 0.0, 0.0, 0.0, 0.0)
2022-01-11 13:52:57,367 [18304] INFO: ******************************disconnect1**********************
2022-01-11 13:52:57,367 [18304] INFO: ******************************disconnect1**********************
2022-01-11 13:52:57,367 [18304] INFO: ******************************disconnect1**********************
2022-01-11 13:52:57,367 [18304] INFO: ******************************disconnect1**********************
2022-01-11 13:57:38,874 [6876] INFO: Jan 11 2022 13:57:38 test beginning...
2022-01-11 13:57:38,897 [6876] INFO: robot.rshd=0
2022-01-11 13:57:38,898 [6876] INFO: ip=192.168.1.100, port=8899
2022-01-11 13:57:43,249 [6876] INFO: joint_status={'joint1': {'current': -239, 'voltage': 48.33000183105469, 'temperature': 31.899999618530273}, 'joint2': {'current': 151, 'voltage': 48.709999084472656, 'temperature': 29.200000762939453}, 'joint3': {'current': 104, 'voltage': 48.279998779296875, 'temperature': 31.5}, 'joint4': {'current': -19, 'voltage': 48.060001373291016, 'temperature': 38.5}, 'joint5': {'current': -49, 'voltage': 47.959999084472656, 'temperature': 39.79999923706055}, 'joint6': {'current': 20, 'voltage': 48.09000015258789, 'temperature': 41.0}}
2022-01-11 13:57:43,249 [6876] INFO: move joint to (0.541678, 0.225068, -0.948709, 0.397018, -1.5708, 0.541673)
2022-01-11 13:57:45,586 [6876] INFO: move joint to (0.0, 0.0, 0.0, 0.0, 0.0, 0.0)
2022-01-11 13:57:47,940 [6876] INFO: joint_status={'joint1': {'current': -1667, 'voltage': 48.36000061035156, 'temperature': 32.0}, 'joint2': {'current': 2423, 'voltage': 48.70000076293945, 'temperature': 29.299999237060547}, 'joint3': {'current': -1272, 'voltage': 48.279998779296875, 'temperature': 31.600000381469727}, 'joint4': {'current': 340, 'voltage': 48.06999969482422, 'temperature': 38.400001525878906}, 'joint5': {'current': -7, 'voltage': 47.939998626708984, 'temperature': 39.79999923706055}, 'joint6': {'current': 34, 'voltage': 48.09000015258789, 'temperature': 41.0}}
2022-01-11 13:57:47,941 [6876] INFO: move joint to (0.541678, 0.225068, -0.948709, 0.397018, -1.5708, 0.541673)
2022-01-11 13:57:50,291 [6876] INFO: move joint to (0.0, 0.0, 0.0, 0.0, 0.0, 0.0)
2022-01-11 13:57:53,152 [6876] INFO: ******************************disconnect1**********************
2022-01-11 13:57:54,009 [6876] INFO: Jan 11 2022 13:57:54 test completed.
2022-01-11 13:57:54,010 [6876] INFO: client_count=0
2022-01-11 13:57:54,011 [6876] INFO: test completed
2022-01-11 13:57:54,011 [6876] INFO: ******************************test_number 2
2022-01-11 13:57:54,014 [6876] INFO: Jan 11 2022 13:57:54 test beginning...
2022-01-11 13:57:54,014 [6876] INFO: Jan 11 2022 13:57:54 test beginning...
2022-01-11 13:57:54,029 [6876] INFO: robot.rshd=1
2022-01-11 13:57:54,029 [6876] INFO: robot.rshd=1
2022-01-11 13:57:54,030 [6876] INFO: ip=192.168.1.100, port=8899
2022-01-11 13:57:54,030 [6876] INFO: ip=192.168.1.100, port=8899
2022-01-11 13:57:58,432 [6876] INFO: joint_status={'joint1': {'current': -259, 'voltage': 48.349998474121094, 'temperature': 32.0}, 'joint2': {'current': 184, 'voltage': 48.70000076293945, 'temperature': 29.299999237060547}, 'joint3': {'current': 54, 'voltage': 48.279998779296875, 'temperature': 31.600000381469727}, 'joint4': {'current': -34, 'voltage': 48.06999969482422, 'temperature': 38.400001525878906}, 'joint5': {'current': -19, 'voltage': 47.959999084472656, 'temperature': 39.79999923706055}, 'joint6': {'current': 8, 'voltage': 48.08000183105469, 'temperature': 41.0}}
2022-01-11 13:57:58,432 [6876] INFO: joint_status={'joint1': {'current': -259, 'voltage': 48.349998474121094, 'temperature': 32.0}, 'joint2': {'current': 184, 'voltage': 48.70000076293945, 'temperature': 29.299999237060547}, 'joint3': {'current': 54, 'voltage': 48.279998779296875, 'temperature': 31.600000381469727}, 'joint4': {'current': -34, 'voltage': 48.06999969482422, 'temperature': 38.400001525878906}, 'joint5': {'current': -19, 'voltage': 47.959999084472656, 'temperature': 39.79999923706055}, 'joint6': {'current': 8, 'voltage': 48.08000183105469, 'temperature': 41.0}}
2022-01-11 13:57:58,433 [6876] INFO: move joint to (0.541678, 0.225068, -0.948709, 0.397018, -1.5708, 0.541673)
2022-01-11 13:57:58,433 [6876] INFO: move joint to (0.541678, 0.225068, -0.948709, 0.397018, -1.5708, 0.541673)
2022-01-11 13:58:00,761 [6876] INFO: move joint to (0.0, 0.0, 0.0, 0.0, 0.0, 0.0)
2022-01-11 13:58:00,761 [6876] INFO: move joint to (0.0, 0.0, 0.0, 0.0, 0.0, 0.0)
2022-01-11 13:58:03,124 [6876] INFO: joint_status={'joint1': {'current': -1647, 'voltage': 48.36000061035156, 'temperature': 32.0}, 'joint2': {'current': 2420, 'voltage': 48.70000076293945, 'temperature': 29.299999237060547}, 'joint3': {'current': -1329, 'voltage': 48.290000915527344, 'temperature': 31.600000381469727}, 'joint4': {'current': 375, 'voltage': 48.06999969482422, 'temperature': 38.400001525878906}, 'joint5': {'current': -21, 'voltage': 47.939998626708984, 'temperature': 39.79999923706055}, 'joint6': {'current': 53, 'voltage': 48.08000183105469, 'temperature': 40.900001525878906}}
2022-01-11 13:58:03,124 [6876] INFO: joint_status={'joint1': {'current': -1647, 'voltage': 48.36000061035156, 'temperature': 32.0}, 'joint2': {'current': 2420, 'voltage': 48.70000076293945, 'temperature': 29.299999237060547}, 'joint3': {'current': -1329, 'voltage': 48.290000915527344, 'temperature': 31.600000381469727}, 'joint4': {'current': 375, 'voltage': 48.06999969482422, 'temperature': 38.400001525878906}, 'joint5': {'current': -21, 'voltage': 47.939998626708984, 'temperature': 39.79999923706055}, 'joint6': {'current': 53, 'voltage': 48.08000183105469, 'temperature': 40.900001525878906}}
2022-01-11 13:58:03,125 [6876] INFO: move joint to (0.541678, 0.225068, -0.948709, 0.397018, -1.5708, 0.541673)
2022-01-11 13:58:03,125 [6876] INFO: move joint to (0.541678, 0.225068, -0.948709, 0.397018, -1.5708, 0.541673)
2022-01-11 13:58:05,482 [6876] INFO: move joint to (0.0, 0.0, 0.0, 0.0, 0.0, 0.0)
2022-01-11 13:58:05,482 [6876] INFO: move joint to (0.0, 0.0, 0.0, 0.0, 0.0, 0.0)
2022-01-11 13:58:08,344 [6876] INFO: ******************************disconnect1**********************
2022-01-11 13:58:08,344 [6876] INFO: ******************************disconnect1**********************
2022-01-11 13:58:10,012 [6876] INFO: Jan 11 2022 13:58:10 test completed.
2022-01-11 13:58:10,012 [6876] INFO: Jan 11 2022 13:58:10 test completed.
2022-01-11 13:58:10,013 [6876] INFO: client_count=0
2022-01-11 13:58:10,013 [6876] INFO: client_count=0
2022-01-11 13:58:10,014 [6876] INFO: test completed
2022-01-11 13:58:10,014 [6876] INFO: test completed
2022-01-11 13:58:10,016 [6876] INFO: ******************************test_number 3
2022-01-11 13:58:10,016 [6876] INFO: ******************************test_number 3
2022-01-11 13:58:10,020 [6876] INFO: Jan 11 2022 13:58:10 test beginning...
2022-01-11 13:58:10,020 [6876] INFO: Jan 11 2022 13:58:10 test beginning...
2022-01-11 13:58:10,020 [6876] INFO: Jan 11 2022 13:58:10 test beginning...
2022-01-11 13:58:10,042 [6876] INFO: robot.rshd=2
2022-01-11 13:58:10,042 [6876] INFO: robot.rshd=2
2022-01-11 13:58:10,042 [6876] INFO: robot.rshd=2
2022-01-11 13:58:10,051 [6876] INFO: ip=192.168.1.100, port=8899
2022-01-11 13:58:10,051 [6876] INFO: ip=192.168.1.100, port=8899
2022-01-11 13:58:10,051 [6876] INFO: ip=192.168.1.100, port=8899
2022-01-11 13:58:14,400 [6876] INFO: joint_status={'joint1': {'current': -353, 'voltage': 48.36000061035156, 'temperature': 32.0}, 'joint2': {'current': 171, 'voltage': 48.70000076293945, 'temperature': 29.299999237060547}, 'joint3': {'current': 69, 'voltage': 48.290000915527344, 'temperature': 31.600000381469727}, 'joint4': {'current': -41, 'voltage': 48.060001373291016, 'temperature': 38.400001525878906}, 'joint5': {'current': -66, 'voltage': 47.959999084472656, 'temperature': 39.79999923706055}, 'joint6': {'current': 8, 'voltage': 48.09000015258789, 'temperature': 41.0}}
2022-01-11 13:58:14,400 [6876] INFO: joint_status={'joint1': {'current': -353, 'voltage': 48.36000061035156, 'temperature': 32.0}, 'joint2': {'current': 171, 'voltage': 48.70000076293945, 'temperature': 29.299999237060547}, 'joint3': {'current': 69, 'voltage': 48.290000915527344, 'temperature': 31.600000381469727}, 'joint4': {'current': -41, 'voltage': 48.060001373291016, 'temperature': 38.400001525878906}, 'joint5': {'current': -66, 'voltage': 47.959999084472656, 'temperature': 39.79999923706055}, 'joint6': {'current': 8, 'voltage': 48.09000015258789, 'temperature': 41.0}}
2022-01-11 13:58:14,400 [6876] INFO: joint_status={'joint1': {'current': -353, 'voltage': 48.36000061035156, 'temperature': 32.0}, 'joint2': {'current': 171, 'voltage': 48.70000076293945, 'temperature': 29.299999237060547}, 'joint3': {'current': 69, 'voltage': 48.290000915527344, 'temperature': 31.600000381469727}, 'joint4': {'current': -41, 'voltage': 48.060001373291016, 'temperature': 38.400001525878906}, 'joint5': {'current': -66, 'voltage': 47.959999084472656, 'temperature': 39.79999923706055}, 'joint6': {'current': 8, 'voltage': 48.09000015258789, 'temperature': 41.0}}
2022-01-11 13:58:14,402 [6876] INFO: move joint to (0.541678, 0.225068, -0.948709, 0.397018, -1.5708, 0.541673)
2022-01-11 13:58:14,402 [6876] INFO: move joint to (0.541678, 0.225068, -0.948709, 0.397018, -1.5708, 0.541673)
2022-01-11 13:58:14,402 [6876] INFO: move joint to (0.541678, 0.225068, -0.948709, 0.397018, -1.5708, 0.541673)
2022-01-11 13:58:16,749 [6876] INFO: move joint to (0.0, 0.0, 0.0, 0.0, 0.0, 0.0)
2022-01-11 13:58:16,749 [6876] INFO: move joint to (0.0, 0.0, 0.0, 0.0, 0.0, 0.0)
2022-01-11 13:58:16,749 [6876] INFO: move joint to (0.0, 0.0, 0.0, 0.0, 0.0, 0.0)
2022-01-11 13:58:19,107 [6876] INFO: joint_status={'joint1': {'current': -1629, 'voltage': 48.36000061035156, 'temperature': 32.0}, 'joint2': {'current': 2389, 'voltage': 48.70000076293945, 'temperature': 29.299999237060547}, 'joint3': {'current': -1163, 'voltage': 48.290000915527344, 'temperature': 31.600000381469727}, 'joint4': {'current': 314, 'voltage': 48.04999923706055, 'temperature': 38.400001525878906}, 'joint5': {'current': 16, 'voltage': 47.959999084472656, 'temperature': 39.70000076293945}, 'joint6': {'current': 24, 'voltage': 48.09000015258789, 'temperature': 40.900001525878906}}
2022-01-11 13:58:19,107 [6876] INFO: joint_status={'joint1': {'current': -1629, 'voltage': 48.36000061035156, 'temperature': 32.0}, 'joint2': {'current': 2389, 'voltage': 48.70000076293945, 'temperature': 29.299999237060547}, 'joint3': {'current': -1163, 'voltage': 48.290000915527344, 'temperature': 31.600000381469727}, 'joint4': {'current': 314, 'voltage': 48.04999923706055, 'temperature': 38.400001525878906}, 'joint5': {'current': 16, 'voltage': 47.959999084472656, 'temperature': 39.70000076293945}, 'joint6': {'current': 24, 'voltage': 48.09000015258789, 'temperature': 40.900001525878906}}
2022-01-11 13:58:19,107 [6876] INFO: joint_status={'joint1': {'current': -1629, 'voltage': 48.36000061035156, 'temperature': 32.0}, 'joint2': {'current': 2389, 'voltage': 48.70000076293945, 'temperature': 29.299999237060547}, 'joint3': {'current': -1163, 'voltage': 48.290000915527344, 'temperature': 31.600000381469727}, 'joint4': {'current': 314, 'voltage': 48.04999923706055, 'temperature': 38.400001525878906}, 'joint5': {'current': 16, 'voltage': 47.959999084472656, 'temperature': 39.70000076293945}, 'joint6': {'current': 24, 'voltage': 48.09000015258789, 'temperature': 40.900001525878906}}
2022-01-11 13:58:19,111 [6876] INFO: move joint to (0.541678, 0.225068, -0.948709, 0.397018, -1.5708, 0.541673)
2022-01-11 13:58:19,111 [6876] INFO: move joint to (0.541678, 0.225068, -0.948709, 0.397018, -1.5708, 0.541673)
2022-01-11 13:58:19,111 [6876] INFO: move joint to (0.541678, 0.225068, -0.948709, 0.397018, -1.5708, 0.541673)
2022-01-11 13:58:21,460 [6876] INFO: move joint to (0.0, 0.0, 0.0, 0.0, 0.0, 0.0)
2022-01-11 13:58:21,460 [6876] INFO: move joint to (0.0, 0.0, 0.0, 0.0, 0.0, 0.0)
2022-01-11 13:58:21,460 [6876] INFO: move joint to (0.0, 0.0, 0.0, 0.0, 0.0, 0.0)
2022-01-11 13:58:24,326 [6876] INFO: ******************************disconnect1**********************
2022-01-11 13:58:24,326 [6876] INFO: ******************************disconnect1**********************
2022-01-11 13:58:24,326 [6876] INFO: ******************************disconnect1**********************
2022-01-11 13:58:26,017 [6876] INFO: Jan 11 2022 13:58:26 test completed.
2022-01-11 13:58:26,017 [6876] INFO: Jan 11 2022 13:58:26 test completed.
2022-01-11 13:58:26,017 [6876] INFO: Jan 11 2022 13:58:26 test completed.
2022-01-11 13:58:26,020 [6876] INFO: client_count=0
2022-01-11 13:58:26,020 [6876] INFO: client_count=0
2022-01-11 13:58:26,020 [6876] INFO: client_count=0
2022-01-11 13:58:26,023 [6876] INFO: test completed
2022-01-11 13:58:26,023 [6876] INFO: test completed
2022-01-11 13:58:26,023 [6876] INFO: test completed
2022-01-11 13:58:26,028 [6876] INFO: ******************************test_number 4
2022-01-11 13:58:26,028 [6876] INFO: ******************************test_number 4
2022-01-11 13:58:26,028 [6876] INFO: ******************************test_number 4
2022-01-11 13:58:26,044 [6876] INFO: Jan 11 2022 13:58:26 test beginning...
2022-01-11 13:58:26,044 [6876] INFO: Jan 11 2022 13:58:26 test beginning...
2022-01-11 13:58:26,044 [6876] INFO: Jan 11 2022 13:58:26 test beginning...
2022-01-11 13:58:26,044 [6876] INFO: Jan 11 2022 13:58:26 test beginning...
2022-01-11 13:58:26,062 [6876] INFO: robot.rshd=3
2022-01-11 13:58:26,062 [6876] INFO: robot.rshd=3
2022-01-11 13:58:26,062 [6876] INFO: robot.rshd=3
2022-01-11 13:58:26,062 [6876] INFO: robot.rshd=3
2022-01-11 13:58:26,070 [6876] INFO: ip=192.168.1.100, port=8899
2022-01-11 13:58:26,070 [6876] INFO: ip=192.168.1.100, port=8899
2022-01-11 13:58:26,070 [6876] INFO: ip=192.168.1.100, port=8899
2022-01-11 13:58:26,070 [6876] INFO: ip=192.168.1.100, port=8899
2022-01-11 13:58:30,419 [6876] INFO: joint_status={'joint1': {'current': -240, 'voltage': 48.349998474121094, 'temperature': 31.899999618530273}, 'joint2': {'current': 219, 'voltage': 48.70000076293945, 'temperature': 29.299999237060547}, 'joint3': {'current': 73, 'voltage': 48.290000915527344, 'temperature': 31.600000381469727}, 'joint4': {'current': -45, 'voltage': 48.06999969482422, 'temperature': 38.400001525878906}, 'joint5': {'current': -56, 'voltage': 47.959999084472656, 'temperature': 39.70000076293945}, 'joint6': {'current': 9, 'voltage': 48.06999969482422, 'temperature': 40.900001525878906}}
2022-01-11 13:58:30,419 [6876] INFO: joint_status={'joint1': {'current': -240, 'voltage': 48.349998474121094, 'temperature': 31.899999618530273}, 'joint2': {'current': 219, 'voltage': 48.70000076293945, 'temperature': 29.299999237060547}, 'joint3': {'current': 73, 'voltage': 48.290000915527344, 'temperature': 31.600000381469727}, 'joint4': {'current': -45, 'voltage': 48.06999969482422, 'temperature': 38.400001525878906}, 'joint5': {'current': -56, 'voltage': 47.959999084472656, 'temperature': 39.70000076293945}, 'joint6': {'current': 9, 'voltage': 48.06999969482422, 'temperature': 40.900001525878906}}
2022-01-11 13:58:30,419 [6876] INFO: joint_status={'joint1': {'current': -240, 'voltage': 48.349998474121094, 'temperature': 31.899999618530273}, 'joint2': {'current': 219, 'voltage': 48.70000076293945, 'temperature': 29.299999237060547}, 'joint3': {'current': 73, 'voltage': 48.290000915527344, 'temperature': 31.600000381469727}, 'joint4': {'current': -45, 'voltage': 48.06999969482422, 'temperature': 38.400001525878906}, 'joint5': {'current': -56, 'voltage': 47.959999084472656, 'temperature': 39.70000076293945}, 'joint6': {'current': 9, 'voltage': 48.06999969482422, 'temperature': 40.900001525878906}}
2022-01-11 13:58:30,419 [6876] INFO: joint_status={'joint1': {'current': -240, 'voltage': 48.349998474121094, 'temperature': 31.899999618530273}, 'joint2': {'current': 219, 'voltage': 48.70000076293945, 'temperature': 29.299999237060547}, 'joint3': {'current': 73, 'voltage': 48.290000915527344, 'temperature': 31.600000381469727}, 'joint4': {'current': -45, 'voltage': 48.06999969482422, 'temperature': 38.400001525878906}, 'joint5': {'current': -56, 'voltage': 47.959999084472656, 'temperature': 39.70000076293945}, 'joint6': {'current': 9, 'voltage': 48.06999969482422, 'temperature': 40.900001525878906}}
2022-01-11 13:58:30,420 [6876] INFO: move joint to (0.541678, 0.225068, -0.948709, 0.397018, -1.5708, 0.541673)
2022-01-11 13:58:30,420 [6876] INFO: move joint to (0.541678, 0.225068, -0.948709, 0.397018, -1.5708, 0.541673)
2022-01-11 13:58:30,420 [6876] INFO: move joint to (0.541678, 0.225068, -0.948709, 0.397018, -1.5708, 0.541673)
2022-01-11 13:58:30,420 [6876] INFO: move joint to (0.541678, 0.225068, -0.948709, 0.397018, -1.5708, 0.541673)
2022-01-11 13:58:32,757 [6876] INFO: move joint to (0.0, 0.0, 0.0, 0.0, 0.0, 0.0)
2022-01-11 13:58:32,757 [6876] INFO: move joint to (0.0, 0.0, 0.0, 0.0, 0.0, 0.0)
2022-01-11 13:58:32,757 [6876] INFO: move joint to (0.0, 0.0, 0.0, 0.0, 0.0, 0.0)
2022-01-11 13:58:32,757 [6876] INFO: move joint to (0.0, 0.0, 0.0, 0.0, 0.0, 0.0)
2022-01-11 13:58:35,118 [6876] INFO: joint_status={'joint1': {'current': -1609, 'voltage': 48.34000015258789, 'temperature': 32.0}, 'joint2': {'current': 2360, 'voltage': 48.70000076293945, 'temperature': 29.299999237060547}, 'joint3': {'current': -1154, 'voltage': 48.279998779296875, 'temperature': 31.600000381469727}, 'joint4': {'current': 293, 'voltage': 48.060001373291016, 'temperature': 38.400001525878906}, 'joint5': {'current': 29, 'voltage': 47.959999084472656, 'temperature': 39.70000076293945}, 'joint6': {'current': 12, 'voltage': 48.099998474121094, 'temperature': 40.900001525878906}}
2022-01-11 13:58:35,118 [6876] INFO: joint_status={'joint1': {'current': -1609, 'voltage': 48.34000015258789, 'temperature': 32.0}, 'joint2': {'current': 2360, 'voltage': 48.70000076293945, 'temperature': 29.299999237060547}, 'joint3': {'current': -1154, 'voltage': 48.279998779296875, 'temperature': 31.600000381469727}, 'joint4': {'current': 293, 'voltage': 48.060001373291016, 'temperature': 38.400001525878906}, 'joint5': {'current': 29, 'voltage': 47.959999084472656, 'temperature': 39.70000076293945}, 'joint6': {'current': 12, 'voltage': 48.099998474121094, 'temperature': 40.900001525878906}}
2022-01-11 13:58:35,118 [6876] INFO: joint_status={'joint1': {'current': -1609, 'voltage': 48.34000015258789, 'temperature': 32.0}, 'joint2': {'current': 2360, 'voltage': 48.70000076293945, 'temperature': 29.299999237060547}, 'joint3': {'current': -1154, 'voltage': 48.279998779296875, 'temperature': 31.600000381469727}, 'joint4': {'current': 293, 'voltage': 48.060001373291016, 'temperature': 38.400001525878906}, 'joint5': {'current': 29, 'voltage': 47.959999084472656, 'temperature': 39.70000076293945}, 'joint6': {'current': 12, 'voltage': 48.099998474121094, 'temperature': 40.900001525878906}}
2022-01-11 13:58:35,118 [6876] INFO: joint_status={'joint1': {'current': -1609, 'voltage': 48.34000015258789, 'temperature': 32.0}, 'joint2': {'current': 2360, 'voltage': 48.70000076293945, 'temperature': 29.299999237060547}, 'joint3': {'current': -1154, 'voltage': 48.279998779296875, 'temperature': 31.600000381469727}, 'joint4': {'current': 293, 'voltage': 48.060001373291016, 'temperature': 38.400001525878906}, 'joint5': {'current': 29, 'voltage': 47.959999084472656, 'temperature': 39.70000076293945}, 'joint6': {'current': 12, 'voltage': 48.099998474121094, 'temperature': 40.900001525878906}}
2022-01-11 13:58:35,119 [6876] INFO: move joint to (0.541678, 0.225068, -0.948709, 0.397018, -1.5708, 0.541673)
2022-01-11 13:58:35,119 [6876] INFO: move joint to (0.541678, 0.225068, -0.948709, 0.397018, -1.5708, 0.541673)
2022-01-11 13:58:35,119 [6876] INFO: move joint to (0.541678, 0.225068, -0.948709, 0.397018, -1.5708, 0.541673)
2022-01-11 13:58:35,119 [6876] INFO: move joint to (0.541678, 0.225068, -0.948709, 0.397018, -1.5708, 0.541673)
2022-01-11 13:58:37,466 [6876] INFO: move joint to (0.0, 0.0, 0.0, 0.0, 0.0, 0.0)
2022-01-11 13:58:37,466 [6876] INFO: move joint to (0.0, 0.0, 0.0, 0.0, 0.0, 0.0)
2022-01-11 13:58:37,466 [6876] INFO: move joint to (0.0, 0.0, 0.0, 0.0, 0.0, 0.0)
2022-01-11 13:58:37,466 [6876] INFO: move joint to (0.0, 0.0, 0.0, 0.0, 0.0, 0.0)
2022-01-11 13:58:40,342 [6876] INFO: ******************************disconnect1**********************
2022-01-11 13:58:40,342 [6876] INFO: ******************************disconnect1**********************
2022-01-11 13:58:40,342 [6876] INFO: ******************************disconnect1**********************
2022-01-11 13:58:40,342 [6876] INFO: ******************************disconnect1**********************
2022-01-11 13:58:42,013 [6876] INFO: Jan 11 2022 13:58:42 test completed.
2022-01-11 13:58:42,013 [6876] INFO: Jan 11 2022 13:58:42 test completed.
2022-01-11 13:58:42,013 [6876] INFO: Jan 11 2022 13:58:42 test completed.
2022-01-11 13:58:42,013 [6876] INFO: Jan 11 2022 13:58:42 test completed.
2022-01-11 13:58:42,014 [6876] INFO: client_count=0
2022-01-11 13:58:42,014 [6876] INFO: client_count=0
2022-01-11 13:58:42,014 [6876] INFO: client_count=0
2022-01-11 13:58:42,014 [6876] INFO: client_count=0
2022-01-11 13:58:42,016 [6876] INFO: test completed
2022-01-11 13:58:42,016 [6876] INFO: test completed
2022-01-11 13:58:42,016 [6876] INFO: test completed
2022-01-11 13:58:42,016 [6876] INFO: test completed
2022-01-11 13:58:42,023 [6876] INFO: ******************************test_number 5
2022-01-11 13:58:42,023 [6876] INFO: ******************************test_number 5
2022-01-11 13:58:42,023 [6876] INFO: ******************************test_number 5
2022-01-11 13:58:42,023 [6876] INFO: ******************************test_number 5
2022-01-11 13:58:42,033 [6876] INFO: Jan 11 2022 13:58:42 test beginning...
2022-01-11 13:58:42,033 [6876] INFO: Jan 11 2022 13:58:42 test beginning...
2022-01-11 13:58:42,033 [6876] INFO: Jan 11 2022 13:58:42 test beginning...
2022-01-11 13:58:42,033 [6876] INFO: Jan 11 2022 13:58:42 test beginning...
2022-01-11 13:58:42,033 [6876] INFO: Jan 11 2022 13:58:42 test beginning...
2022-01-11 13:58:42,045 [6876] INFO: robot.rshd=4
2022-01-11 13:58:42,045 [6876] INFO: robot.rshd=4
2022-01-11 13:58:42,045 [6876] INFO: robot.rshd=4
2022-01-11 13:58:42,045 [6876] INFO: robot.rshd=4
2022-01-11 13:58:42,045 [6876] INFO: robot.rshd=4
2022-01-11 13:58:42,047 [6876] INFO: ip=192.168.1.100, port=8899
2022-01-11 13:58:42,047 [6876] INFO: ip=192.168.1.100, port=8899
2022-01-11 13:58:42,047 [6876] INFO: ip=192.168.1.100, port=8899
2022-01-11 13:58:42,047 [6876] INFO: ip=192.168.1.100, port=8899
2022-01-11 13:58:42,047 [6876] INFO: ip=192.168.1.100, port=8899
2022-01-11 13:58:46,416 [6876] INFO: joint_status={'joint1': {'current': -240, 'voltage': 48.349998474121094, 'temperature': 32.0}, 'joint2': {'current': 226, 'voltage': 48.689998626708984, 'temperature': 29.299999237060547}, 'joint3': {'current': 53, 'voltage': 48.290000915527344, 'temperature': 31.600000381469727}, 'joint4': {'current': -48, 'voltage': 48.04999923706055, 'temperature': 38.400001525878906}, 'joint5': {'current': -42, 'voltage': 47.95000076293945, 'temperature': 39.70000076293945}, 'joint6': {'current': 0, 'voltage': 48.08000183105469, 'temperature': 40.900001525878906}}
2022-01-11 13:58:46,416 [6876] INFO: joint_status={'joint1': {'current': -240, 'voltage': 48.349998474121094, 'temperature': 32.0}, 'joint2': {'current': 226, 'voltage': 48.689998626708984, 'temperature': 29.299999237060547}, 'joint3': {'current': 53, 'voltage': 48.290000915527344, 'temperature': 31.600000381469727}, 'joint4': {'current': -48, 'voltage': 48.04999923706055, 'temperature': 38.400001525878906}, 'joint5': {'current': -42, 'voltage': 47.95000076293945, 'temperature': 39.70000076293945}, 'joint6': {'current': 0, 'voltage': 48.08000183105469, 'temperature': 40.900001525878906}}
2022-01-11 13:58:46,416 [6876] INFO: joint_status={'joint1': {'current': -240, 'voltage': 48.349998474121094, 'temperature': 32.0}, 'joint2': {'current': 226, 'voltage': 48.689998626708984, 'temperature': 29.299999237060547}, 'joint3': {'current': 53, 'voltage': 48.290000915527344, 'temperature': 31.600000381469727}, 'joint4': {'current': -48, 'voltage': 48.04999923706055, 'temperature': 38.400001525878906}, 'joint5': {'current': -42, 'voltage': 47.95000076293945, 'temperature': 39.70000076293945}, 'joint6': {'current': 0, 'voltage': 48.08000183105469, 'temperature': 40.900001525878906}}
2022-01-11 13:58:46,416 [6876] INFO: joint_status={'joint1': {'current': -240, 'voltage': 48.349998474121094, 'temperature': 32.0}, 'joint2': {'current': 226, 'voltage': 48.689998626708984, 'temperature': 29.299999237060547}, 'joint3': {'current': 53, 'voltage': 48.290000915527344, 'temperature': 31.600000381469727}, 'joint4': {'current': -48, 'voltage': 48.04999923706055, 'temperature': 38.400001525878906}, 'joint5': {'current': -42, 'voltage': 47.95000076293945, 'temperature': 39.70000076293945}, 'joint6': {'current': 0, 'voltage': 48.08000183105469, 'temperature': 40.900001525878906}}
2022-01-11 13:58:46,416 [6876] INFO: joint_status={'joint1': {'current': -240, 'voltage': 48.349998474121094, 'temperature': 32.0}, 'joint2': {'current': 226, 'voltage': 48.689998626708984, 'temperature': 29.299999237060547}, 'joint3': {'current': 53, 'voltage': 48.290000915527344, 'temperature': 31.600000381469727}, 'joint4': {'current': -48, 'voltage': 48.04999923706055, 'temperature': 38.400001525878906}, 'joint5': {'current': -42, 'voltage': 47.95000076293945, 'temperature': 39.70000076293945}, 'joint6': {'current': 0, 'voltage': 48.08000183105469, 'temperature': 40.900001525878906}}
2022-01-11 13:58:46,418 [6876] INFO: move joint to (0.541678, 0.225068, -0.948709, 0.397018, -1.5708, 0.541673)
2022-01-11 13:58:46,418 [6876] INFO: move joint to (0.541678, 0.225068, -0.948709, 0.397018, -1.5708, 0.541673)
2022-01-11 13:58:46,418 [6876] INFO: move joint to (0.541678, 0.225068, -0.948709, 0.397018, -1.5708, 0.541673)
2022-01-11 13:58:46,418 [6876] INFO: move joint to (0.541678, 0.225068, -0.948709, 0.397018, -1.5708, 0.541673)
2022-01-11 13:58:46,418 [6876] INFO: move joint to (0.541678, 0.225068, -0.948709, 0.397018, -1.5708, 0.541673)
2022-01-11 13:58:48,763 [6876] INFO: move joint to (0.0, 0.0, 0.0, 0.0, 0.0, 0.0)
2022-01-11 13:58:48,763 [6876] INFO: move joint to (0.0, 0.0, 0.0, 0.0, 0.0, 0.0)
2022-01-11 13:58:48,763 [6876] INFO: move joint to (0.0, 0.0, 0.0, 0.0, 0.0, 0.0)
2022-01-11 13:58:48,763 [6876] INFO: move joint to (0.0, 0.0, 0.0, 0.0, 0.0, 0.0)
2022-01-11 13:58:48,763 [6876] INFO: move joint to (0.0, 0.0, 0.0, 0.0, 0.0, 0.0)
2022-01-11 13:58:51,114 [6876] INFO: joint_status={'joint1': {'current': -1646, 'voltage': 48.349998474121094, 'temperature': 32.0}, 'joint2': {'current': 2402, 'voltage': 48.70000076293945, 'temperature': 29.299999237060547}, 'joint3': {'current': -1290, 'voltage': 48.29999923706055, 'temperature': 31.600000381469727}, 'joint4': {'current': 362, 'voltage': 48.06999969482422, 'temperature': 38.400001525878906}, 'joint5': {'current': -16, 'voltage': 47.95000076293945, 'temperature': 39.70000076293945}, 'joint6': {'current': 48, 'voltage': 48.09000015258789, 'temperature': 40.900001525878906}}
2022-01-11 13:58:51,114 [6876] INFO: joint_status={'joint1': {'current': -1646, 'voltage': 48.349998474121094, 'temperature': 32.0}, 'joint2': {'current': 2402, 'voltage': 48.70000076293945, 'temperature': 29.299999237060547}, 'joint3': {'current': -1290, 'voltage': 48.29999923706055, 'temperature': 31.600000381469727}, 'joint4': {'current': 362, 'voltage': 48.06999969482422, 'temperature': 38.400001525878906}, 'joint5': {'current': -16, 'voltage': 47.95000076293945, 'temperature': 39.70000076293945}, 'joint6': {'current': 48, 'voltage': 48.09000015258789, 'temperature': 40.900001525878906}}
2022-01-11 13:58:51,114 [6876] INFO: joint_status={'joint1': {'current': -1646, 'voltage': 48.349998474121094, 'temperature': 32.0}, 'joint2': {'current': 2402, 'voltage': 48.70000076293945, 'temperature': 29.299999237060547}, 'joint3': {'current': -1290, 'voltage': 48.29999923706055, 'temperature': 31.600000381469727}, 'joint4': {'current': 362, 'voltage': 48.06999969482422, 'temperature': 38.400001525878906}, 'joint5': {'current': -16, 'voltage': 47.95000076293945, 'temperature': 39.70000076293945}, 'joint6': {'current': 48, 'voltage': 48.09000015258789, 'temperature': 40.900001525878906}}
2022-01-11 13:58:51,114 [6876] INFO: joint_status={'joint1': {'current': -1646, 'voltage': 48.349998474121094, 'temperature': 32.0}, 'joint2': {'current': 2402, 'voltage': 48.70000076293945, 'temperature': 29.299999237060547}, 'joint3': {'current': -1290, 'voltage': 48.29999923706055, 'temperature': 31.600000381469727}, 'joint4': {'current': 362, 'voltage': 48.06999969482422, 'temperature': 38.400001525878906}, 'joint5': {'current': -16, 'voltage': 47.95000076293945, 'temperature': 39.70000076293945}, 'joint6': {'current': 48, 'voltage': 48.09000015258789, 'temperature': 40.900001525878906}}
2022-01-11 13:58:51,114 [6876] INFO: joint_status={'joint1': {'current': -1646, 'voltage': 48.349998474121094, 'temperature': 32.0}, 'joint2': {'current': 2402, 'voltage': 48.70000076293945, 'temperature': 29.299999237060547}, 'joint3': {'current': -1290, 'voltage': 48.29999923706055, 'temperature': 31.600000381469727}, 'joint4': {'current': 362, 'voltage': 48.06999969482422, 'temperature': 38.400001525878906}, 'joint5': {'current': -16, 'voltage': 47.95000076293945, 'temperature': 39.70000076293945}, 'joint6': {'current': 48, 'voltage': 48.09000015258789, 'temperature': 40.900001525878906}}
2022-01-11 13:58:51,118 [6876] INFO: move joint to (0.541678, 0.225068, -0.948709, 0.397018, -1.5708, 0.541673)
2022-01-11 13:58:51,118 [6876] INFO: move joint to (0.541678, 0.225068, -0.948709, 0.397018, -1.5708, 0.541673)
2022-01-11 13:58:51,118 [6876] INFO: move joint to (0.541678, 0.225068, -0.948709, 0.397018, -1.5708, 0.541673)
2022-01-11 13:58:51,118 [6876] INFO: move joint to (0.541678, 0.225068, -0.948709, 0.397018, -1.5708, 0.541673)
2022-01-11 13:58:51,118 [6876] INFO: move joint to (0.541678, 0.225068, -0.948709, 0.397018, -1.5708, 0.541673)
2022-01-11 13:58:53,471 [6876] INFO: move joint to (0.0, 0.0, 0.0, 0.0, 0.0, 0.0)
2022-01-11 13:58:53,471 [6876] INFO: move joint to (0.0, 0.0, 0.0, 0.0, 0.0, 0.0)
2022-01-11 13:58:53,471 [6876] INFO: move joint to (0.0, 0.0, 0.0, 0.0, 0.0, 0.0)
2022-01-11 13:58:53,471 [6876] INFO: move joint to (0.0, 0.0, 0.0, 0.0, 0.0, 0.0)
2022-01-11 13:58:53,471 [6876] INFO: move joint to (0.0, 0.0, 0.0, 0.0, 0.0, 0.0)
2022-01-11 14:06:55,900 [22368] INFO: Jan 11 2022 14:06:55 test beginning...
2022-01-11 14:06:55,920 [22368] INFO: robot.rshd=0
2022-01-11 14:06:55,922 [22368] INFO: ip=192.168.1.100, port=8899
2022-01-11 14:07:09,734 [22368] INFO: joint_status={'joint1': {'current': 13, 'voltage': 48.34000015258789, 'temperature': 28.399999618530273}, 'joint2': {'current': -19, 'voltage': 48.72999954223633, 'temperature': 24.200000762939453}, 'joint3': {'current': 40, 'voltage': 48.310001373291016, 'temperature': 27.799999237060547}, 'joint4': {'current': -5, 'voltage': 48.13999938964844, 'temperature': 29.799999237060547}, 'joint5': {'current': -2, 'voltage': 48.0099983215332, 'temperature': 31.399999618530273}, 'joint6': {'current': -3, 'voltage': 48.189998626708984, 'temperature': 32.099998474121094}}
2022-01-11 14:07:09,735 [22368] INFO: move joint to (0.541678, 0.225068, -0.948709, 0.397018, -1.5708, 0.541673)
2022-01-11 14:07:12,069 [22368] INFO: move joint to (0.0, 0.0, 0.0, 0.0, 0.0, 0.0)
2022-01-11 14:07:14,431 [22368] INFO: joint_status={'joint1': {'current': -1633, 'voltage': 48.33000183105469, 'temperature': 28.5}, 'joint2': {'current': 2352, 'voltage': 48.7400016784668, 'temperature': 24.299999237060547}, 'joint3': {'current': -1189, 'voltage': 48.310001373291016, 'temperature': 27.899999618530273}, 'joint4': {'current': 312, 'voltage': 48.130001068115234, 'temperature': 30.0}, 'joint5': {'current': -1, 'voltage': 48.02000045776367, 'temperature': 31.700000762939453}, 'joint6': {'current': 27, 'voltage': 48.18000030517578, 'temperature': 32.29999923706055}}
2022-01-11 14:07:14,432 [22368] INFO: move joint to (0.541678, 0.225068, -0.948709, 0.397018, -1.5708, 0.541673)
2022-01-11 14:07:16,783 [22368] INFO: move joint to (0.0, 0.0, 0.0, 0.0, 0.0, 0.0)
2022-01-11 14:07:19,643 [22368] INFO: ******************************disconnect1**********************
2022-01-11 14:07:21,006 [22368] INFO: Jan 11 2022 14:07:21 test completed.
2022-01-11 14:07:21,008 [22368] INFO: client_count=0
2022-01-11 14:07:21,009 [22368] INFO: test completed
2022-01-11 14:07:21,011 [22368] INFO: ******************************test_number 2
2022-01-11 14:07:21,015 [22368] INFO: Jan 11 2022 14:07:21 test beginning...
2022-01-11 14:07:21,015 [22368] INFO: Jan 11 2022 14:07:21 test beginning...
2022-01-11 14:07:21,028 [22368] INFO: robot.rshd=1
2022-01-11 14:07:21,028 [22368] INFO: robot.rshd=1
2022-01-11 14:07:21,029 [22368] INFO: ip=192.168.1.100, port=8899
2022-01-11 14:07:21,029 [22368] INFO: ip=192.168.1.100, port=8899
2022-01-11 14:07:25,295 [22368] INFO: joint_status={'joint1': {'current': -185, 'voltage': 48.33000183105469, 'temperature': 28.799999237060547}, 'joint2': {'current': 149, 'voltage': 48.7400016784668, 'temperature': 24.799999237060547}, 'joint3': {'current': 25, 'voltage': 48.310001373291016, 'temperature': 28.200000762939453}, 'joint4': {'current': -37, 'voltage': 48.130001068115234, 'temperature': 30.899999618530273}, 'joint5': {'current': -65, 'voltage': 48.0099983215332, 'temperature': 32.599998474121094}, 'joint6': {'current': -14, 'voltage': 48.15999984741211, 'temperature': 33.29999923706055}}
2022-01-11 14:07:25,295 [22368] INFO: joint_status={'joint1': {'current': -185, 'voltage': 48.33000183105469, 'temperature': 28.799999237060547}, 'joint2': {'current': 149, 'voltage': 48.7400016784668, 'temperature': 24.799999237060547}, 'joint3': {'current': 25, 'voltage': 48.310001373291016, 'temperature': 28.200000762939453}, 'joint4': {'current': -37, 'voltage': 48.130001068115234, 'temperature': 30.899999618530273}, 'joint5': {'current': -65, 'voltage': 48.0099983215332, 'temperature': 32.599998474121094}, 'joint6': {'current': -14, 'voltage': 48.15999984741211, 'temperature': 33.29999923706055}}
2022-01-11 14:07:25,296 [22368] INFO: move joint to (0.541678, 0.225068, -0.948709, 0.397018, -1.5708, 0.541673)
2022-01-11 14:07:25,296 [22368] INFO: move joint to (0.541678, 0.225068, -0.948709, 0.397018, -1.5708, 0.541673)
2022-01-11 14:07:27,625 [22368] INFO: move joint to (0.0, 0.0, 0.0, 0.0, 0.0, 0.0)
2022-01-11 14:07:27,625 [22368] INFO: move joint to (0.0, 0.0, 0.0, 0.0, 0.0, 0.0)
2022-01-11 14:07:29,986 [22368] INFO: joint_status={'joint1': {'current': -1617, 'voltage': 48.34000015258789, 'temperature': 28.899999618530273}, 'joint2': {'current': 2369, 'voltage': 48.72999954223633, 'temperature': 25.0}, 'joint3': {'current': -1396, 'voltage': 48.310001373291016, 'temperature': 28.399999618530273}, 'joint4': {'current': 402, 'voltage': 48.09000015258789, 'temperature': 31.299999237060547}, 'joint5': {'current': -22, 'voltage': 48.0, 'temperature': 32.900001525878906}, 'joint6': {'current': 69, 'voltage': 48.15999984741211, 'temperature': 33.599998474121094}}
2022-01-11 14:07:29,986 [22368] INFO: joint_status={'joint1': {'current': -1617, 'voltage': 48.34000015258789, 'temperature': 28.899999618530273}, 'joint2': {'current': 2369, 'voltage': 48.72999954223633, 'temperature': 25.0}, 'joint3': {'current': -1396, 'voltage': 48.310001373291016, 'temperature': 28.399999618530273}, 'joint4': {'current': 402, 'voltage': 48.09000015258789, 'temperature': 31.299999237060547}, 'joint5': {'current': -22, 'voltage': 48.0, 'temperature': 32.900001525878906}, 'joint6': {'current': 69, 'voltage': 48.15999984741211, 'temperature': 33.599998474121094}}
2022-01-11 14:07:29,993 [22368] INFO: move joint to (0.541678, 0.225068, -0.948709, 0.397018, -1.5708, 0.541673)
2022-01-11 14:07:29,993 [22368] INFO: move joint to (0.541678, 0.225068, -0.948709, 0.397018, -1.5708, 0.541673)
2022-01-11 14:07:32,342 [22368] INFO: move joint to (0.0, 0.0, 0.0, 0.0, 0.0, 0.0)
2022-01-11 14:07:32,342 [22368] INFO: move joint to (0.0, 0.0, 0.0, 0.0, 0.0, 0.0)
2022-01-11 14:09:50,885 [15868] INFO: Jan 11 2022 14:09:50 test beginning...
2022-01-11 14:09:50,900 [15868] INFO: robot.rshd=0
2022-01-11 14:09:50,901 [15868] INFO: ip=192.168.1.100, port=8899
2022-01-11 14:09:55,204 [15868] INFO: joint_status={'joint1': {'current': -111, 'voltage': 48.33000183105469, 'temperature': 30.299999237060547}, 'joint2': {'current': 175, 'voltage': 48.72999954223633, 'temperature': 27.399999618530273}, 'joint3': {'current': 64, 'voltage': 48.290000915527344, 'temperature': 30.0}, 'joint4': {'current': -24, 'voltage': 48.09000015258789, 'temperature': 36.29999923706055}, 'joint5': {'current': -54, 'voltage': 47.970001220703125, 'temperature': 37.599998474121094}, 'joint6': {'current': -1, 'voltage': 48.099998474121094, 'temperature': 38.70000076293945}}
2022-01-11 14:09:55,205 [15868] INFO: move joint to (0.541678, 0.225068, -0.948709, 0.397018, -1.5708, 0.541673)
2022-01-11 14:09:57,531 [15868] INFO: move joint to (0.0, 0.0, 0.0, 0.0, 0.0, 0.0)
2022-01-11 14:09:59,887 [15868] INFO: joint_status={'joint1': {'current': -1628, 'voltage': 48.31999969482422, 'temperature': 30.299999237060547}, 'joint2': {'current': 2426, 'voltage': 48.709999084472656, 'temperature': 27.5}, 'joint3': {'current': -1477, 'voltage': 48.290000915527344, 'temperature': 30.100000381469727}, 'joint4': {'current': 395, 'voltage': 48.09000015258789, 'temperature': 36.29999923706055}, 'joint5': {'current': -13, 'voltage': 47.970001220703125, 'temperature': 37.70000076293945}, 'joint6': {'current': 73, 'voltage': 48.11000061035156, 'temperature': 38.70000076293945}}
2022-01-11 14:09:59,887 [15868] INFO: move joint to (0.541678, 0.225068, -0.948709, 0.397018, -1.5708, 0.541673)
2022-01-11 14:10:02,246 [15868] INFO: move joint to (0.0, 0.0, 0.0, 0.0, 0.0, 0.0)
2022-01-11 14:10:05,111 [15868] INFO: ******************************disconnect1**********************
2022-01-11 14:10:06,009 [15868] INFO: Jan 11 2022 14:10:06 test completed.
2022-01-11 14:10:06,009 [15868] INFO: client_count=0
2022-01-11 14:10:06,009 [15868] INFO: test completed
2022-01-11 14:10:06,010 [15868] INFO: ******************************test_number 2
2022-01-11 14:10:06,012 [15868] INFO: Jan 11 2022 14:10:06 test beginning...
2022-01-11 14:10:06,012 [15868] INFO: Jan 11 2022 14:10:06 test beginning...
2022-01-11 14:10:06,021 [15868] INFO: robot.rshd=1
2022-01-11 14:10:06,021 [15868] INFO: robot.rshd=1
2022-01-11 14:10:06,021 [15868] INFO: ip=192.168.1.100, port=8899
2022-01-11 14:10:06,021 [15868] INFO: ip=192.168.1.100, port=8899
2022-01-11 14:10:10,289 [15868] INFO: joint_status={'joint1': {'current': -300, 'voltage': 48.310001373291016, 'temperature': 30.299999237060547}, 'joint2': {'current': 192, 'voltage': 48.720001220703125, 'temperature': 27.600000381469727}, 'joint3': {'current': 82, 'voltage': 48.290000915527344, 'temperature': 30.200000762939453}, 'joint4': {'current': -18, 'voltage': 48.09000015258789, 'temperature': 36.400001525878906}, 'joint5': {'current': -56, 'voltage': 47.970001220703125, 'temperature': 37.79999923706055}, 'joint6': {'current': 11, 'voltage': 48.130001068115234, 'temperature': 38.79999923706055}}
2022-01-11 14:10:10,289 [15868] INFO: joint_status={'joint1': {'current': -300, 'voltage': 48.310001373291016, 'temperature': 30.299999237060547}, 'joint2': {'current': 192, 'voltage': 48.720001220703125, 'temperature': 27.600000381469727}, 'joint3': {'current': 82, 'voltage': 48.290000915527344, 'temperature': 30.200000762939453}, 'joint4': {'current': -18, 'voltage': 48.09000015258789, 'temperature': 36.400001525878906}, 'joint5': {'current': -56, 'voltage': 47.970001220703125, 'temperature': 37.79999923706055}, 'joint6': {'current': 11, 'voltage': 48.130001068115234, 'temperature': 38.79999923706055}}
2022-01-11 14:10:10,290 [15868] INFO: move joint to (0.541678, 0.225068, -0.948709, 0.397018, -1.5708, 0.541673)
2022-01-11 14:10:10,290 [15868] INFO: move joint to (0.541678, 0.225068, -0.948709, 0.397018, -1.5708, 0.541673)
2022-01-11 14:10:12,621 [15868] INFO: move joint to (0.0, 0.0, 0.0, 0.0, 0.0, 0.0)
2022-01-11 14:10:12,621 [15868] INFO: move joint to (0.0, 0.0, 0.0, 0.0, 0.0, 0.0)
2022-01-11 14:10:14,981 [15868] INFO: joint_status={'joint1': {'current': -1624, 'voltage': 48.33000183105469, 'temperature': 30.399999618530273}, 'joint2': {'current': 2427, 'voltage': 48.709999084472656, 'temperature': 27.600000381469727}, 'joint3': {'current': -1440, 'voltage': 48.279998779296875, 'temperature': 30.200000762939453}, 'joint4': {'current': 389, 'voltage': 48.09000015258789, 'temperature': 36.400001525878906}, 'joint5': {'current': -26, 'voltage': 47.95000076293945, 'temperature': 37.79999923706055}, 'joint6': {'current': 65, 'voltage': 48.119998931884766, 'temperature': 38.900001525878906}}
2022-01-11 14:10:14,981 [15868] INFO: joint_status={'joint1': {'current': -1624, 'voltage': 48.33000183105469, 'temperature': 30.399999618530273}, 'joint2': {'current': 2427, 'voltage': 48.709999084472656, 'temperature': 27.600000381469727}, 'joint3': {'current': -1440, 'voltage': 48.279998779296875, 'temperature': 30.200000762939453}, 'joint4': {'current': 389, 'voltage': 48.09000015258789, 'temperature': 36.400001525878906}, 'joint5': {'current': -26, 'voltage': 47.95000076293945, 'temperature': 37.79999923706055}, 'joint6': {'current': 65, 'voltage': 48.119998931884766, 'temperature': 38.900001525878906}}
2022-01-11 14:10:14,983 [15868] INFO: move joint to (0.541678, 0.225068, -0.948709, 0.397018, -1.5708, 0.541673)
2022-01-11 14:10:14,983 [15868] INFO: move joint to (0.541678, 0.225068, -0.948709, 0.397018, -1.5708, 0.541673)
2022-01-11 14:10:17,336 [15868] INFO: move joint to (0.0, 0.0, 0.0, 0.0, 0.0, 0.0)
2022-01-11 14:10:17,336 [15868] INFO: move joint to (0.0, 0.0, 0.0, 0.0, 0.0, 0.0)
2022-01-11 14:10:20,217 [15868] INFO: ******************************disconnect1**********************
2022-01-11 14:10:20,217 [15868] INFO: ******************************disconnect1**********************
2022-01-11 14:10:22,003 [15868] INFO: Jan 11 2022 14:10:22 test completed.
2022-01-11 14:10:22,003 [15868] INFO: Jan 11 2022 14:10:22 test completed.
2022-01-11 14:10:22,004 [15868] INFO: client_count=0
2022-01-11 14:10:22,004 [15868] INFO: client_count=0
2022-01-11 14:10:22,006 [15868] INFO: test completed
2022-01-11 14:10:22,006 [15868] INFO: test completed
2022-01-11 14:10:22,009 [15868] INFO: ******************************test_number 3
2022-01-11 14:10:22,009 [15868] INFO: ******************************test_number 3
2022-01-11 14:10:22,015 [15868] INFO: Jan 11 2022 14:10:22 test beginning...
2022-01-11 14:10:22,015 [15868] INFO: Jan 11 2022 14:10:22 test beginning...
2022-01-11 14:10:22,015 [15868] INFO: Jan 11 2022 14:10:22 test beginning...
2022-01-11 14:10:22,027 [15868] INFO: robot.rshd=2
2022-01-11 14:10:22,027 [15868] INFO: robot.rshd=2
2022-01-11 14:10:22,027 [15868] INFO: robot.rshd=2
2022-01-11 14:10:22,028 [15868] INFO: ip=192.168.1.100, port=8899
2022-01-11 14:10:22,028 [15868] INFO: ip=192.168.1.100, port=8899
2022-01-11 14:10:22,028 [15868] INFO: ip=192.168.1.100, port=8899
2022-01-11 14:10:26,287 [15868] INFO: joint_status={'joint1': {'current': -219, 'voltage': 48.31999969482422, 'temperature': 30.5}, 'joint2': {'current': 193, 'voltage': 48.720001220703125, 'temperature': 27.799999237060547}, 'joint3': {'current': 45, 'voltage': 48.279998779296875, 'temperature': 30.299999237060547}, 'joint4': {'current': -42, 'voltage': 48.09000015258789, 'temperature': 36.5}, 'joint5': {'current': -56, 'voltage': 47.970001220703125, 'temperature': 37.900001525878906}, 'joint6': {'current': 40, 'voltage': 48.099998474121094, 'temperature': 39.0}}
2022-01-11 14:10:26,287 [15868] INFO: joint_status={'joint1': {'current': -219, 'voltage': 48.31999969482422, 'temperature': 30.5}, 'joint2': {'current': 193, 'voltage': 48.720001220703125, 'temperature': 27.799999237060547}, 'joint3': {'current': 45, 'voltage': 48.279998779296875, 'temperature': 30.299999237060547}, 'joint4': {'current': -42, 'voltage': 48.09000015258789, 'temperature': 36.5}, 'joint5': {'current': -56, 'voltage': 47.970001220703125, 'temperature': 37.900001525878906}, 'joint6': {'current': 40, 'voltage': 48.099998474121094, 'temperature': 39.0}}
2022-01-11 14:10:26,287 [15868] INFO: joint_status={'joint1': {'current': -219, 'voltage': 48.31999969482422, 'temperature': 30.5}, 'joint2': {'current': 193, 'voltage': 48.720001220703125, 'temperature': 27.799999237060547}, 'joint3': {'current': 45, 'voltage': 48.279998779296875, 'temperature': 30.299999237060547}, 'joint4': {'current': -42, 'voltage': 48.09000015258789, 'temperature': 36.5}, 'joint5': {'current': -56, 'voltage': 47.970001220703125, 'temperature': 37.900001525878906}, 'joint6': {'current': 40, 'voltage': 48.099998474121094, 'temperature': 39.0}}
2022-01-11 14:10:26,288 [15868] INFO: move joint to (0.541678, 0.225068, -0.948709, 0.397018, -1.5708, 0.541673)
2022-01-11 14:10:26,288 [15868] INFO: move joint to (0.541678, 0.225068, -0.948709, 0.397018, -1.5708, 0.541673)
2022-01-11 14:10:26,288 [15868] INFO: move joint to (0.541678, 0.225068, -0.948709, 0.397018, -1.5708, 0.541673)
2022-01-11 14:10:28,618 [15868] INFO: move joint to (0.0, 0.0, 0.0, 0.0, 0.0, 0.0)
2022-01-11 14:10:28,618 [15868] INFO: move joint to (0.0, 0.0, 0.0, 0.0, 0.0, 0.0)
2022-01-11 14:10:28,618 [15868] INFO: move joint to (0.0, 0.0, 0.0, 0.0, 0.0, 0.0)
2022-01-11 14:10:30,982 [15868] INFO: joint_status={'joint1': {'current': -1636, 'voltage': 48.31999969482422, 'temperature': 30.5}, 'joint2': {'current': 2430, 'voltage': 48.720001220703125, 'temperature': 27.799999237060547}, 'joint3': {'current': -1437, 'voltage': 48.290000915527344, 'temperature': 30.299999237060547}, 'joint4': {'current': 384, 'voltage': 48.06999969482422, 'temperature': 36.5}, 'joint5': {'current': -24, 'voltage': 47.97999954223633, 'temperature': 38.0}, 'joint6': {'current': 72, 'voltage': 48.099998474121094, 'temperature': 39.0}}
2022-01-11 14:10:30,982 [15868] INFO: joint_status={'joint1': {'current': -1636, 'voltage': 48.31999969482422, 'temperature': 30.5}, 'joint2': {'current': 2430, 'voltage': 48.720001220703125, 'temperature': 27.799999237060547}, 'joint3': {'current': -1437, 'voltage': 48.290000915527344, 'temperature': 30.299999237060547}, 'joint4': {'current': 384, 'voltage': 48.06999969482422, 'temperature': 36.5}, 'joint5': {'current': -24, 'voltage': 47.97999954223633, 'temperature': 38.0}, 'joint6': {'current': 72, 'voltage': 48.099998474121094, 'temperature': 39.0}}
2022-01-11 14:10:30,982 [15868] INFO: joint_status={'joint1': {'current': -1636, 'voltage': 48.31999969482422, 'temperature': 30.5}, 'joint2': {'current': 2430, 'voltage': 48.720001220703125, 'temperature': 27.799999237060547}, 'joint3': {'current': -1437, 'voltage': 48.290000915527344, 'temperature': 30.299999237060547}, 'joint4': {'current': 384, 'voltage': 48.06999969482422, 'temperature': 36.5}, 'joint5': {'current': -24, 'voltage': 47.97999954223633, 'temperature': 38.0}, 'joint6': {'current': 72, 'voltage': 48.099998474121094, 'temperature': 39.0}}
2022-01-11 14:10:30,983 [15868] INFO: move joint to (0.541678, 0.225068, -0.948709, 0.397018, -1.5708, 0.541673)
2022-01-11 14:10:30,983 [15868] INFO: move joint to (0.541678, 0.225068, -0.948709, 0.397018, -1.5708, 0.541673)
2022-01-11 14:10:30,983 [15868] INFO: move joint to (0.541678, 0.225068, -0.948709, 0.397018, -1.5708, 0.541673)
2022-01-11 14:10:33,337 [15868] INFO: move joint to (0.0, 0.0, 0.0, 0.0, 0.0, 0.0)
2022-01-11 14:10:33,337 [15868] INFO: move joint to (0.0, 0.0, 0.0, 0.0, 0.0, 0.0)
2022-01-11 14:10:33,337 [15868] INFO: move joint to (0.0, 0.0, 0.0, 0.0, 0.0, 0.0)
2022-01-11 14:10:36,190 [15868] INFO: ******************************disconnect1**********************
2022-01-11 14:10:36,190 [15868] INFO: ******************************disconnect1**********************
2022-01-11 14:10:36,190 [15868] INFO: ******************************disconnect1**********************
2022-01-11 14:10:38,007 [15868] INFO: Jan 11 2022 14:10:38 test completed.
2022-01-11 14:10:38,007 [15868] INFO: Jan 11 2022 14:10:38 test completed.
2022-01-11 14:10:38,007 [15868] INFO: Jan 11 2022 14:10:38 test completed.
2022-01-11 14:10:38,008 [15868] INFO: client_count=0
2022-01-11 14:10:38,008 [15868] INFO: client_count=0
2022-01-11 14:10:38,008 [15868] INFO: client_count=0
2022-01-11 14:10:38,009 [15868] INFO: test completed
2022-01-11 14:10:38,009 [15868] INFO: test completed
2022-01-11 14:10:38,009 [15868] INFO: test completed
2022-01-11 14:10:38,011 [15868] INFO: ******************************test_number 4
2022-01-11 14:10:38,011 [15868] INFO: ******************************test_number 4
2022-01-11 14:10:38,011 [15868] INFO: ******************************test_number 4
2022-01-11 14:10:38,017 [15868] INFO: Jan 11 2022 14:10:38 test beginning...
2022-01-11 14:10:38,017 [15868] INFO: Jan 11 2022 14:10:38 test beginning...
2022-01-11 14:10:38,017 [15868] INFO: Jan 11 2022 14:10:38 test beginning...
2022-01-11 14:10:38,017 [15868] INFO: Jan 11 2022 14:10:38 test beginning...
2022-01-11 14:10:38,032 [15868] INFO: robot.rshd=3
2022-01-11 14:10:38,032 [15868] INFO: robot.rshd=3
2022-01-11 14:10:38,032 [15868] INFO: robot.rshd=3
2022-01-11 14:10:38,032 [15868] INFO: robot.rshd=3
2022-01-11 14:10:38,041 [15868] INFO: ip=192.168.1.100, port=8899
2022-01-11 14:10:38,041 [15868] INFO: ip=192.168.1.100, port=8899
2022-01-11 14:10:38,041 [15868] INFO: ip=192.168.1.100, port=8899
2022-01-11 14:10:38,041 [15868] INFO: ip=192.168.1.100, port=8899
2022-01-11 14:10:42,346 [15868] INFO: joint_status={'joint1': {'current': -228, 'voltage': 48.33000183105469, 'temperature': 30.5}, 'joint2': {'current': 149, 'voltage': 48.720001220703125, 'temperature': 27.799999237060547}, 'joint3': {'current': 87, 'voltage': 48.290000915527344, 'temperature': 30.399999618530273}, 'joint4': {'current': -36, 'voltage': 48.08000183105469, 'temperature': 36.599998474121094}, 'joint5': {'current': -37, 'voltage': 47.970001220703125, 'temperature': 38.0}, 'joint6': {'current': 8, 'voltage': 48.119998931884766, 'temperature': 39.099998474121094}}
2022-01-11 14:10:42,346 [15868] INFO: joint_status={'joint1': {'current': -228, 'voltage': 48.33000183105469, 'temperature': 30.5}, 'joint2': {'current': 149, 'voltage': 48.720001220703125, 'temperature': 27.799999237060547}, 'joint3': {'current': 87, 'voltage': 48.290000915527344, 'temperature': 30.399999618530273}, 'joint4': {'current': -36, 'voltage': 48.08000183105469, 'temperature': 36.599998474121094}, 'joint5': {'current': -37, 'voltage': 47.970001220703125, 'temperature': 38.0}, 'joint6': {'current': 8, 'voltage': 48.119998931884766, 'temperature': 39.099998474121094}}
2022-01-11 14:10:42,346 [15868] INFO: joint_status={'joint1': {'current': -228, 'voltage': 48.33000183105469, 'temperature': 30.5}, 'joint2': {'current': 149, 'voltage': 48.720001220703125, 'temperature': 27.799999237060547}, 'joint3': {'current': 87, 'voltage': 48.290000915527344, 'temperature': 30.399999618530273}, 'joint4': {'current': -36, 'voltage': 48.08000183105469, 'temperature': 36.599998474121094}, 'joint5': {'current': -37, 'voltage': 47.970001220703125, 'temperature': 38.0}, 'joint6': {'current': 8, 'voltage': 48.119998931884766, 'temperature': 39.099998474121094}}
2022-01-11 14:10:42,346 [15868] INFO: joint_status={'joint1': {'current': -228, 'voltage': 48.33000183105469, 'temperature': 30.5}, 'joint2': {'current': 149, 'voltage': 48.720001220703125, 'temperature': 27.799999237060547}, 'joint3': {'current': 87, 'voltage': 48.290000915527344, 'temperature': 30.399999618530273}, 'joint4': {'current': -36, 'voltage': 48.08000183105469, 'temperature': 36.599998474121094}, 'joint5': {'current': -37, 'voltage': 47.970001220703125, 'temperature': 38.0}, 'joint6': {'current': 8, 'voltage': 48.119998931884766, 'temperature': 39.099998474121094}}
2022-01-11 14:10:42,347 [15868] INFO: move joint to (0.541678, 0.225068, -0.948709, 0.397018, -1.5708, 0.541673)
2022-01-11 14:10:42,347 [15868] INFO: move joint to (0.541678, 0.225068, -0.948709, 0.397018, -1.5708, 0.541673)
2022-01-11 14:10:42,347 [15868] INFO: move joint to (0.541678, 0.225068, -0.948709, 0.397018, -1.5708, 0.541673)
2022-01-11 14:10:42,347 [15868] INFO: move joint to (0.541678, 0.225068, -0.948709, 0.397018, -1.5708, 0.541673)
2022-01-11 14:10:44,672 [15868] INFO: move joint to (0.0, 0.0, 0.0, 0.0, 0.0, 0.0)
2022-01-11 14:10:44,672 [15868] INFO: move joint to (0.0, 0.0, 0.0, 0.0, 0.0, 0.0)
2022-01-11 14:10:44,672 [15868] INFO: move joint to (0.0, 0.0, 0.0, 0.0, 0.0, 0.0)
2022-01-11 14:10:44,672 [15868] INFO: move joint to (0.0, 0.0, 0.0, 0.0, 0.0, 0.0)
2022-01-11 14:10:47,030 [15868] INFO: joint_status={'joint1': {'current': -1625, 'voltage': 48.33000183105469, 'temperature': 30.5}, 'joint2': {'current': 2414, 'voltage': 48.720001220703125, 'temperature': 27.899999618530273}, 'joint3': {'current': -1437, 'voltage': 48.29999923706055, 'temperature': 30.399999618530273}, 'joint4': {'current': 411, 'voltage': 48.09000015258789, 'temperature': 36.70000076293945}, 'joint5': {'current': -29, 'voltage': 47.97999954223633, 'temperature': 38.099998474121094}, 'joint6': {'current': 73, 'voltage': 48.08000183105469, 'temperature': 39.099998474121094}}
2022-01-11 14:10:47,030 [15868] INFO: joint_status={'joint1': {'current': -1625, 'voltage': 48.33000183105469, 'temperature': 30.5}, 'joint2': {'current': 2414, 'voltage': 48.720001220703125, 'temperature': 27.899999618530273}, 'joint3': {'current': -1437, 'voltage': 48.29999923706055, 'temperature': 30.399999618530273}, 'joint4': {'current': 411, 'voltage': 48.09000015258789, 'temperature': 36.70000076293945}, 'joint5': {'current': -29, 'voltage': 47.97999954223633, 'temperature': 38.099998474121094}, 'joint6': {'current': 73, 'voltage': 48.08000183105469, 'temperature': 39.099998474121094}}
2022-01-11 14:10:47,030 [15868] INFO: joint_status={'joint1': {'current': -1625, 'voltage': 48.33000183105469, 'temperature': 30.5}, 'joint2': {'current': 2414, 'voltage': 48.720001220703125, 'temperature': 27.899999618530273}, 'joint3': {'current': -1437, 'voltage': 48.29999923706055, 'temperature': 30.399999618530273}, 'joint4': {'current': 411, 'voltage': 48.09000015258789, 'temperature': 36.70000076293945}, 'joint5': {'current': -29, 'voltage': 47.97999954223633, 'temperature': 38.099998474121094}, 'joint6': {'current': 73, 'voltage': 48.08000183105469, 'temperature': 39.099998474121094}}
2022-01-11 14:10:47,030 [15868] INFO: joint_status={'joint1': {'current': -1625, 'voltage': 48.33000183105469, 'temperature': 30.5}, 'joint2': {'current': 2414, 'voltage': 48.720001220703125, 'temperature': 27.899999618530273}, 'joint3': {'current': -1437, 'voltage': 48.29999923706055, 'temperature': 30.399999618530273}, 'joint4': {'current': 411, 'voltage': 48.09000015258789, 'temperature': 36.70000076293945}, 'joint5': {'current': -29, 'voltage': 47.97999954223633, 'temperature': 38.099998474121094}, 'joint6': {'current': 73, 'voltage': 48.08000183105469, 'temperature': 39.099998474121094}}
2022-01-11 14:10:47,032 [15868] INFO: move joint to (0.541678, 0.225068, -0.948709, 0.397018, -1.5708, 0.541673)
2022-01-11 14:10:47,032 [15868] INFO: move joint to (0.541678, 0.225068, -0.948709, 0.397018, -1.5708, 0.541673)
2022-01-11 14:10:47,032 [15868] INFO: move joint to (0.541678, 0.225068, -0.948709, 0.397018, -1.5708, 0.541673)
2022-01-11 14:10:47,032 [15868] INFO: move joint to (0.541678, 0.225068, -0.948709, 0.397018, -1.5708, 0.541673)
2022-01-11 14:10:49,388 [15868] INFO: move joint to (0.0, 0.0, 0.0, 0.0, 0.0, 0.0)
2022-01-11 14:10:49,388 [15868] INFO: move joint to (0.0, 0.0, 0.0, 0.0, 0.0, 0.0)
2022-01-11 14:10:49,388 [15868] INFO: move joint to (0.0, 0.0, 0.0, 0.0, 0.0, 0.0)
2022-01-11 14:10:49,388 [15868] INFO: move joint to (0.0, 0.0, 0.0, 0.0, 0.0, 0.0)
2022-01-11 14:10:52,246 [15868] INFO: ******************************disconnect1**********************
2022-01-11 14:10:52,246 [15868] INFO: ******************************disconnect1**********************
2022-01-11 14:10:52,246 [15868] INFO: ******************************disconnect1**********************
2022-01-11 14:10:52,246 [15868] INFO: ******************************disconnect1**********************
2022-01-11 14:10:54,002 [15868] INFO: Jan 11 2022 14:10:54 test completed.
2022-01-11 14:10:54,002 [15868] INFO: Jan 11 2022 14:10:54 test completed.
2022-01-11 14:10:54,002 [15868] INFO: Jan 11 2022 14:10:54 test completed.
2022-01-11 14:10:54,002 [15868] INFO: Jan 11 2022 14:10:54 test completed.
2022-01-11 14:10:54,003 [15868] INFO: client_count=0
2022-01-11 14:10:54,003 [15868] INFO: client_count=0
2022-01-11 14:10:54,003 [15868] INFO: client_count=0
2022-01-11 14:10:54,003 [15868] INFO: client_count=0
2022-01-11 14:10:54,005 [15868] INFO: test completed
2022-01-11 14:10:54,005 [15868] INFO: test completed
2022-01-11 14:10:54,005 [15868] INFO: test completed
2022-01-11 14:10:54,005 [15868] INFO: test completed
2022-01-11 14:10:54,007 [15868] INFO: ******************************test_number 5
2022-01-11 14:10:54,007 [15868] INFO: ******************************test_number 5
2022-01-11 14:10:54,007 [15868] INFO: ******************************test_number 5
2022-01-11 14:10:54,007 [15868] INFO: ******************************test_number 5
2022-01-11 14:10:54,014 [15868] INFO: Jan 11 2022 14:10:54 test beginning...
2022-01-11 14:10:54,014 [15868] INFO: Jan 11 2022 14:10:54 test beginning...
2022-01-11 14:10:54,014 [15868] INFO: Jan 11 2022 14:10:54 test beginning...
2022-01-11 14:10:54,014 [15868] INFO: Jan 11 2022 14:10:54 test beginning...
2022-01-11 14:10:54,014 [15868] INFO: Jan 11 2022 14:10:54 test beginning...
2022-01-11 14:10:54,027 [15868] INFO: robot.rshd=4
2022-01-11 14:10:54,027 [15868] INFO: robot.rshd=4
2022-01-11 14:10:54,027 [15868] INFO: robot.rshd=4
2022-01-11 14:10:54,027 [15868] INFO: robot.rshd=4
2022-01-11 14:10:54,027 [15868] INFO: robot.rshd=4
2022-01-11 14:10:54,030 [15868] INFO: ip=192.168.1.100, port=8899
2022-01-11 14:10:54,030 [15868] INFO: ip=192.168.1.100, port=8899
2022-01-11 14:10:54,030 [15868] INFO: ip=192.168.1.100, port=8899
2022-01-11 14:10:54,030 [15868] INFO: ip=192.168.1.100, port=8899
2022-01-11 14:10:54,030 [15868] INFO: ip=192.168.1.100, port=8899
2022-01-11 14:10:58,305 [15868] INFO: joint_status={'joint1': {'current': -152, 'voltage': 48.31999969482422, 'temperature': 30.600000381469727}, 'joint2': {'current': 185, 'voltage': 48.709999084472656, 'temperature': 28.0}, 'joint3': {'current': 19, 'voltage': 48.290000915527344, 'temperature': 30.5}, 'joint4': {'current': -25, 'voltage': 48.099998474121094, 'temperature': 36.70000076293945}, 'joint5': {'current': -33, 'voltage': 47.97999954223633, 'temperature': 38.20000076293945}, 'joint6': {'current': 38, 'voltage': 48.029998779296875, 'temperature': 39.20000076293945}}
2022-01-11 14:10:58,305 [15868] INFO: joint_status={'joint1': {'current': -152, 'voltage': 48.31999969482422, 'temperature': 30.600000381469727}, 'joint2': {'current': 185, 'voltage': 48.709999084472656, 'temperature': 28.0}, 'joint3': {'current': 19, 'voltage': 48.290000915527344, 'temperature': 30.5}, 'joint4': {'current': -25, 'voltage': 48.099998474121094, 'temperature': 36.70000076293945}, 'joint5': {'current': -33, 'voltage': 47.97999954223633, 'temperature': 38.20000076293945}, 'joint6': {'current': 38, 'voltage': 48.029998779296875, 'temperature': 39.20000076293945}}
2022-01-11 14:10:58,305 [15868] INFO: joint_status={'joint1': {'current': -152, 'voltage': 48.31999969482422, 'temperature': 30.600000381469727}, 'joint2': {'current': 185, 'voltage': 48.709999084472656, 'temperature': 28.0}, 'joint3': {'current': 19, 'voltage': 48.290000915527344, 'temperature': 30.5}, 'joint4': {'current': -25, 'voltage': 48.099998474121094, 'temperature': 36.70000076293945}, 'joint5': {'current': -33, 'voltage': 47.97999954223633, 'temperature': 38.20000076293945}, 'joint6': {'current': 38, 'voltage': 48.029998779296875, 'temperature': 39.20000076293945}}
2022-01-11 14:10:58,305 [15868] INFO: joint_status={'joint1': {'current': -152, 'voltage': 48.31999969482422, 'temperature': 30.600000381469727}, 'joint2': {'current': 185, 'voltage': 48.709999084472656, 'temperature': 28.0}, 'joint3': {'current': 19, 'voltage': 48.290000915527344, 'temperature': 30.5}, 'joint4': {'current': -25, 'voltage': 48.099998474121094, 'temperature': 36.70000076293945}, 'joint5': {'current': -33, 'voltage': 47.97999954223633, 'temperature': 38.20000076293945}, 'joint6': {'current': 38, 'voltage': 48.029998779296875, 'temperature': 39.20000076293945}}
2022-01-11 14:10:58,305 [15868] INFO: joint_status={'joint1': {'current': -152, 'voltage': 48.31999969482422, 'temperature': 30.600000381469727}, 'joint2': {'current': 185, 'voltage': 48.709999084472656, 'temperature': 28.0}, 'joint3': {'current': 19, 'voltage': 48.290000915527344, 'temperature': 30.5}, 'joint4': {'current': -25, 'voltage': 48.099998474121094, 'temperature': 36.70000076293945}, 'joint5': {'current': -33, 'voltage': 47.97999954223633, 'temperature': 38.20000076293945}, 'joint6': {'current': 38, 'voltage': 48.029998779296875, 'temperature': 39.20000076293945}}
2022-01-11 14:10:58,306 [15868] INFO: move joint to (0.541678, 0.225068, -0.948709, 0.397018, -1.5708, 0.541673)
2022-01-11 14:10:58,306 [15868] INFO: move joint to (0.541678, 0.225068, -0.948709, 0.397018, -1.5708, 0.541673)
2022-01-11 14:10:58,306 [15868] INFO: move joint to (0.541678, 0.225068, -0.948709, 0.397018, -1.5708, 0.541673)
2022-01-11 14:10:58,306 [15868] INFO: move joint to (0.541678, 0.225068, -0.948709, 0.397018, -1.5708, 0.541673)
2022-01-11 14:10:58,306 [15868] INFO: move joint to (0.541678, 0.225068, -0.948709, 0.397018, -1.5708, 0.541673)
2022-01-11 14:11:00,633 [15868] INFO: move joint to (0.0, 0.0, 0.0, 0.0, 0.0, 0.0)
2022-01-11 14:11:00,633 [15868] INFO: move joint to (0.0, 0.0, 0.0, 0.0, 0.0, 0.0)
2022-01-11 14:11:00,633 [15868] INFO: move joint to (0.0, 0.0, 0.0, 0.0, 0.0, 0.0)
2022-01-11 14:11:00,633 [15868] INFO: move joint to (0.0, 0.0, 0.0, 0.0, 0.0, 0.0)
2022-01-11 14:11:00,633 [15868] INFO: move joint to (0.0, 0.0, 0.0, 0.0, 0.0, 0.0)
2022-01-11 14:11:02,994 [15868] INFO: joint_status={'joint1': {'current': -1643, 'voltage': 48.33000183105469, 'temperature': 30.600000381469727}, 'joint2': {'current': 2377, 'voltage': 48.720001220703125, 'temperature': 28.0}, 'joint3': {'current': -1305, 'voltage': 48.29999923706055, 'temperature': 30.5}, 'joint4': {'current': 389, 'voltage': 48.099998474121094, 'temperature': 36.70000076293945}, 'joint5': {'current': -26, 'voltage': 47.97999954223633, 'temperature': 38.20000076293945}, 'joint6': {'current': 56, 'voltage': 48.099998474121094, 'temperature': 39.20000076293945}}
2022-01-11 14:11:02,994 [15868] INFO: joint_status={'joint1': {'current': -1643, 'voltage': 48.33000183105469, 'temperature': 30.600000381469727}, 'joint2': {'current': 2377, 'voltage': 48.720001220703125, 'temperature': 28.0}, 'joint3': {'current': -1305, 'voltage': 48.29999923706055, 'temperature': 30.5}, 'joint4': {'current': 389, 'voltage': 48.099998474121094, 'temperature': 36.70000076293945}, 'joint5': {'current': -26, 'voltage': 47.97999954223633, 'temperature': 38.20000076293945}, 'joint6': {'current': 56, 'voltage': 48.099998474121094, 'temperature': 39.20000076293945}}
2022-01-11 14:11:02,994 [15868] INFO: joint_status={'joint1': {'current': -1643, 'voltage': 48.33000183105469, 'temperature': 30.600000381469727}, 'joint2': {'current': 2377, 'voltage': 48.720001220703125, 'temperature': 28.0}, 'joint3': {'current': -1305, 'voltage': 48.29999923706055, 'temperature': 30.5}, 'joint4': {'current': 389, 'voltage': 48.099998474121094, 'temperature': 36.70000076293945}, 'joint5': {'current': -26, 'voltage': 47.97999954223633, 'temperature': 38.20000076293945}, 'joint6': {'current': 56, 'voltage': 48.099998474121094, 'temperature': 39.20000076293945}}
2022-01-11 14:11:02,994 [15868] INFO: joint_status={'joint1': {'current': -1643, 'voltage': 48.33000183105469, 'temperature': 30.600000381469727}, 'joint2': {'current': 2377, 'voltage': 48.720001220703125, 'temperature': 28.0}, 'joint3': {'current': -1305, 'voltage': 48.29999923706055, 'temperature': 30.5}, 'joint4': {'current': 389, 'voltage': 48.099998474121094, 'temperature': 36.70000076293945}, 'joint5': {'current': -26, 'voltage': 47.97999954223633, 'temperature': 38.20000076293945}, 'joint6': {'current': 56, 'voltage': 48.099998474121094, 'temperature': 39.20000076293945}}
2022-01-11 14:11:02,994 [15868] INFO: joint_status={'joint1': {'current': -1643, 'voltage': 48.33000183105469, 'temperature': 30.600000381469727}, 'joint2': {'current': 2377, 'voltage': 48.720001220703125, 'temperature': 28.0}, 'joint3': {'current': -1305, 'voltage': 48.29999923706055, 'temperature': 30.5}, 'joint4': {'current': 389, 'voltage': 48.099998474121094, 'temperature': 36.70000076293945}, 'joint5': {'current': -26, 'voltage': 47.97999954223633, 'temperature': 38.20000076293945}, 'joint6': {'current': 56, 'voltage': 48.099998474121094, 'temperature': 39.20000076293945}}
2022-01-11 14:11:02,995 [15868] INFO: move joint to (0.541678, 0.225068, -0.948709, 0.397018, -1.5708, 0.541673)
2022-01-11 14:11:02,995 [15868] INFO: move joint to (0.541678, 0.225068, -0.948709, 0.397018, -1.5708, 0.541673)
2022-01-11 14:11:02,995 [15868] INFO: move joint to (0.541678, 0.225068, -0.948709, 0.397018, -1.5708, 0.541673)
2022-01-11 14:11:02,995 [15868] INFO: move joint to (0.541678, 0.225068, -0.948709, 0.397018, -1.5708, 0.541673)
2022-01-11 14:11:02,995 [15868] INFO: move joint to (0.541678, 0.225068, -0.948709, 0.397018, -1.5708, 0.541673)
2022-01-11 14:11:05,348 [15868] INFO: move joint to (0.0, 0.0, 0.0, 0.0, 0.0, 0.0)
2022-01-11 14:11:05,348 [15868] INFO: move joint to (0.0, 0.0, 0.0, 0.0, 0.0, 0.0)
2022-01-11 14:11:05,348 [15868] INFO: move joint to (0.0, 0.0, 0.0, 0.0, 0.0, 0.0)
2022-01-11 14:11:05,348 [15868] INFO: move joint to (0.0, 0.0, 0.0, 0.0, 0.0, 0.0)
2022-01-11 14:11:05,348 [15868] INFO: move joint to (0.0, 0.0, 0.0, 0.0, 0.0, 0.0)
2022-01-11 14:11:08,204 [15868] INFO: ******************************disconnect1**********************
2022-01-11 14:11:08,204 [15868] INFO: ******************************disconnect1**********************
2022-01-11 14:11:08,204 [15868] INFO: ******************************disconnect1**********************
2022-01-11 14:11:08,204 [15868] INFO: ******************************disconnect1**********************
2022-01-11 14:11:08,204 [15868] INFO: ******************************disconnect1**********************
2022-01-11 14:11:10,011 [15868] INFO: Jan 11 2022 14:11:10 test completed.
2022-01-11 14:11:10,011 [15868] INFO: Jan 11 2022 14:11:10 test completed.
2022-01-11 14:11:10,011 [15868] INFO: Jan 11 2022 14:11:10 test completed.
2022-01-11 14:11:10,011 [15868] INFO: Jan 11 2022 14:11:10 test completed.
2022-01-11 14:11:10,011 [15868] INFO: Jan 11 2022 14:11:10 test completed.
2022-01-11 14:11:10,012 [15868] INFO: client_count=0
2022-01-11 14:11:10,012 [15868] INFO: client_count=0
2022-01-11 14:11:10,012 [15868] INFO: client_count=0
2022-01-11 14:11:10,012 [15868] INFO: client_count=0
2022-01-11 14:11:10,012 [15868] INFO: client_count=0
2022-01-11 14:11:10,014 [15868] INFO: test completed
2022-01-11 14:11:10,014 [15868] INFO: test completed
2022-01-11 14:11:10,014 [15868] INFO: test completed
2022-01-11 14:11:10,014 [15868] INFO: test completed
2022-01-11 14:11:10,014 [15868] INFO: test completed
2022-01-11 14:11:10,019 [15868] INFO: ******************************test_number 6
2022-01-11 14:11:10,019 [15868] INFO: ******************************test_number 6
2022-01-11 14:11:10,019 [15868] INFO: ******************************test_number 6
2022-01-11 14:11:10,019 [15868] INFO: ******************************test_number 6
2022-01-11 14:11:10,019 [15868] INFO: ******************************test_number 6
2022-01-11 14:11:10,026 [15868] INFO: Jan 11 2022 14:11:10 test beginning...
2022-01-11 14:11:10,026 [15868] INFO: Jan 11 2022 14:11:10 test beginning...
2022-01-11 14:11:10,026 [15868] INFO: Jan 11 2022 14:11:10 test beginning...
2022-01-11 14:11:10,026 [15868] INFO: Jan 11 2022 14:11:10 test beginning...
2022-01-11 14:11:10,026 [15868] INFO: Jan 11 2022 14:11:10 test beginning...
2022-01-11 14:11:10,026 [15868] INFO: Jan 11 2022 14:11:10 test beginning...
2022-01-11 14:11:10,039 [15868] INFO: robot.rshd=5
2022-01-11 14:11:10,039 [15868] INFO: robot.rshd=5
2022-01-11 14:11:10,039 [15868] INFO: robot.rshd=5
2022-01-11 14:11:10,039 [15868] INFO: robot.rshd=5
2022-01-11 14:11:10,039 [15868] INFO: robot.rshd=5
2022-01-11 14:11:10,039 [15868] INFO: robot.rshd=5
2022-01-11 14:11:10,041 [15868] INFO: ip=192.168.1.100, port=8899
2022-01-11 14:11:10,041 [15868] INFO: ip=192.168.1.100, port=8899
2022-01-11 14:11:10,041 [15868] INFO: ip=192.168.1.100, port=8899
2022-01-11 14:11:10,041 [15868] INFO: ip=192.168.1.100, port=8899
2022-01-11 14:11:10,041 [15868] INFO: ip=192.168.1.100, port=8899
2022-01-11 14:11:10,041 [15868] INFO: ip=192.168.1.100, port=8899
2022-01-11 14:11:14,324 [15868] INFO: joint_status={'joint1': {'current': -243, 'voltage': 48.33000183105469, 'temperature': 30.600000381469727}, 'joint2': {'current': 279, 'voltage': 48.709999084472656, 'temperature': 28.100000381469727}, 'joint3': {'current': 47, 'voltage': 48.279998779296875, 'temperature': 30.5}, 'joint4': {'current': -35, 'voltage': 48.08000183105469, 'temperature': 36.79999923706055}, 'joint5': {'current': -43, 'voltage': 48.0, 'temperature': 38.20000076293945}, 'joint6': {'current': 39, 'voltage': 48.02000045776367, 'temperature': 39.29999923706055}}
2022-01-11 14:11:14,324 [15868] INFO: joint_status={'joint1': {'current': -243, 'voltage': 48.33000183105469, 'temperature': 30.600000381469727}, 'joint2': {'current': 279, 'voltage': 48.709999084472656, 'temperature': 28.100000381469727}, 'joint3': {'current': 47, 'voltage': 48.279998779296875, 'temperature': 30.5}, 'joint4': {'current': -35, 'voltage': 48.08000183105469, 'temperature': 36.79999923706055}, 'joint5': {'current': -43, 'voltage': 48.0, 'temperature': 38.20000076293945}, 'joint6': {'current': 39, 'voltage': 48.02000045776367, 'temperature': 39.29999923706055}}
2022-01-11 14:11:14,324 [15868] INFO: joint_status={'joint1': {'current': -243, 'voltage': 48.33000183105469, 'temperature': 30.600000381469727}, 'joint2': {'current': 279, 'voltage': 48.709999084472656, 'temperature': 28.100000381469727}, 'joint3': {'current': 47, 'voltage': 48.279998779296875, 'temperature': 30.5}, 'joint4': {'current': -35, 'voltage': 48.08000183105469, 'temperature': 36.79999923706055}, 'joint5': {'current': -43, 'voltage': 48.0, 'temperature': 38.20000076293945}, 'joint6': {'current': 39, 'voltage': 48.02000045776367, 'temperature': 39.29999923706055}}
2022-01-11 14:11:14,324 [15868] INFO: joint_status={'joint1': {'current': -243, 'voltage': 48.33000183105469, 'temperature': 30.600000381469727}, 'joint2': {'current': 279, 'voltage': 48.709999084472656, 'temperature': 28.100000381469727}, 'joint3': {'current': 47, 'voltage': 48.279998779296875, 'temperature': 30.5}, 'joint4': {'current': -35, 'voltage': 48.08000183105469, 'temperature': 36.79999923706055}, 'joint5': {'current': -43, 'voltage': 48.0, 'temperature': 38.20000076293945}, 'joint6': {'current': 39, 'voltage': 48.02000045776367, 'temperature': 39.29999923706055}}
2022-01-11 14:11:14,324 [15868] INFO: joint_status={'joint1': {'current': -243, 'voltage': 48.33000183105469, 'temperature': 30.600000381469727}, 'joint2': {'current': 279, 'voltage': 48.709999084472656, 'temperature': 28.100000381469727}, 'joint3': {'current': 47, 'voltage': 48.279998779296875, 'temperature': 30.5}, 'joint4': {'current': -35, 'voltage': 48.08000183105469, 'temperature': 36.79999923706055}, 'joint5': {'current': -43, 'voltage': 48.0, 'temperature': 38.20000076293945}, 'joint6': {'current': 39, 'voltage': 48.02000045776367, 'temperature': 39.29999923706055}}
2022-01-11 14:11:14,324 [15868] INFO: joint_status={'joint1': {'current': -243, 'voltage': 48.33000183105469, 'temperature': 30.600000381469727}, 'joint2': {'current': 279, 'voltage': 48.709999084472656, 'temperature': 28.100000381469727}, 'joint3': {'current': 47, 'voltage': 48.279998779296875, 'temperature': 30.5}, 'joint4': {'current': -35, 'voltage': 48.08000183105469, 'temperature': 36.79999923706055}, 'joint5': {'current': -43, 'voltage': 48.0, 'temperature': 38.20000076293945}, 'joint6': {'current': 39, 'voltage': 48.02000045776367, 'temperature': 39.29999923706055}}
2022-01-11 14:11:14,327 [15868] INFO: move joint to (0.541678, 0.225068, -0.948709, 0.397018, -1.5708, 0.541673)
2022-01-11 14:11:14,327 [15868] INFO: move joint to (0.541678, 0.225068, -0.948709, 0.397018, -1.5708, 0.541673)
2022-01-11 14:11:14,327 [15868] INFO: move joint to (0.541678, 0.225068, -0.948709, 0.397018, -1.5708, 0.541673)
2022-01-11 14:11:14,327 [15868] INFO: move joint to (0.541678, 0.225068, -0.948709, 0.397018, -1.5708, 0.541673)
2022-01-11 14:11:14,327 [15868] INFO: move joint to (0.541678, 0.225068, -0.948709, 0.397018, -1.5708, 0.541673)
2022-01-11 14:11:14,327 [15868] INFO: move joint to (0.541678, 0.225068, -0.948709, 0.397018, -1.5708, 0.541673)
2022-01-11 14:11:16,653 [15868] INFO: move joint to (0.0, 0.0, 0.0, 0.0, 0.0, 0.0)
2022-01-11 14:11:16,653 [15868] INFO: move joint to (0.0, 0.0, 0.0, 0.0, 0.0, 0.0)
2022-01-11 14:11:16,653 [15868] INFO: move joint to (0.0, 0.0, 0.0, 0.0, 0.0, 0.0)
2022-01-11 14:11:16,653 [15868] INFO: move joint to (0.0, 0.0, 0.0, 0.0, 0.0, 0.0)
2022-01-11 14:11:16,653 [15868] INFO: move joint to (0.0, 0.0, 0.0, 0.0, 0.0, 0.0)
2022-01-11 14:11:16,653 [15868] INFO: move joint to (0.0, 0.0, 0.0, 0.0, 0.0, 0.0)
2022-01-11 14:11:19,011 [15868] INFO: joint_status={'joint1': {'current': -1652, 'voltage': 48.33000183105469, 'temperature': 30.700000762939453}, 'joint2': {'current': 2388, 'voltage': 48.709999084472656, 'temperature': 28.100000381469727}, 'joint3': {'current': -1418, 'voltage': 48.290000915527344, 'temperature': 30.600000381469727}, 'joint4': {'current': 404, 'voltage': 48.09000015258789, 'temperature': 36.900001525878906}, 'joint5': {'current': -28, 'voltage': 47.97999954223633, 'temperature': 38.29999923706055}, 'joint6': {'current': 67, 'voltage': 48.08000183105469, 'temperature': 39.29999923706055}}
2022-01-11 14:11:19,011 [15868] INFO: joint_status={'joint1': {'current': -1652, 'voltage': 48.33000183105469, 'temperature': 30.700000762939453}, 'joint2': {'current': 2388, 'voltage': 48.709999084472656, 'temperature': 28.100000381469727}, 'joint3': {'current': -1418, 'voltage': 48.290000915527344, 'temperature': 30.600000381469727}, 'joint4': {'current': 404, 'voltage': 48.09000015258789, 'temperature': 36.900001525878906}, 'joint5': {'current': -28, 'voltage': 47.97999954223633, 'temperature': 38.29999923706055}, 'joint6': {'current': 67, 'voltage': 48.08000183105469, 'temperature': 39.29999923706055}}
2022-01-11 14:11:19,011 [15868] INFO: joint_status={'joint1': {'current': -1652, 'voltage': 48.33000183105469, 'temperature': 30.700000762939453}, 'joint2': {'current': 2388, 'voltage': 48.709999084472656, 'temperature': 28.100000381469727}, 'joint3': {'current': -1418, 'voltage': 48.290000915527344, 'temperature': 30.600000381469727}, 'joint4': {'current': 404, 'voltage': 48.09000015258789, 'temperature': 36.900001525878906}, 'joint5': {'current': -28, 'voltage': 47.97999954223633, 'temperature': 38.29999923706055}, 'joint6': {'current': 67, 'voltage': 48.08000183105469, 'temperature': 39.29999923706055}}
2022-01-11 14:11:19,011 [15868] INFO: joint_status={'joint1': {'current': -1652, 'voltage': 48.33000183105469, 'temperature': 30.700000762939453}, 'joint2': {'current': 2388, 'voltage': 48.709999084472656, 'temperature': 28.100000381469727}, 'joint3': {'current': -1418, 'voltage': 48.290000915527344, 'temperature': 30.600000381469727}, 'joint4': {'current': 404, 'voltage': 48.09000015258789, 'temperature': 36.900001525878906}, 'joint5': {'current': -28, 'voltage': 47.97999954223633, 'temperature': 38.29999923706055}, 'joint6': {'current': 67, 'voltage': 48.08000183105469, 'temperature': 39.29999923706055}}
2022-01-11 14:11:19,011 [15868] INFO: joint_status={'joint1': {'current': -1652, 'voltage': 48.33000183105469, 'temperature': 30.700000762939453}, 'joint2': {'current': 2388, 'voltage': 48.709999084472656, 'temperature': 28.100000381469727}, 'joint3': {'current': -1418, 'voltage': 48.290000915527344, 'temperature': 30.600000381469727}, 'joint4': {'current': 404, 'voltage': 48.09000015258789, 'temperature': 36.900001525878906}, 'joint5': {'current': -28, 'voltage': 47.97999954223633, 'temperature': 38.29999923706055}, 'joint6': {'current': 67, 'voltage': 48.08000183105469, 'temperature': 39.29999923706055}}
2022-01-11 14:11:19,011 [15868] INFO: joint_status={'joint1': {'current': -1652, 'voltage': 48.33000183105469, 'temperature': 30.700000762939453}, 'joint2': {'current': 2388, 'voltage': 48.709999084472656, 'temperature': 28.100000381469727}, 'joint3': {'current': -1418, 'voltage': 48.290000915527344, 'temperature': 30.600000381469727}, 'joint4': {'current': 404, 'voltage': 48.09000015258789, 'temperature': 36.900001525878906}, 'joint5': {'current': -28, 'voltage': 47.97999954223633, 'temperature': 38.29999923706055}, 'joint6': {'current': 67, 'voltage': 48.08000183105469, 'temperature': 39.29999923706055}}
2022-01-11 14:11:19,013 [15868] INFO: move joint to (0.541678, 0.225068, -0.948709, 0.397018, -1.5708, 0.541673)
2022-01-11 14:11:19,013 [15868] INFO: move joint to (0.541678, 0.225068, -0.948709, 0.397018, -1.5708, 0.541673)
2022-01-11 14:11:19,013 [15868] INFO: move joint to (0.541678, 0.225068, -0.948709, 0.397018, -1.5708, 0.541673)
2022-01-11 14:11:19,013 [15868] INFO: move joint to (0.541678, 0.225068, -0.948709, 0.397018, -1.5708, 0.541673)
2022-01-11 14:11:19,013 [15868] INFO: move joint to (0.541678, 0.225068, -0.948709, 0.397018, -1.5708, 0.541673)
2022-01-11 14:11:19,013 [15868] INFO: move joint to (0.541678, 0.225068, -0.948709, 0.397018, -1.5708, 0.541673)
2022-01-11 14:11:21,370 [15868] INFO: move joint to (0.0, 0.0, 0.0, 0.0, 0.0, 0.0)
2022-01-11 14:11:21,370 [15868] INFO: move joint to (0.0, 0.0, 0.0, 0.0, 0.0, 0.0)
2022-01-11 14:11:21,370 [15868] INFO: move joint to (0.0, 0.0, 0.0, 0.0, 0.0, 0.0)
2022-01-11 14:11:21,370 [15868] INFO: move joint to (0.0, 0.0, 0.0, 0.0, 0.0, 0.0)
2022-01-11 14:11:21,370 [15868] INFO: move joint to (0.0, 0.0, 0.0, 0.0, 0.0, 0.0)
2022-01-11 14:11:21,370 [15868] INFO: move joint to (0.0, 0.0, 0.0, 0.0, 0.0, 0.0)
2022-01-11 14:11:24,227 [15868] INFO: ******************************disconnect1**********************
2022-01-11 14:11:24,227 [15868] INFO: ******************************disconnect1**********************
2022-01-11 14:11:24,227 [15868] INFO: ******************************disconnect1**********************
2022-01-11 14:11:24,227 [15868] INFO: ******************************disconnect1**********************
2022-01-11 14:11:24,227 [15868] INFO: ******************************disconnect1**********************
2022-01-11 14:11:24,227 [15868] INFO: ******************************disconnect1**********************
2022-01-11 14:11:26,009 [15868] INFO: Jan 11 2022 14:11:26 test completed.
2022-01-11 14:11:26,009 [15868] INFO: Jan 11 2022 14:11:26 test completed.
2022-01-11 14:11:26,009 [15868] INFO: Jan 11 2022 14:11:26 test completed.
2022-01-11 14:11:26,009 [15868] INFO: Jan 11 2022 14:11:26 test completed.
2022-01-11 14:11:26,009 [15868] INFO: Jan 11 2022 14:11:26 test completed.
2022-01-11 14:11:26,009 [15868] INFO: Jan 11 2022 14:11:26 test completed.
2022-01-11 14:11:26,012 [15868] INFO: client_count=0
2022-01-11 14:11:26,012 [15868] INFO: client_count=0
2022-01-11 14:11:26,012 [15868] INFO: client_count=0
2022-01-11 14:11:26,012 [15868] INFO: client_count=0
2022-01-11 14:11:26,012 [15868] INFO: client_count=0
2022-01-11 14:11:26,012 [15868] INFO: client_count=0
2022-01-11 14:11:26,019 [15868] INFO: test completed
2022-01-11 14:11:26,019 [15868] INFO: test completed
2022-01-11 14:11:26,019 [15868] INFO: test completed
2022-01-11 14:11:26,019 [15868] INFO: test completed
2022-01-11 14:11:26,019 [15868] INFO: test completed
2022-01-11 14:11:26,019 [15868] INFO: test completed
2022-01-11 14:11:26,030 [15868] INFO: ******************************test_number 7
2022-01-11 14:11:26,030 [15868] INFO: ******************************test_number 7
2022-01-11 14:11:26,030 [15868] INFO: ******************************test_number 7
2022-01-11 14:11:26,030 [15868] INFO: ******************************test_number 7
2022-01-11 14:11:26,030 [15868] INFO: ******************************test_number 7
2022-01-11 14:11:26,030 [15868] INFO: ******************************test_number 7
2022-01-11 14:11:26,035 [15868] INFO: Jan 11 2022 14:11:26 test beginning...
2022-01-11 14:11:26,035 [15868] INFO: Jan 11 2022 14:11:26 test beginning...
2022-01-11 14:11:26,035 [15868] INFO: Jan 11 2022 14:11:26 test beginning...
2022-01-11 14:11:26,035 [15868] INFO: Jan 11 2022 14:11:26 test beginning...
2022-01-11 14:11:26,035 [15868] INFO: Jan 11 2022 14:11:26 test beginning...
2022-01-11 14:11:26,035 [15868] INFO: Jan 11 2022 14:11:26 test beginning...
2022-01-11 14:11:26,035 [15868] INFO: Jan 11 2022 14:11:26 test beginning...
2022-01-11 14:11:26,054 [15868] INFO: robot.rshd=6
2022-01-11 14:11:26,054 [15868] INFO: robot.rshd=6
2022-01-11 14:11:26,054 [15868] INFO: robot.rshd=6
2022-01-11 14:11:26,054 [15868] INFO: robot.rshd=6
2022-01-11 14:11:26,054 [15868] INFO: robot.rshd=6
2022-01-11 14:11:26,054 [15868] INFO: robot.rshd=6
2022-01-11 14:11:26,054 [15868] INFO: robot.rshd=6
2022-01-11 14:11:26,056 [15868] INFO: ip=192.168.1.100, port=8899
2022-01-11 14:11:26,056 [15868] INFO: ip=192.168.1.100, port=8899
2022-01-11 14:11:26,056 [15868] INFO: ip=192.168.1.100, port=8899
2022-01-11 14:11:26,056 [15868] INFO: ip=192.168.1.100, port=8899
2022-01-11 14:11:26,056 [15868] INFO: ip=192.168.1.100, port=8899
2022-01-11 14:11:26,056 [15868] INFO: ip=192.168.1.100, port=8899
2022-01-11 14:11:26,056 [15868] INFO: ip=192.168.1.100, port=8899
2022-01-11 14:11:30,325 [15868] INFO: joint_status={'joint1': {'current': -147, 'voltage': 48.34000015258789, 'temperature': 30.700000762939453}, 'joint2': {'current': 204, 'voltage': 48.709999084472656, 'temperature': 28.299999237060547}, 'joint3': {'current': 85, 'voltage': 48.290000915527344, 'temperature': 30.600000381469727}, 'joint4': {'current': -46, 'voltage': 48.09000015258789, 'temperature': 37.0}, 'joint5': {'current': -60, 'voltage': 47.9900016784668, 'temperature': 38.29999923706055}, 'joint6': {'current': 15, 'voltage': 48.099998474121094, 'temperature': 39.400001525878906}}
2022-01-11 14:11:30,325 [15868] INFO: joint_status={'joint1': {'current': -147, 'voltage': 48.34000015258789, 'temperature': 30.700000762939453}, 'joint2': {'current': 204, 'voltage': 48.709999084472656, 'temperature': 28.299999237060547}, 'joint3': {'current': 85, 'voltage': 48.290000915527344, 'temperature': 30.600000381469727}, 'joint4': {'current': -46, 'voltage': 48.09000015258789, 'temperature': 37.0}, 'joint5': {'current': -60, 'voltage': 47.9900016784668, 'temperature': 38.29999923706055}, 'joint6': {'current': 15, 'voltage': 48.099998474121094, 'temperature': 39.400001525878906}}
2022-01-11 14:11:30,325 [15868] INFO: joint_status={'joint1': {'current': -147, 'voltage': 48.34000015258789, 'temperature': 30.700000762939453}, 'joint2': {'current': 204, 'voltage': 48.709999084472656, 'temperature': 28.299999237060547}, 'joint3': {'current': 85, 'voltage': 48.290000915527344, 'temperature': 30.600000381469727}, 'joint4': {'current': -46, 'voltage': 48.09000015258789, 'temperature': 37.0}, 'joint5': {'current': -60, 'voltage': 47.9900016784668, 'temperature': 38.29999923706055}, 'joint6': {'current': 15, 'voltage': 48.099998474121094, 'temperature': 39.400001525878906}}
2022-01-11 14:11:30,325 [15868] INFO: joint_status={'joint1': {'current': -147, 'voltage': 48.34000015258789, 'temperature': 30.700000762939453}, 'joint2': {'current': 204, 'voltage': 48.709999084472656, 'temperature': 28.299999237060547}, 'joint3': {'current': 85, 'voltage': 48.290000915527344, 'temperature': 30.600000381469727}, 'joint4': {'current': -46, 'voltage': 48.09000015258789, 'temperature': 37.0}, 'joint5': {'current': -60, 'voltage': 47.9900016784668, 'temperature': 38.29999923706055}, 'joint6': {'current': 15, 'voltage': 48.099998474121094, 'temperature': 39.400001525878906}}
2022-01-11 14:11:30,325 [15868] INFO: joint_status={'joint1': {'current': -147, 'voltage': 48.34000015258789, 'temperature': 30.700000762939453}, 'joint2': {'current': 204, 'voltage': 48.709999084472656, 'temperature': 28.299999237060547}, 'joint3': {'current': 85, 'voltage': 48.290000915527344, 'temperature': 30.600000381469727}, 'joint4': {'current': -46, 'voltage': 48.09000015258789, 'temperature': 37.0}, 'joint5': {'current': -60, 'voltage': 47.9900016784668, 'temperature': 38.29999923706055}, 'joint6': {'current': 15, 'voltage': 48.099998474121094, 'temperature': 39.400001525878906}}
2022-01-11 14:11:30,325 [15868] INFO: joint_status={'joint1': {'current': -147, 'voltage': 48.34000015258789, 'temperature': 30.700000762939453}, 'joint2': {'current': 204, 'voltage': 48.709999084472656, 'temperature': 28.299999237060547}, 'joint3': {'current': 85, 'voltage': 48.290000915527344, 'temperature': 30.600000381469727}, 'joint4': {'current': -46, 'voltage': 48.09000015258789, 'temperature': 37.0}, 'joint5': {'current': -60, 'voltage': 47.9900016784668, 'temperature': 38.29999923706055}, 'joint6': {'current': 15, 'voltage': 48.099998474121094, 'temperature': 39.400001525878906}}
2022-01-11 14:11:30,325 [15868] INFO: joint_status={'joint1': {'current': -147, 'voltage': 48.34000015258789, 'temperature': 30.700000762939453}, 'joint2': {'current': 204, 'voltage': 48.709999084472656, 'temperature': 28.299999237060547}, 'joint3': {'current': 85, 'voltage': 48.290000915527344, 'temperature': 30.600000381469727}, 'joint4': {'current': -46, 'voltage': 48.09000015258789, 'temperature': 37.0}, 'joint5': {'current': -60, 'voltage': 47.9900016784668, 'temperature': 38.29999923706055}, 'joint6': {'current': 15, 'voltage': 48.099998474121094, 'temperature': 39.400001525878906}}
2022-01-11 14:11:30,333 [15868] INFO: move joint to (0.541678, 0.225068, -0.948709, 0.397018, -1.5708, 0.541673)
2022-01-11 14:11:30,333 [15868] INFO: move joint to (0.541678, 0.225068, -0.948709, 0.397018, -1.5708, 0.541673)
2022-01-11 14:11:30,333 [15868] INFO: move joint to (0.541678, 0.225068, -0.948709, 0.397018, -1.5708, 0.541673)
2022-01-11 14:11:30,333 [15868] INFO: move joint to (0.541678, 0.225068, -0.948709, 0.397018, -1.5708, 0.541673)
2022-01-11 14:11:30,333 [15868] INFO: move joint to (0.541678, 0.225068, -0.948709, 0.397018, -1.5708, 0.541673)
2022-01-11 14:11:30,333 [15868] INFO: move joint to (0.541678, 0.225068, -0.948709, 0.397018, -1.5708, 0.541673)
2022-01-11 14:11:30,333 [15868] INFO: move joint to (0.541678, 0.225068, -0.948709, 0.397018, -1.5708, 0.541673)
2022-01-11 14:11:32,673 [15868] INFO: move joint to (0.0, 0.0, 0.0, 0.0, 0.0, 0.0)
2022-01-11 14:11:32,673 [15868] INFO: move joint to (0.0, 0.0, 0.0, 0.0, 0.0, 0.0)
2022-01-11 14:11:32,673 [15868] INFO: move joint to (0.0, 0.0, 0.0, 0.0, 0.0, 0.0)
2022-01-11 14:11:32,673 [15868] INFO: move joint to (0.0, 0.0, 0.0, 0.0, 0.0, 0.0)
2022-01-11 14:11:32,673 [15868] INFO: move joint to (0.0, 0.0, 0.0, 0.0, 0.0, 0.0)
2022-01-11 14:11:32,673 [15868] INFO: move joint to (0.0, 0.0, 0.0, 0.0, 0.0, 0.0)
2022-01-11 14:11:32,673 [15868] INFO: move joint to (0.0, 0.0, 0.0, 0.0, 0.0, 0.0)
2022-01-11 14:11:35,019 [15868] INFO: joint_status={'joint1': {'current': -1657, 'voltage': 48.33000183105469, 'temperature': 30.700000762939453}, 'joint2': {'current': 2315, 'voltage': 48.709999084472656, 'temperature': 28.299999237060547}, 'joint3': {'current': -1399, 'voltage': 48.290000915527344, 'temperature': 30.600000381469727}, 'joint4': {'current': 356, 'voltage': 48.08000183105469, 'temperature': 37.0}, 'joint5': {'current': -26, 'voltage': 47.97999954223633, 'temperature': 38.29999923706055}, 'joint6': {'current': 59, 'voltage': 48.099998474121094, 'temperature': 39.400001525878906}}
2022-01-11 14:11:35,019 [15868] INFO: joint_status={'joint1': {'current': -1657, 'voltage': 48.33000183105469, 'temperature': 30.700000762939453}, 'joint2': {'current': 2315, 'voltage': 48.709999084472656, 'temperature': 28.299999237060547}, 'joint3': {'current': -1399, 'voltage': 48.290000915527344, 'temperature': 30.600000381469727}, 'joint4': {'current': 356, 'voltage': 48.08000183105469, 'temperature': 37.0}, 'joint5': {'current': -26, 'voltage': 47.97999954223633, 'temperature': 38.29999923706055}, 'joint6': {'current': 59, 'voltage': 48.099998474121094, 'temperature': 39.400001525878906}}
2022-01-11 14:11:35,019 [15868] INFO: joint_status={'joint1': {'current': -1657, 'voltage': 48.33000183105469, 'temperature': 30.700000762939453}, 'joint2': {'current': 2315, 'voltage': 48.709999084472656, 'temperature': 28.299999237060547}, 'joint3': {'current': -1399, 'voltage': 48.290000915527344, 'temperature': 30.600000381469727}, 'joint4': {'current': 356, 'voltage': 48.08000183105469, 'temperature': 37.0}, 'joint5': {'current': -26, 'voltage': 47.97999954223633, 'temperature': 38.29999923706055}, 'joint6': {'current': 59, 'voltage': 48.099998474121094, 'temperature': 39.400001525878906}}
2022-01-11 14:11:35,019 [15868] INFO: joint_status={'joint1': {'current': -1657, 'voltage': 48.33000183105469, 'temperature': 30.700000762939453}, 'joint2': {'current': 2315, 'voltage': 48.709999084472656, 'temperature': 28.299999237060547}, 'joint3': {'current': -1399, 'voltage': 48.290000915527344, 'temperature': 30.600000381469727}, 'joint4': {'current': 356, 'voltage': 48.08000183105469, 'temperature': 37.0}, 'joint5': {'current': -26, 'voltage': 47.97999954223633, 'temperature': 38.29999923706055}, 'joint6': {'current': 59, 'voltage': 48.099998474121094, 'temperature': 39.400001525878906}}
2022-01-11 14:11:35,019 [15868] INFO: joint_status={'joint1': {'current': -1657, 'voltage': 48.33000183105469, 'temperature': 30.700000762939453}, 'joint2': {'current': 2315, 'voltage': 48.709999084472656, 'temperature': 28.299999237060547}, 'joint3': {'current': -1399, 'voltage': 48.290000915527344, 'temperature': 30.600000381469727}, 'joint4': {'current': 356, 'voltage': 48.08000183105469, 'temperature': 37.0}, 'joint5': {'current': -26, 'voltage': 47.97999954223633, 'temperature': 38.29999923706055}, 'joint6': {'current': 59, 'voltage': 48.099998474121094, 'temperature': 39.400001525878906}}
2022-01-11 14:11:35,019 [15868] INFO: joint_status={'joint1': {'current': -1657, 'voltage': 48.33000183105469, 'temperature': 30.700000762939453}, 'joint2': {'current': 2315, 'voltage': 48.709999084472656, 'temperature': 28.299999237060547}, 'joint3': {'current': -1399, 'voltage': 48.290000915527344, 'temperature': 30.600000381469727}, 'joint4': {'current': 356, 'voltage': 48.08000183105469, 'temperature': 37.0}, 'joint5': {'current': -26, 'voltage': 47.97999954223633, 'temperature': 38.29999923706055}, 'joint6': {'current': 59, 'voltage': 48.099998474121094, 'temperature': 39.400001525878906}}
2022-01-11 14:11:35,019 [15868] INFO: joint_status={'joint1': {'current': -1657, 'voltage': 48.33000183105469, 'temperature': 30.700000762939453}, 'joint2': {'current': 2315, 'voltage': 48.709999084472656, 'temperature': 28.299999237060547}, 'joint3': {'current': -1399, 'voltage': 48.290000915527344, 'temperature': 30.600000381469727}, 'joint4': {'current': 356, 'voltage': 48.08000183105469, 'temperature': 37.0}, 'joint5': {'current': -26, 'voltage': 47.97999954223633, 'temperature': 38.29999923706055}, 'joint6': {'current': 59, 'voltage': 48.099998474121094, 'temperature': 39.400001525878906}}
2022-01-11 14:11:35,022 [15868] INFO: move joint to (0.541678, 0.225068, -0.948709, 0.397018, -1.5708, 0.541673)
2022-01-11 14:11:35,022 [15868] INFO: move joint to (0.541678, 0.225068, -0.948709, 0.397018, -1.5708, 0.541673)
2022-01-11 14:11:35,022 [15868] INFO: move joint to (0.541678, 0.225068, -0.948709, 0.397018, -1.5708, 0.541673)
2022-01-11 14:11:35,022 [15868] INFO: move joint to (0.541678, 0.225068, -0.948709, 0.397018, -1.5708, 0.541673)
2022-01-11 14:11:35,022 [15868] INFO: move joint to (0.541678, 0.225068, -0.948709, 0.397018, -1.5708, 0.541673)
2022-01-11 14:11:35,022 [15868] INFO: move joint to (0.541678, 0.225068, -0.948709, 0.397018, -1.5708, 0.541673)
2022-01-11 14:11:35,022 [15868] INFO: move joint to (0.541678, 0.225068, -0.948709, 0.397018, -1.5708, 0.541673)
2022-01-11 14:11:37,382 [15868] INFO: move joint to (0.0, 0.0, 0.0, 0.0, 0.0, 0.0)
2022-01-11 14:11:37,382 [15868] INFO: move joint to (0.0, 0.0, 0.0, 0.0, 0.0, 0.0)
2022-01-11 14:11:37,382 [15868] INFO: move joint to (0.0, 0.0, 0.0, 0.0, 0.0, 0.0)
2022-01-11 14:11:37,382 [15868] INFO: move joint to (0.0, 0.0, 0.0, 0.0, 0.0, 0.0)
2022-01-11 14:11:37,382 [15868] INFO: move joint to (0.0, 0.0, 0.0, 0.0, 0.0, 0.0)
2022-01-11 14:11:37,382 [15868] INFO: move joint to (0.0, 0.0, 0.0, 0.0, 0.0, 0.0)
2022-01-11 14:11:37,382 [15868] INFO: move joint to (0.0, 0.0, 0.0, 0.0, 0.0, 0.0)
2022-01-11 14:11:40,238 [15868] INFO: ******************************disconnect1**********************
2022-01-11 14:11:40,238 [15868] INFO: ******************************disconnect1**********************
2022-01-11 14:11:40,238 [15868] INFO: ******************************disconnect1**********************
2022-01-11 14:11:40,238 [15868] INFO: ******************************disconnect1**********************
2022-01-11 14:11:40,238 [15868] INFO: ******************************disconnect1**********************
2022-01-11 14:11:40,238 [15868] INFO: ******************************disconnect1**********************
2022-01-11 14:11:40,238 [15868] INFO: ******************************disconnect1**********************
2022-01-11 14:20:00,566 [21512] INFO: Jan 11 2022 14:20:00 test beginning...
2022-01-11 14:20:00,576 [21512] INFO: robot.rshd=0
2022-01-11 14:20:00,576 [21512] INFO: ip=192.168.1.100, port=8899
2022-01-11 14:22:05,445 [1488] INFO: Jan 11 2022 14:22:05 test beginning...
2022-01-11 14:22:05,462 [1488] INFO: robot.rshd=0
2022-01-11 14:22:05,463 [1488] INFO: ip=192.168.1.100, port=8899
2022-01-11 14:22:06,311 [1488] INFO: connect server192.168.1.100:8899 successfully.
2022-01-11 14:27:56,495 [13968] INFO: Jan 11 2022 14:27:56 test beginning...
2022-01-11 14:27:56,506 [13968] INFO: robot.rshd=0
2022-01-11 14:27:56,506 [13968] INFO: ip=192.168.1.100, port=8899
2022-01-11 14:27:57,370 [13968] INFO: connect server192.168.1.100:8899  successfully.
2022-01-11 14:28:10,428 [13968] INFO: move joint to (0.541678, 0.225068, -0.948709, 0.397018, -1.5708, 0.541673)
2022-01-11 14:28:12,770 [13968] INFO: move joint to (0.0, 0.0, 0.0, 0.0, 0.0, 0.0)
2022-01-11 14:28:16,011 [13968] INFO: client_count=0
2022-01-11 14:28:16,013 [13968] INFO: test completed
2022-01-11 14:28:16,014 [13968] INFO: ******************************test_number 2
2022-01-11 14:28:16,019 [13968] INFO: Jan 11 2022 14:28:16 test beginning...
2022-01-11 14:28:16,019 [13968] INFO: Jan 11 2022 14:28:16 test beginning...
2022-01-11 14:28:16,027 [13968] INFO: robot.rshd=1
2022-01-11 14:28:16,027 [13968] INFO: robot.rshd=1
2022-01-11 14:28:16,028 [13968] INFO: ip=192.168.1.100, port=8899
2022-01-11 14:28:16,028 [13968] INFO: ip=192.168.1.100, port=8899
2022-01-11 14:28:16,888 [13968] INFO: connect server192.168.1.100:8899  successfully.
2022-01-11 14:28:16,888 [13968] INFO: connect server192.168.1.100:8899  successfully.
2022-01-11 14:29:18,255 [21256] INFO: Jan 11 2022 14:29:18 test beginning...
2022-01-11 14:29:18,262 [21256] INFO: robot.rshd=0
2022-01-11 14:29:18,262 [21256] INFO: ip=192.168.1.100, port=8899
2022-01-11 14:29:19,109 [21256] INFO: connect server192.168.1.100:8899  successfully.
2022-01-11 14:29:32,040 [21256] INFO: move joint to (0.541678, 0.225068, -0.948709, 0.397018, -1.5708, 0.541673)
2022-01-11 14:29:34,375 [21256] INFO: move joint to (0.0, 0.0, 0.0, 0.0, 0.0, 0.0)
2022-01-11 14:29:38,010 [21256] INFO: client_count=0
2022-01-11 14:29:38,011 [21256] INFO: test completed
2022-01-11 14:29:38,014 [21256] INFO: Jan 11 2022 14:29:38 test beginning...
2022-01-11 14:29:38,014 [21256] INFO: Jan 11 2022 14:29:38 test beginning...
2022-01-11 14:29:38,023 [21256] INFO: robot.rshd=1
2022-01-11 14:29:38,023 [21256] INFO: robot.rshd=1
2022-01-11 14:29:38,024 [21256] INFO: ip=192.168.1.100, port=8899
2022-01-11 14:29:38,024 [21256] INFO: ip=192.168.1.100, port=8899
2022-01-11 14:29:38,877 [21256] INFO: connect server192.168.1.100:8899  successfully.
2022-01-11 14:29:38,877 [21256] INFO: connect server192.168.1.100:8899  successfully.
2022-01-11 14:32:05,246 [16464] INFO: Jan 11 2022 14:32:05 test beginning...
2022-01-11 14:32:05,259 [16464] INFO: robot.rshd=0
2022-01-11 14:32:05,260 [16464] INFO: ip=192.168.1.100, port=8899
2022-01-11 14:32:06,123 [16464] INFO: connect server192.168.1.100:8899  successfully.
2022-01-11 14:32:09,712 [16464] INFO: move joint to (0.541678, 0.225068, -0.948709, 0.397018, -1.5708, 0.541673)
2022-01-11 14:32:12,041 [16464] INFO: Move point1 successfully.
2022-01-11 14:32:12,041 [16464] INFO: move joint to (0.0, 0.0, 0.0, 0.0, 0.0, 0.0)
2022-01-11 14:32:14,393 [16464] INFO: Move point2 successfully.
2022-01-11 14:32:15,010 [16464] INFO: client_count=0
2022-01-11 14:32:15,011 [16464] INFO: test completed
2022-01-11 14:32:15,013 [16464] INFO: Jan 11 2022 14:32:15 test beginning...
2022-01-11 14:32:15,013 [16464] INFO: Jan 11 2022 14:32:15 test beginning...
2022-01-11 14:32:15,022 [16464] INFO: robot.rshd=1
2022-01-11 14:32:15,022 [16464] INFO: robot.rshd=1
2022-01-11 14:32:15,023 [16464] INFO: ip=192.168.1.100, port=8899
2022-01-11 14:32:15,023 [16464] INFO: ip=192.168.1.100, port=8899
2022-01-11 14:32:15,895 [16464] INFO: connect server192.168.1.100:8899  successfully.
2022-01-11 14:32:15,895 [16464] INFO: connect server192.168.1.100:8899  successfully.
2022-01-11 14:36:06,204 [19004] INFO: Jan 11 2022 14:36:06 test beginning...
2022-01-11 14:36:06,214 [19004] INFO: robot.rshd=0
2022-01-11 14:36:06,216 [19004] INFO: ip=192.168.1.100, port=8899
2022-01-11 14:36:07,100 [19004] INFO: connect server192.168.1.100:8899  successfully.
2022-01-11 14:36:20,032 [19004] INFO: move joint to (0.541678, 0.225068, -0.948709, 0.397018, -1.5708, 0.541673)
2022-01-11 14:36:22,367 [19004] INFO: Move point1 successfully.
2022-01-11 14:36:22,369 [19004] INFO: move joint to (0.0, 0.0, 0.0, 0.0, 0.0, 0.0)
2022-01-11 14:36:24,714 [19004] INFO: Move point2 successfully.
2022-01-11 14:36:25,227 [19004] INFO: ******************************disconnect**********************
2022-01-11 14:36:25,251 [19004] WARNING: RSHD uninitialized or not login!!!
2022-01-11 14:36:25,252 [19004] INFO: ******************************robot_shutdown**********************
2022-01-11 14:36:26,017 [19004] INFO: client_count=0
2022-01-11 14:36:26,018 [19004] INFO: test completed
2022-01-11 14:36:26,020 [19004] INFO: ******************************test_number 2
2022-01-11 14:36:26,023 [19004] INFO: Jan 11 2022 14:36:26 test beginning...
2022-01-11 14:36:26,023 [19004] INFO: Jan 11 2022 14:36:26 test beginning...
2022-01-11 14:36:26,035 [19004] INFO: robot.rshd=1
2022-01-11 14:36:26,035 [19004] INFO: robot.rshd=1
2022-01-11 14:36:26,035 [19004] INFO: ip=192.168.1.100, port=8899
2022-01-11 14:36:26,035 [19004] INFO: ip=192.168.1.100, port=8899
2022-01-11 14:36:26,901 [19004] INFO: connect server192.168.1.100:8899  successfully.
2022-01-11 14:36:26,901 [19004] INFO: connect server192.168.1.100:8899  successfully.
2022-01-11 14:36:30,351 [19004] INFO: move joint to (0.541678, 0.225068, -0.948709, 0.397018, -1.5708, 0.541673)
2022-01-11 14:36:30,351 [19004] INFO: move joint to (0.541678, 0.225068, -0.948709, 0.397018, -1.5708, 0.541673)
2022-01-11 14:36:32,676 [19004] INFO: Move point1 successfully.
2022-01-11 14:36:32,676 [19004] INFO: Move point1 successfully.
2022-01-11 14:36:32,676 [19004] INFO: move joint to (0.0, 0.0, 0.0, 0.0, 0.0, 0.0)
2022-01-11 14:36:32,676 [19004] INFO: move joint to (0.0, 0.0, 0.0, 0.0, 0.0, 0.0)
2022-01-11 14:36:35,028 [19004] INFO: Move point2 successfully.
2022-01-11 14:36:35,028 [19004] INFO: Move point2 successfully.
2022-01-11 14:36:35,534 [19004] INFO: ******************************disconnect**********************
2022-01-11 14:36:35,534 [19004] INFO: ******************************disconnect**********************
2022-01-11 14:36:35,538 [19004] WARNING: RSHD uninitialized or not login!!!
2022-01-11 14:36:35,538 [19004] WARNING: RSHD uninitialized or not login!!!
2022-01-11 14:36:35,544 [19004] INFO: ******************************robot_shutdown**********************
2022-01-11 14:36:35,544 [19004] INFO: ******************************robot_shutdown**********************
2022-01-11 14:36:36,005 [19004] INFO: client_count=0
2022-01-11 14:36:36,005 [19004] INFO: client_count=0
2022-01-11 14:36:36,007 [19004] INFO: test completed
2022-01-11 14:36:36,007 [19004] INFO: test completed
2022-01-11 14:36:36,009 [19004] INFO: ******************************test_number 3
2022-01-11 14:36:36,009 [19004] INFO: ******************************test_number 3
2022-01-11 14:36:36,018 [19004] INFO: Jan 11 2022 14:36:36 test beginning...
2022-01-11 14:36:36,018 [19004] INFO: Jan 11 2022 14:36:36 test beginning...
2022-01-11 14:36:36,018 [19004] INFO: Jan 11 2022 14:36:36 test beginning...
2022-01-11 14:36:36,048 [19004] INFO: robot.rshd=2
2022-01-11 14:36:36,048 [19004] INFO: robot.rshd=2
2022-01-11 14:36:36,048 [19004] INFO: robot.rshd=2
2022-01-11 14:36:36,048 [19004] INFO: ip=192.168.1.100, port=8899
2022-01-11 14:36:36,048 [19004] INFO: ip=192.168.1.100, port=8899
2022-01-11 14:36:36,048 [19004] INFO: ip=192.168.1.100, port=8899
2022-01-11 14:36:36,924 [19004] INFO: connect server192.168.1.100:8899  successfully.
2022-01-11 14:36:36,924 [19004] INFO: connect server192.168.1.100:8899  successfully.
2022-01-11 14:36:36,924 [19004] INFO: connect server192.168.1.100:8899  successfully.
2022-01-11 14:36:40,335 [19004] INFO: move joint to (0.541678, 0.225068, -0.948709, 0.397018, -1.5708, 0.541673)
2022-01-11 14:36:40,335 [19004] INFO: move joint to (0.541678, 0.225068, -0.948709, 0.397018, -1.5708, 0.541673)
2022-01-11 14:36:40,335 [19004] INFO: move joint to (0.541678, 0.225068, -0.948709, 0.397018, -1.5708, 0.541673)
2022-01-11 14:36:42,665 [19004] INFO: Move point1 successfully.
2022-01-11 14:36:42,665 [19004] INFO: Move point1 successfully.
2022-01-11 14:36:42,665 [19004] INFO: Move point1 successfully.
2022-01-11 14:36:42,667 [19004] INFO: move joint to (0.0, 0.0, 0.0, 0.0, 0.0, 0.0)
2022-01-11 14:36:42,667 [19004] INFO: move joint to (0.0, 0.0, 0.0, 0.0, 0.0, 0.0)
2022-01-11 14:36:42,667 [19004] INFO: move joint to (0.0, 0.0, 0.0, 0.0, 0.0, 0.0)
2022-01-11 14:36:45,018 [19004] INFO: Move point2 successfully.
2022-01-11 14:36:45,018 [19004] INFO: Move point2 successfully.
2022-01-11 14:36:45,018 [19004] INFO: Move point2 successfully.
2022-01-11 14:36:45,527 [19004] INFO: ******************************disconnect**********************
2022-01-11 14:36:45,527 [19004] INFO: ******************************disconnect**********************
2022-01-11 14:36:45,527 [19004] INFO: ******************************disconnect**********************
2022-01-11 14:36:45,530 [19004] WARNING: RSHD uninitialized or not login!!!
2022-01-11 14:36:45,530 [19004] WARNING: RSHD uninitialized or not login!!!
2022-01-11 14:36:45,530 [19004] WARNING: RSHD uninitialized or not login!!!
2022-01-11 14:36:45,535 [19004] INFO: ******************************robot_shutdown**********************
2022-01-11 14:36:45,535 [19004] INFO: ******************************robot_shutdown**********************
2022-01-11 14:36:45,535 [19004] INFO: ******************************robot_shutdown**********************
2022-01-11 14:36:46,015 [19004] INFO: client_count=0
2022-01-11 14:36:46,015 [19004] INFO: client_count=0
2022-01-11 14:36:46,015 [19004] INFO: client_count=0
2022-01-11 14:36:46,022 [19004] INFO: test completed
2022-01-11 14:36:46,022 [19004] INFO: test completed
2022-01-11 14:36:46,022 [19004] INFO: test completed
2022-01-11 14:36:46,031 [19004] INFO: ******************************test_number 4
2022-01-11 14:36:46,031 [19004] INFO: ******************************test_number 4
2022-01-11 14:36:46,031 [19004] INFO: ******************************test_number 4
2022-01-11 14:36:46,052 [19004] INFO: Jan 11 2022 14:36:46 test beginning...
2022-01-11 14:36:46,052 [19004] INFO: Jan 11 2022 14:36:46 test beginning...
2022-01-11 14:36:46,052 [19004] INFO: Jan 11 2022 14:36:46 test beginning...
2022-01-11 14:36:46,052 [19004] INFO: Jan 11 2022 14:36:46 test beginning...
2022-01-11 14:36:46,080 [19004] INFO: robot.rshd=3
2022-01-11 14:36:46,080 [19004] INFO: robot.rshd=3
2022-01-11 14:36:46,080 [19004] INFO: robot.rshd=3
2022-01-11 14:36:46,080 [19004] INFO: robot.rshd=3
2022-01-11 14:36:46,085 [19004] INFO: ip=192.168.1.100, port=8899
2022-01-11 14:36:46,085 [19004] INFO: ip=192.168.1.100, port=8899
2022-01-11 14:36:46,085 [19004] INFO: ip=192.168.1.100, port=8899
2022-01-11 14:36:46,085 [19004] INFO: ip=192.168.1.100, port=8899
2022-01-11 14:36:46,955 [19004] INFO: connect server192.168.1.100:8899  successfully.
2022-01-11 14:36:46,955 [19004] INFO: connect server192.168.1.100:8899  successfully.
2022-01-11 14:36:46,955 [19004] INFO: connect server192.168.1.100:8899  successfully.
2022-01-11 14:36:46,955 [19004] INFO: connect server192.168.1.100:8899  successfully.
2022-01-11 14:36:50,376 [19004] INFO: move joint to (0.541678, 0.225068, -0.948709, 0.397018, -1.5708, 0.541673)
2022-01-11 14:36:50,376 [19004] INFO: move joint to (0.541678, 0.225068, -0.948709, 0.397018, -1.5708, 0.541673)
2022-01-11 14:36:50,376 [19004] INFO: move joint to (0.541678, 0.225068, -0.948709, 0.397018, -1.5708, 0.541673)
2022-01-11 14:36:50,376 [19004] INFO: move joint to (0.541678, 0.225068, -0.948709, 0.397018, -1.5708, 0.541673)
2022-01-11 14:36:52,697 [19004] INFO: Move point1 successfully.
2022-01-11 14:36:52,697 [19004] INFO: Move point1 successfully.
2022-01-11 14:36:52,697 [19004] INFO: Move point1 successfully.
2022-01-11 14:36:52,697 [19004] INFO: Move point1 successfully.
2022-01-11 14:36:52,699 [19004] INFO: move joint to (0.0, 0.0, 0.0, 0.0, 0.0, 0.0)
2022-01-11 14:36:52,699 [19004] INFO: move joint to (0.0, 0.0, 0.0, 0.0, 0.0, 0.0)
2022-01-11 14:36:52,699 [19004] INFO: move joint to (0.0, 0.0, 0.0, 0.0, 0.0, 0.0)
2022-01-11 14:36:52,699 [19004] INFO: move joint to (0.0, 0.0, 0.0, 0.0, 0.0, 0.0)
2022-01-11 14:36:55,052 [19004] INFO: Move point2 successfully.
2022-01-11 14:36:55,052 [19004] INFO: Move point2 successfully.
2022-01-11 14:36:55,052 [19004] INFO: Move point2 successfully.
2022-01-11 14:36:55,052 [19004] INFO: Move point2 successfully.
2022-01-11 14:36:55,568 [19004] INFO: ******************************disconnect**********************
2022-01-11 14:36:55,568 [19004] INFO: ******************************disconnect**********************
2022-01-11 14:36:55,568 [19004] INFO: ******************************disconnect**********************
2022-01-11 14:36:55,568 [19004] INFO: ******************************disconnect**********************
2022-01-11 14:36:55,579 [19004] WARNING: RSHD uninitialized or not login!!!
2022-01-11 14:36:55,579 [19004] WARNING: RSHD uninitialized or not login!!!
2022-01-11 14:36:55,579 [19004] WARNING: RSHD uninitialized or not login!!!
2022-01-11 14:36:55,579 [19004] WARNING: RSHD uninitialized or not login!!!
2022-01-11 14:36:55,592 [19004] INFO: ******************************robot_shutdown**********************
2022-01-11 14:36:55,592 [19004] INFO: ******************************robot_shutdown**********************
2022-01-11 14:36:55,592 [19004] INFO: ******************************robot_shutdown**********************
2022-01-11 14:36:55,592 [19004] INFO: ******************************robot_shutdown**********************
2022-01-11 14:36:56,008 [19004] INFO: client_count=0
2022-01-11 14:36:56,008 [19004] INFO: client_count=0
2022-01-11 14:36:56,008 [19004] INFO: client_count=0
2022-01-11 14:36:56,008 [19004] INFO: client_count=0
2022-01-11 14:36:56,009 [19004] INFO: test completed
2022-01-11 14:36:56,009 [19004] INFO: test completed
2022-01-11 14:36:56,009 [19004] INFO: test completed
2022-01-11 14:36:56,009 [19004] INFO: test completed
2022-01-11 14:36:56,010 [19004] INFO: ******************************test_number 5
2022-01-11 14:36:56,010 [19004] INFO: ******************************test_number 5
2022-01-11 14:36:56,010 [19004] INFO: ******************************test_number 5
2022-01-11 14:36:56,010 [19004] INFO: ******************************test_number 5
2022-01-11 14:36:56,018 [19004] INFO: Jan 11 2022 14:36:56 test beginning...
2022-01-11 14:36:56,018 [19004] INFO: Jan 11 2022 14:36:56 test beginning...
2022-01-11 14:36:56,018 [19004] INFO: Jan 11 2022 14:36:56 test beginning...
2022-01-11 14:36:56,018 [19004] INFO: Jan 11 2022 14:36:56 test beginning...
2022-01-11 14:36:56,018 [19004] INFO: Jan 11 2022 14:36:56 test beginning...
2022-01-11 14:36:56,038 [19004] INFO: robot.rshd=4
2022-01-11 14:36:56,038 [19004] INFO: robot.rshd=4
2022-01-11 14:36:56,038 [19004] INFO: robot.rshd=4
2022-01-11 14:36:56,038 [19004] INFO: robot.rshd=4
2022-01-11 14:36:56,038 [19004] INFO: robot.rshd=4
2022-01-11 14:36:56,048 [19004] INFO: ip=192.168.1.100, port=8899
2022-01-11 14:36:56,048 [19004] INFO: ip=192.168.1.100, port=8899
2022-01-11 14:36:56,048 [19004] INFO: ip=192.168.1.100, port=8899
2022-01-11 14:36:56,048 [19004] INFO: ip=192.168.1.100, port=8899
2022-01-11 14:36:56,048 [19004] INFO: ip=192.168.1.100, port=8899
2022-01-11 14:36:56,917 [19004] INFO: connect server192.168.1.100:8899  successfully.
2022-01-11 14:36:56,917 [19004] INFO: connect server192.168.1.100:8899  successfully.
2022-01-11 14:36:56,917 [19004] INFO: connect server192.168.1.100:8899  successfully.
2022-01-11 14:36:56,917 [19004] INFO: connect server192.168.1.100:8899  successfully.
2022-01-11 14:36:56,917 [19004] INFO: connect server192.168.1.100:8899  successfully.
2022-01-11 14:37:00,339 [19004] INFO: move joint to (0.541678, 0.225068, -0.948709, 0.397018, -1.5708, 0.541673)
2022-01-11 14:37:00,339 [19004] INFO: move joint to (0.541678, 0.225068, -0.948709, 0.397018, -1.5708, 0.541673)
2022-01-11 14:37:00,339 [19004] INFO: move joint to (0.541678, 0.225068, -0.948709, 0.397018, -1.5708, 0.541673)
2022-01-11 14:37:00,339 [19004] INFO: move joint to (0.541678, 0.225068, -0.948709, 0.397018, -1.5708, 0.541673)
2022-01-11 14:37:00,339 [19004] INFO: move joint to (0.541678, 0.225068, -0.948709, 0.397018, -1.5708, 0.541673)
2022-01-11 14:37:02,665 [19004] INFO: Move point1 successfully.
2022-01-11 14:37:02,665 [19004] INFO: Move point1 successfully.
2022-01-11 14:37:02,665 [19004] INFO: Move point1 successfully.
2022-01-11 14:37:02,665 [19004] INFO: Move point1 successfully.
2022-01-11 14:37:02,665 [19004] INFO: Move point1 successfully.
2022-01-11 14:37:02,667 [19004] INFO: move joint to (0.0, 0.0, 0.0, 0.0, 0.0, 0.0)
2022-01-11 14:37:02,667 [19004] INFO: move joint to (0.0, 0.0, 0.0, 0.0, 0.0, 0.0)
2022-01-11 14:37:02,667 [19004] INFO: move joint to (0.0, 0.0, 0.0, 0.0, 0.0, 0.0)
2022-01-11 14:37:02,667 [19004] INFO: move joint to (0.0, 0.0, 0.0, 0.0, 0.0, 0.0)
2022-01-11 14:37:02,667 [19004] INFO: move joint to (0.0, 0.0, 0.0, 0.0, 0.0, 0.0)
2022-01-11 14:37:05,021 [19004] INFO: Move point2 successfully.
2022-01-11 14:37:05,021 [19004] INFO: Move point2 successfully.
2022-01-11 14:37:05,021 [19004] INFO: Move point2 successfully.
2022-01-11 14:37:05,021 [19004] INFO: Move point2 successfully.
2022-01-11 14:37:05,021 [19004] INFO: Move point2 successfully.
2022-01-11 14:37:05,538 [19004] INFO: ******************************disconnect**********************
2022-01-11 14:37:05,538 [19004] INFO: ******************************disconnect**********************
2022-01-11 14:37:05,538 [19004] INFO: ******************************disconnect**********************
2022-01-11 14:37:05,538 [19004] INFO: ******************************disconnect**********************
2022-01-11 14:37:05,538 [19004] INFO: ******************************disconnect**********************
2022-01-11 14:37:05,542 [19004] WARNING: RSHD uninitialized or not login!!!
2022-01-11 14:37:05,542 [19004] WARNING: RSHD uninitialized or not login!!!
2022-01-11 14:37:05,542 [19004] WARNING: RSHD uninitialized or not login!!!
2022-01-11 14:37:05,542 [19004] WARNING: RSHD uninitialized or not login!!!
2022-01-11 14:37:05,542 [19004] WARNING: RSHD uninitialized or not login!!!
2022-01-11 14:37:05,553 [19004] INFO: ******************************robot_shutdown**********************
2022-01-11 14:37:05,553 [19004] INFO: ******************************robot_shutdown**********************
2022-01-11 14:37:05,553 [19004] INFO: ******************************robot_shutdown**********************
2022-01-11 14:37:05,553 [19004] INFO: ******************************robot_shutdown**********************
2022-01-11 14:37:05,553 [19004] INFO: ******************************robot_shutdown**********************
2022-01-11 14:37:06,008 [19004] INFO: client_count=0
2022-01-11 14:37:06,008 [19004] INFO: client_count=0
2022-01-11 14:37:06,008 [19004] INFO: client_count=0
2022-01-11 14:37:06,008 [19004] INFO: client_count=0
2022-01-11 14:37:06,008 [19004] INFO: client_count=0
2022-01-11 14:37:06,010 [19004] INFO: test completed
2022-01-11 14:37:06,010 [19004] INFO: test completed
2022-01-11 14:37:06,010 [19004] INFO: test completed
2022-01-11 14:37:06,010 [19004] INFO: test completed
2022-01-11 14:37:06,010 [19004] INFO: test completed
2022-01-11 14:37:06,012 [19004] INFO: ******************************test_number 6
2022-01-11 14:37:06,012 [19004] INFO: ******************************test_number 6
2022-01-11 14:37:06,012 [19004] INFO: ******************************test_number 6
2022-01-11 14:37:06,012 [19004] INFO: ******************************test_number 6
2022-01-11 14:37:06,012 [19004] INFO: ******************************test_number 6
2022-01-11 14:37:06,020 [19004] INFO: Jan 11 2022 14:37:06 test beginning...
2022-01-11 14:37:06,020 [19004] INFO: Jan 11 2022 14:37:06 test beginning...
2022-01-11 14:37:06,020 [19004] INFO: Jan 11 2022 14:37:06 test beginning...
2022-01-11 14:37:06,020 [19004] INFO: Jan 11 2022 14:37:06 test beginning...
2022-01-11 14:37:06,020 [19004] INFO: Jan 11 2022 14:37:06 test beginning...
2022-01-11 14:37:06,020 [19004] INFO: Jan 11 2022 14:37:06 test beginning...
2022-01-11 14:37:06,057 [19004] INFO: robot.rshd=5
2022-01-11 14:37:06,057 [19004] INFO: robot.rshd=5
2022-01-11 14:37:06,057 [19004] INFO: robot.rshd=5
2022-01-11 14:37:06,057 [19004] INFO: robot.rshd=5
2022-01-11 14:37:06,057 [19004] INFO: robot.rshd=5
2022-01-11 14:37:06,057 [19004] INFO: robot.rshd=5
2022-01-11 14:37:06,067 [19004] INFO: ip=192.168.1.100, port=8899
2022-01-11 14:37:06,067 [19004] INFO: ip=192.168.1.100, port=8899
2022-01-11 14:37:06,067 [19004] INFO: ip=192.168.1.100, port=8899
2022-01-11 14:37:06,067 [19004] INFO: ip=192.168.1.100, port=8899
2022-01-11 14:37:06,067 [19004] INFO: ip=192.168.1.100, port=8899
2022-01-11 14:37:06,067 [19004] INFO: ip=192.168.1.100, port=8899
2022-01-11 14:37:06,948 [19004] INFO: connect server192.168.1.100:8899  successfully.
2022-01-11 14:37:06,948 [19004] INFO: connect server192.168.1.100:8899  successfully.
2022-01-11 14:37:06,948 [19004] INFO: connect server192.168.1.100:8899  successfully.
2022-01-11 14:37:06,948 [19004] INFO: connect server192.168.1.100:8899  successfully.
2022-01-11 14:37:06,948 [19004] INFO: connect server192.168.1.100:8899  successfully.
2022-01-11 14:37:06,948 [19004] INFO: connect server192.168.1.100:8899  successfully.
2022-01-11 14:37:10,381 [19004] INFO: move joint to (0.541678, 0.225068, -0.948709, 0.397018, -1.5708, 0.541673)
2022-01-11 14:37:10,381 [19004] INFO: move joint to (0.541678, 0.225068, -0.948709, 0.397018, -1.5708, 0.541673)
2022-01-11 14:37:10,381 [19004] INFO: move joint to (0.541678, 0.225068, -0.948709, 0.397018, -1.5708, 0.541673)
2022-01-11 14:37:10,381 [19004] INFO: move joint to (0.541678, 0.225068, -0.948709, 0.397018, -1.5708, 0.541673)
2022-01-11 14:37:10,381 [19004] INFO: move joint to (0.541678, 0.225068, -0.948709, 0.397018, -1.5708, 0.541673)
2022-01-11 14:37:10,381 [19004] INFO: move joint to (0.541678, 0.225068, -0.948709, 0.397018, -1.5708, 0.541673)
2022-01-11 14:37:12,710 [19004] INFO: Move point1 successfully.
2022-01-11 14:37:12,710 [19004] INFO: Move point1 successfully.
2022-01-11 14:37:12,710 [19004] INFO: Move point1 successfully.
2022-01-11 14:37:12,710 [19004] INFO: Move point1 successfully.
2022-01-11 14:37:12,710 [19004] INFO: Move point1 successfully.
2022-01-11 14:37:12,710 [19004] INFO: Move point1 successfully.
2022-01-11 14:37:12,713 [19004] INFO: move joint to (0.0, 0.0, 0.0, 0.0, 0.0, 0.0)
2022-01-11 14:37:12,713 [19004] INFO: move joint to (0.0, 0.0, 0.0, 0.0, 0.0, 0.0)
2022-01-11 14:37:12,713 [19004] INFO: move joint to (0.0, 0.0, 0.0, 0.0, 0.0, 0.0)
2022-01-11 14:37:12,713 [19004] INFO: move joint to (0.0, 0.0, 0.0, 0.0, 0.0, 0.0)
2022-01-11 14:37:12,713 [19004] INFO: move joint to (0.0, 0.0, 0.0, 0.0, 0.0, 0.0)
2022-01-11 14:37:12,713 [19004] INFO: move joint to (0.0, 0.0, 0.0, 0.0, 0.0, 0.0)
2022-01-11 14:37:15,062 [19004] INFO: Move point2 successfully.
2022-01-11 14:37:15,062 [19004] INFO: Move point2 successfully.
2022-01-11 14:37:15,062 [19004] INFO: Move point2 successfully.
2022-01-11 14:37:15,062 [19004] INFO: Move point2 successfully.
2022-01-11 14:37:15,062 [19004] INFO: Move point2 successfully.
2022-01-11 14:37:15,062 [19004] INFO: Move point2 successfully.
2022-01-11 14:37:15,568 [19004] INFO: ******************************disconnect**********************
2022-01-11 14:37:15,568 [19004] INFO: ******************************disconnect**********************
2022-01-11 14:37:15,568 [19004] INFO: ******************************disconnect**********************
2022-01-11 14:37:15,568 [19004] INFO: ******************************disconnect**********************
2022-01-11 14:37:15,568 [19004] INFO: ******************************disconnect**********************
2022-01-11 14:37:15,568 [19004] INFO: ******************************disconnect**********************
2022-01-11 14:37:15,589 [19004] WARNING: RSHD uninitialized or not login!!!
2022-01-11 14:37:15,589 [19004] WARNING: RSHD uninitialized or not login!!!
2022-01-11 14:37:15,589 [19004] WARNING: RSHD uninitialized or not login!!!
2022-01-11 14:37:15,589 [19004] WARNING: RSHD uninitialized or not login!!!
2022-01-11 14:37:15,589 [19004] WARNING: RSHD uninitialized or not login!!!
2022-01-11 14:37:15,589 [19004] WARNING: RSHD uninitialized or not login!!!
2022-01-11 14:37:15,608 [19004] INFO: ******************************robot_shutdown**********************
2022-01-11 14:37:15,608 [19004] INFO: ******************************robot_shutdown**********************
2022-01-11 14:37:15,608 [19004] INFO: ******************************robot_shutdown**********************
2022-01-11 14:37:15,608 [19004] INFO: ******************************robot_shutdown**********************
2022-01-11 14:37:15,608 [19004] INFO: ******************************robot_shutdown**********************
2022-01-11 14:37:15,608 [19004] INFO: ******************************robot_shutdown**********************
2022-01-11 14:37:16,008 [19004] INFO: client_count=0
2022-01-11 14:37:16,008 [19004] INFO: client_count=0
2022-01-11 14:37:16,008 [19004] INFO: client_count=0
2022-01-11 14:37:16,008 [19004] INFO: client_count=0
2022-01-11 14:37:16,008 [19004] INFO: client_count=0
2022-01-11 14:37:16,008 [19004] INFO: client_count=0
2022-01-11 14:37:16,019 [19004] INFO: test completed
2022-01-11 14:37:16,019 [19004] INFO: test completed
2022-01-11 14:37:16,019 [19004] INFO: test completed
2022-01-11 14:37:16,019 [19004] INFO: test completed
2022-01-11 14:37:16,019 [19004] INFO: test completed
2022-01-11 14:37:16,019 [19004] INFO: test completed
2022-01-11 14:37:16,027 [19004] INFO: ******************************test_number 7
2022-01-11 14:37:16,027 [19004] INFO: ******************************test_number 7
2022-01-11 14:37:16,027 [19004] INFO: ******************************test_number 7
2022-01-11 14:37:16,027 [19004] INFO: ******************************test_number 7
2022-01-11 14:37:16,027 [19004] INFO: ******************************test_number 7
2022-01-11 14:37:16,027 [19004] INFO: ******************************test_number 7
2022-01-11 14:37:16,043 [19004] INFO: Jan 11 2022 14:37:16 test beginning...
2022-01-11 14:37:16,043 [19004] INFO: Jan 11 2022 14:37:16 test beginning...
2022-01-11 14:37:16,043 [19004] INFO: Jan 11 2022 14:37:16 test beginning...
2022-01-11 14:37:16,043 [19004] INFO: Jan 11 2022 14:37:16 test beginning...
2022-01-11 14:37:16,043 [19004] INFO: Jan 11 2022 14:37:16 test beginning...
2022-01-11 14:37:16,043 [19004] INFO: Jan 11 2022 14:37:16 test beginning...
2022-01-11 14:37:16,043 [19004] INFO: Jan 11 2022 14:37:16 test beginning...
2022-01-11 14:37:16,074 [19004] INFO: robot.rshd=6
2022-01-11 14:37:16,074 [19004] INFO: robot.rshd=6
2022-01-11 14:37:16,074 [19004] INFO: robot.rshd=6
2022-01-11 14:37:16,074 [19004] INFO: robot.rshd=6
2022-01-11 14:37:16,074 [19004] INFO: robot.rshd=6
2022-01-11 14:37:16,074 [19004] INFO: robot.rshd=6
2022-01-11 14:37:16,074 [19004] INFO: robot.rshd=6
2022-01-11 14:37:16,083 [19004] INFO: ip=192.168.1.100, port=8899
2022-01-11 14:37:16,083 [19004] INFO: ip=192.168.1.100, port=8899
2022-01-11 14:37:16,083 [19004] INFO: ip=192.168.1.100, port=8899
2022-01-11 14:37:16,083 [19004] INFO: ip=192.168.1.100, port=8899
2022-01-11 14:37:16,083 [19004] INFO: ip=192.168.1.100, port=8899
2022-01-11 14:37:16,083 [19004] INFO: ip=192.168.1.100, port=8899
2022-01-11 14:37:16,083 [19004] INFO: ip=192.168.1.100, port=8899
2022-01-11 14:37:16,954 [19004] INFO: connect server192.168.1.100:8899  successfully.
2022-01-11 14:37:16,954 [19004] INFO: connect server192.168.1.100:8899  successfully.
2022-01-11 14:37:16,954 [19004] INFO: connect server192.168.1.100:8899  successfully.
2022-01-11 14:37:16,954 [19004] INFO: connect server192.168.1.100:8899  successfully.
2022-01-11 14:37:16,954 [19004] INFO: connect server192.168.1.100:8899  successfully.
2022-01-11 14:37:16,954 [19004] INFO: connect server192.168.1.100:8899  successfully.
2022-01-11 14:37:16,954 [19004] INFO: connect server192.168.1.100:8899  successfully.
2022-01-11 14:37:20,368 [19004] INFO: move joint to (0.541678, 0.225068, -0.948709, 0.397018, -1.5708, 0.541673)
2022-01-11 14:37:20,368 [19004] INFO: move joint to (0.541678, 0.225068, -0.948709, 0.397018, -1.5708, 0.541673)
2022-01-11 14:37:20,368 [19004] INFO: move joint to (0.541678, 0.225068, -0.948709, 0.397018, -1.5708, 0.541673)
2022-01-11 14:37:20,368 [19004] INFO: move joint to (0.541678, 0.225068, -0.948709, 0.397018, -1.5708, 0.541673)
2022-01-11 14:37:20,368 [19004] INFO: move joint to (0.541678, 0.225068, -0.948709, 0.397018, -1.5708, 0.541673)
2022-01-11 14:37:20,368 [19004] INFO: move joint to (0.541678, 0.225068, -0.948709, 0.397018, -1.5708, 0.541673)
2022-01-11 14:37:20,368 [19004] INFO: move joint to (0.541678, 0.225068, -0.948709, 0.397018, -1.5708, 0.541673)
2022-01-11 14:37:22,695 [19004] INFO: Move point1 successfully.
2022-01-11 14:37:22,695 [19004] INFO: Move point1 successfully.
2022-01-11 14:37:22,695 [19004] INFO: Move point1 successfully.
2022-01-11 14:37:22,695 [19004] INFO: Move point1 successfully.
2022-01-11 14:37:22,695 [19004] INFO: Move point1 successfully.
2022-01-11 14:37:22,695 [19004] INFO: Move point1 successfully.
2022-01-11 14:37:22,695 [19004] INFO: Move point1 successfully.
2022-01-11 14:37:22,703 [19004] INFO: move joint to (0.0, 0.0, 0.0, 0.0, 0.0, 0.0)
2022-01-11 14:37:22,703 [19004] INFO: move joint to (0.0, 0.0, 0.0, 0.0, 0.0, 0.0)
2022-01-11 14:37:22,703 [19004] INFO: move joint to (0.0, 0.0, 0.0, 0.0, 0.0, 0.0)
2022-01-11 14:37:22,703 [19004] INFO: move joint to (0.0, 0.0, 0.0, 0.0, 0.0, 0.0)
2022-01-11 14:37:22,703 [19004] INFO: move joint to (0.0, 0.0, 0.0, 0.0, 0.0, 0.0)
2022-01-11 14:37:22,703 [19004] INFO: move joint to (0.0, 0.0, 0.0, 0.0, 0.0, 0.0)
2022-01-11 14:37:22,703 [19004] INFO: move joint to (0.0, 0.0, 0.0, 0.0, 0.0, 0.0)
2022-01-11 14:37:25,047 [19004] INFO: Move point2 successfully.
2022-01-11 14:37:25,047 [19004] INFO: Move point2 successfully.
2022-01-11 14:37:25,047 [19004] INFO: Move point2 successfully.
2022-01-11 14:37:25,047 [19004] INFO: Move point2 successfully.
2022-01-11 14:37:25,047 [19004] INFO: Move point2 successfully.
2022-01-11 14:37:25,047 [19004] INFO: Move point2 successfully.
2022-01-11 14:37:25,047 [19004] INFO: Move point2 successfully.
2022-01-11 14:39:44,847 [22072] INFO: Jan 11 2022 14:39:44 test beginning...
2022-01-11 14:39:44,855 [22072] INFO: robot.rshd=0
2022-01-11 14:39:44,855 [22072] INFO: ip=192.168.1.100, port=8899
2022-01-11 14:39:45,727 [22072] INFO: connect server192.168.1.100:8899  successfully.
2022-01-11 14:39:49,138 [22072] INFO: move joint to (0.541678, 0.225068, -0.948709, 0.397018, -1.5708, 0.541673)
2022-01-11 14:39:51,468 [22072] INFO: Move point1 successfully.
2022-01-11 14:39:51,468 [22072] INFO: move joint to (0.0, 0.0, 0.0, 0.0, 0.0, 0.0)
2022-01-11 14:39:53,818 [22072] INFO: Move point2 successfully.
2022-01-11 14:39:54,330 [22072] INFO: ******************************disconnect**********************
2022-01-11 14:39:54,340 [22072] WARNING: RSHD uninitialized or not login!!!
2022-01-11 14:39:54,341 [22072] INFO: ******************************robot_shutdown**********************
2022-01-11 14:39:56,007 [22072] INFO: Jan 11 2022 14:39:56 test completed.
2022-01-11 14:39:56,007 [22072] INFO: client_count=0
2022-01-11 14:39:56,008 [22072] INFO: test completed
2022-01-11 14:39:56,009 [22072] INFO: ******************************test_number 2
2022-01-11 14:39:56,012 [22072] INFO: Jan 11 2022 14:39:56 test beginning...
2022-01-11 14:39:56,012 [22072] INFO: Jan 11 2022 14:39:56 test beginning...
2022-01-11 14:39:56,024 [22072] INFO: robot.rshd=1
2022-01-11 14:39:56,024 [22072] INFO: robot.rshd=1
2022-01-11 14:39:56,025 [22072] INFO: ip=192.168.1.100, port=8899
2022-01-11 14:39:56,025 [22072] INFO: ip=192.168.1.100, port=8899
2022-01-11 14:39:56,904 [22072] INFO: connect server192.168.1.100:8899  successfully.
2022-01-11 14:39:56,904 [22072] INFO: connect server192.168.1.100:8899  successfully.
2022-01-11 14:40:00,324 [22072] INFO: move joint to (0.541678, 0.225068, -0.948709, 0.397018, -1.5708, 0.541673)
2022-01-11 14:40:00,324 [22072] INFO: move joint to (0.541678, 0.225068, -0.948709, 0.397018, -1.5708, 0.541673)
2022-01-11 14:40:02,646 [22072] INFO: Move point1 successfully.
2022-01-11 14:40:02,646 [22072] INFO: Move point1 successfully.
2022-01-11 14:40:02,647 [22072] INFO: move joint to (0.0, 0.0, 0.0, 0.0, 0.0, 0.0)
2022-01-11 14:40:02,647 [22072] INFO: move joint to (0.0, 0.0, 0.0, 0.0, 0.0, 0.0)
2022-01-11 14:42:03,440 [18548] INFO: Jan 11 2022 14:42:03 test beginning...
2022-01-11 14:42:03,449 [18548] INFO: robot.rshd=0
2022-01-11 14:42:03,449 [18548] INFO: ip=192.168.1.100, port=8899
2022-01-11 14:42:04,330 [18548] INFO: connect server192.168.1.100:8899  successfully.
2022-01-11 14:42:17,356 [18548] INFO: move joint to (0.541678, 0.225068, -0.948709, 0.397018, -1.5708, 0.541673)
2022-01-11 14:42:19,687 [18548] INFO: Move point1 successfully.
2022-01-11 14:42:19,688 [18548] INFO: move joint to (0.0, 0.0, 0.0, 0.0, 0.0, 0.0)
2022-01-11 14:42:22,038 [18548] INFO: Move point2 successfully.
2022-01-11 14:42:23,012 [18548] INFO: Jan 11 2022 14:42:23 test completed.
2022-01-11 14:42:23,524 [18548] INFO: ******************************disconnect**********************
2022-01-11 14:42:23,531 [18548] WARNING: RSHD uninitialized or not login!!!
2022-01-11 14:42:23,531 [18548] INFO: ******************************robot_shutdown**********************
2022-01-11 14:42:23,531 [18548] INFO: client_count=0
2022-01-11 14:42:23,532 [18548] INFO: test completed
2022-01-11 14:42:23,533 [18548] INFO: ******************************test_number 2
2022-01-11 14:42:23,535 [18548] INFO: Jan 11 2022 14:42:23 test beginning...
2022-01-11 14:42:23,535 [18548] INFO: Jan 11 2022 14:42:23 test beginning...
2022-01-11 14:42:23,544 [18548] INFO: robot.rshd=1
2022-01-11 14:42:23,544 [18548] INFO: robot.rshd=1
2022-01-11 14:42:23,544 [18548] INFO: ip=192.168.1.100, port=8899
2022-01-11 14:42:23,544 [18548] INFO: ip=192.168.1.100, port=8899
2022-01-11 14:42:24,420 [18548] INFO: connect server192.168.1.100:8899  successfully.
2022-01-11 14:42:24,420 [18548] INFO: connect server192.168.1.100:8899  successfully.
2022-01-11 14:42:27,892 [18548] INFO: move joint to (0.541678, 0.225068, -0.948709, 0.397018, -1.5708, 0.541673)
2022-01-11 14:42:27,892 [18548] INFO: move joint to (0.541678, 0.225068, -0.948709, 0.397018, -1.5708, 0.541673)
2022-01-11 14:42:36,241 [18548] INFO: Move point1 successfully.
2022-01-11 14:42:36,241 [18548] INFO: Move point1 successfully.
2022-01-11 14:42:36,243 [18548] INFO: move joint to (0.0, 0.0, 0.0, 0.0, 0.0, 0.0)
2022-01-11 14:42:36,243 [18548] INFO: move joint to (0.0, 0.0, 0.0, 0.0, 0.0, 0.0)
2022-01-11 14:45:06,096 [6012] INFO: Jan 11 2022 14:45:06 test beginning...
2022-01-11 14:45:06,110 [6012] INFO: robot.rshd=0
2022-01-11 14:45:06,110 [6012] INFO: ip=192.168.1.100, port=8899
2022-01-11 14:45:06,975 [6012] INFO: connect server192.168.1.100:8899  successfully.
2022-01-11 14:45:19,988 [6012] INFO: move joint to (0.541678, 0.225068, -0.948709, 0.397018, -1.5708, 0.541673)
2022-01-11 14:45:22,318 [6012] INFO: Move point1 successfully.
2022-01-11 14:45:22,319 [6012] INFO: move joint to (0.0, 0.0, 0.0, 0.0, 0.0, 0.0)
2022-01-11 14:45:24,681 [6012] INFO: Move point2 successfully.
2022-01-11 14:45:26,012 [6012] INFO: client_count=0
2022-01-11 14:45:26,013 [6012] INFO: test completed
2022-01-11 14:45:26,014 [6012] INFO: ******************************test_number 2
2022-01-11 14:45:26,023 [6012] INFO: Jan 11 2022 14:45:26 test beginning...
2022-01-11 14:45:26,023 [6012] INFO: Jan 11 2022 14:45:26 test beginning...
2022-01-11 14:45:26,044 [6012] INFO: robot.rshd=1
2022-01-11 14:45:26,044 [6012] INFO: robot.rshd=1
2022-01-11 14:45:26,046 [6012] INFO: ip=192.168.1.100, port=8899
2022-01-11 14:45:26,046 [6012] INFO: ip=192.168.1.100, port=8899
2022-01-11 14:45:26,917 [6012] INFO: connect server192.168.1.100:8899  successfully.
2022-01-11 14:45:26,917 [6012] INFO: connect server192.168.1.100:8899  successfully.
2022-01-11 14:52:40,967 [22164] INFO: Jan 11 2022 14:52:40 test beginning...
2022-01-11 14:52:41,005 [22164] INFO: robot.rshd=0
2022-01-11 14:52:41,007 [22164] INFO: ip=192.168.1.100, port=8899
2022-01-11 14:52:41,903 [22164] INFO: connect server192.168.1.100:8899  successfully.
2022-01-11 14:52:54,806 [22164] INFO: move joint to (0.541678, 0.225068, -0.948709, 0.397018, -1.5708, 0.541673)
2022-01-11 14:52:57,136 [22164] INFO: Move point1 successfully.
2022-01-11 14:52:57,136 [22164] INFO: move joint to (0.0, 0.0, 0.0, 0.0, 0.0, 0.0)
2022-01-11 14:52:59,489 [22164] INFO: Move point2 successfully.
2022-01-11 14:53:00,005 [22164] INFO: client_count=0
2022-01-11 14:53:00,006 [22164] INFO: test completed
2022-01-11 14:53:00,010 [22164] INFO: ******************************test_number 2
2022-01-11 14:53:00,021 [22164] INFO: Jan 11 2022 14:53:00 test beginning...
2022-01-11 14:53:00,021 [22164] INFO: Jan 11 2022 14:53:00 test beginning...
2022-01-11 14:53:00,068 [22164] INFO: robot.rshd=1
2022-01-11 14:53:00,068 [22164] INFO: robot.rshd=1
2022-01-11 14:53:00,070 [22164] INFO: ip=192.168.1.100, port=8899
2022-01-11 14:53:00,070 [22164] INFO: ip=192.168.1.100, port=8899
2022-01-11 14:53:00,937 [22164] INFO: connect server192.168.1.100:8899  successfully.
2022-01-11 14:53:00,937 [22164] INFO: connect server192.168.1.100:8899  successfully.
2022-01-11 14:56:14,524 [9384] INFO: Jan 11 2022 14:56:14 test beginning...
2022-01-11 14:56:14,532 [9384] INFO: robot.rshd=0
2022-01-11 14:56:14,532 [9384] INFO: ip=192.168.1.100, port=8899
2022-01-11 14:56:15,398 [9384] INFO: connect server192.168.1.100:8899  successfully.
2022-01-11 14:56:28,342 [9384] INFO: move joint to (0.541678, 0.225068, -0.948709, 0.397018, -1.5708, 0.541673)
2022-01-11 14:56:30,679 [9384] INFO: Move point1 successfully.
2022-01-11 14:56:30,680 [9384] INFO: move joint to (0.0, 0.0, 0.0, 0.0, 0.0, 0.0)
2022-01-11 14:56:33,026 [9384] INFO: Move point2 successfully.
2022-01-11 14:56:35,847 [9384] INFO: ******************************robot_shutdown**********************
2022-01-11 14:56:36,404 [9384] INFO: ******************************disconnect2**********************
2022-01-11 14:56:38,008 [9384] INFO: Jan 11 2022 14:56:38 test completed.
2022-01-11 14:56:38,009 [9384] INFO: client_count=0
2022-01-11 14:56:38,009 [9384] INFO: test completed
2022-01-11 14:56:38,010 [9384] INFO: ******************************test_number 2
2022-01-11 14:56:38,014 [9384] INFO: Jan 11 2022 14:56:38 test beginning...
2022-01-11 14:56:38,014 [9384] INFO: Jan 11 2022 14:56:38 test beginning...
2022-01-11 14:56:38,025 [9384] INFO: robot.rshd=1
2022-01-11 14:56:38,025 [9384] INFO: robot.rshd=1
2022-01-11 14:56:38,025 [9384] INFO: ip=192.168.1.100, port=8899
2022-01-11 14:56:38,025 [9384] INFO: ip=192.168.1.100, port=8899
2022-01-11 14:56:38,901 [9384] INFO: connect server192.168.1.100:8899  successfully.
2022-01-11 14:56:38,901 [9384] INFO: connect server192.168.1.100:8899  successfully.
2022-01-11 14:56:51,830 [9384] INFO: move joint to (0.541678, 0.225068, -0.948709, 0.397018, -1.5708, 0.541673)
2022-01-11 14:56:51,830 [9384] INFO: move joint to (0.541678, 0.225068, -0.948709, 0.397018, -1.5708, 0.541673)
2022-01-11 14:56:54,161 [9384] INFO: Move point1 successfully.
2022-01-11 14:56:54,161 [9384] INFO: Move point1 successfully.
2022-01-11 14:56:54,162 [9384] INFO: move joint to (0.0, 0.0, 0.0, 0.0, 0.0, 0.0)
2022-01-11 14:56:54,162 [9384] INFO: move joint to (0.0, 0.0, 0.0, 0.0, 0.0, 0.0)
2022-01-11 14:56:56,518 [9384] INFO: Move point2 successfully.
2022-01-11 14:56:56,518 [9384] INFO: Move point2 successfully.
2022-01-11 14:56:59,342 [9384] INFO: ******************************robot_shutdown**********************
2022-01-11 14:56:59,342 [9384] INFO: ******************************robot_shutdown**********************
2022-01-11 14:56:59,858 [9384] INFO: ******************************disconnect2**********************
2022-01-11 14:56:59,858 [9384] INFO: ******************************disconnect2**********************
2022-01-11 14:57:00,010 [9384] INFO: Jan 11 2022 14:57:00 test completed.
2022-01-11 14:57:00,010 [9384] INFO: Jan 11 2022 14:57:00 test completed.
2022-01-11 14:57:00,011 [9384] INFO: client_count=0
2022-01-11 14:57:00,011 [9384] INFO: client_count=0
2022-01-11 14:57:00,013 [9384] INFO: test completed
2022-01-11 14:57:00,013 [9384] INFO: test completed
2022-01-11 14:57:00,013 [9384] INFO: ******************************test_number 3
2022-01-11 14:57:00,013 [9384] INFO: ******************************test_number 3
2022-01-11 14:57:00,021 [9384] INFO: Jan 11 2022 14:57:00 test beginning...
2022-01-11 14:57:00,021 [9384] INFO: Jan 11 2022 14:57:00 test beginning...
2022-01-11 14:57:00,021 [9384] INFO: Jan 11 2022 14:57:00 test beginning...
2022-01-11 14:57:00,046 [9384] INFO: robot.rshd=2
2022-01-11 14:57:00,046 [9384] INFO: robot.rshd=2
2022-01-11 14:57:00,046 [9384] INFO: robot.rshd=2
2022-01-11 14:57:00,049 [9384] INFO: ip=192.168.1.100, port=8899
2022-01-11 14:57:00,049 [9384] INFO: ip=192.168.1.100, port=8899
2022-01-11 14:57:00,049 [9384] INFO: ip=192.168.1.100, port=8899
2022-01-11 14:57:00,930 [9384] INFO: connect server192.168.1.100:8899  successfully.
2022-01-11 14:57:00,930 [9384] INFO: connect server192.168.1.100:8899  successfully.
2022-01-11 14:57:00,930 [9384] INFO: connect server192.168.1.100:8899  successfully.
2022-01-11 14:57:13,862 [9384] INFO: move joint to (0.541678, 0.225068, -0.948709, 0.397018, -1.5708, 0.541673)
2022-01-11 14:57:13,862 [9384] INFO: move joint to (0.541678, 0.225068, -0.948709, 0.397018, -1.5708, 0.541673)
2022-01-11 14:57:13,862 [9384] INFO: move joint to (0.541678, 0.225068, -0.948709, 0.397018, -1.5708, 0.541673)
2022-01-11 14:57:16,197 [9384] INFO: Move point1 successfully.
2022-01-11 14:57:16,197 [9384] INFO: Move point1 successfully.
2022-01-11 14:57:16,197 [9384] INFO: Move point1 successfully.
2022-01-11 14:57:16,199 [9384] INFO: move joint to (0.0, 0.0, 0.0, 0.0, 0.0, 0.0)
2022-01-11 14:57:16,199 [9384] INFO: move joint to (0.0, 0.0, 0.0, 0.0, 0.0, 0.0)
2022-01-11 14:57:16,199 [9384] INFO: move joint to (0.0, 0.0, 0.0, 0.0, 0.0, 0.0)
2022-01-11 14:57:18,547 [9384] INFO: Move point2 successfully.
2022-01-11 14:57:18,547 [9384] INFO: Move point2 successfully.
2022-01-11 14:57:18,547 [9384] INFO: Move point2 successfully.
2022-01-11 14:57:21,384 [9384] INFO: ******************************robot_shutdown**********************
2022-01-11 14:57:21,384 [9384] INFO: ******************************robot_shutdown**********************
2022-01-11 14:57:21,384 [9384] INFO: ******************************robot_shutdown**********************
2022-01-11 14:59:53,326 [21100] INFO: Jan 11 2022 14:59:53 test beginning...
2022-01-11 14:59:53,338 [21100] INFO: robot.rshd=0
2022-01-11 14:59:53,339 [21100] INFO: ip=192.168.1.100, port=8899
2022-01-11 14:59:54,213 [21100] INFO: connect server192.168.1.100:8899  successfully.
2022-01-11 15:00:07,328 [21100] INFO: move joint to (0.541678, 0.225068, -0.948709, 0.397018, -1.5708, 0.541673)
2022-01-11 15:00:09,659 [21100] INFO: Move point1 successfully.
2022-01-11 15:00:09,660 [21100] INFO: move joint to (0.0, 0.0, 0.0, 0.0, 0.0, 0.0)
2022-01-11 15:00:12,016 [21100] INFO: Move point2 successfully.
2022-01-11 15:00:14,842 [21100] INFO: ******************************robot_shutdown**********************
2022-01-11 15:00:15,009 [21100] INFO: Jan 11 2022 15:00:15 test completed.
2022-01-11 15:00:15,522 [21100] INFO: ******************************disconnect2**********************
2022-01-11 15:00:15,523 [21100] INFO: client_count=0
2022-01-11 15:00:15,524 [21100] INFO: test completed
2022-01-11 15:00:15,525 [21100] INFO: ******************************test_number 2
2022-01-11 15:00:15,528 [21100] INFO: Jan 11 2022 15:00:15 test beginning...
2022-01-11 15:00:15,528 [21100] INFO: Jan 11 2022 15:00:15 test beginning...
2022-01-11 15:00:15,534 [21100] INFO: robot.rshd=1
2022-01-11 15:00:15,534 [21100] INFO: robot.rshd=1
2022-01-11 15:00:15,535 [21100] INFO: ip=192.168.1.100, port=8899
2022-01-11 15:00:15,535 [21100] INFO: ip=192.168.1.100, port=8899
2022-01-11 15:00:16,404 [21100] INFO: connect server192.168.1.100:8899  successfully.
2022-01-11 15:00:16,404 [21100] INFO: connect server192.168.1.100:8899  successfully.
2022-01-11 15:07:17,837 [4344] INFO: Jan 11 2022 15:07:17 test beginning...
2022-01-11 15:07:18,138 [4344] INFO: robot.rshd=0
2022-01-11 15:07:18,138 [4344] INFO: ip=192.168.1.100, port=8899
2022-01-11 15:07:19,153 [4344] INFO: connect server192.168.1.100:8899  successfully.
2022-01-11 15:07:22,629 [4344] INFO: move joint to (0.541678, 0.225068, -0.948709, 0.397018, -1.5708, 0.541673)
2022-01-11 15:07:25,079 [4344] INFO: Move point1 successfully.
2022-01-11 15:07:25,080 [4344] INFO: move joint to (0.0, 0.0, 0.0, 0.0, 0.0, 0.0)
2022-01-11 15:07:27,434 [4344] INFO: Move point2 successfully.
2022-01-11 15:07:30,266 [4344] INFO: ******************************robot_shutdown**********************
2022-01-11 15:07:30,943 [4344] INFO: ******************************disconnect2**********************
2022-01-11 15:07:31,005 [4344] INFO: Jan 11 2022 15:07:31 test completed.
2022-01-11 15:07:31,006 [4344] INFO: client_count=0
2022-01-11 15:07:31,006 [4344] INFO: test completed
2022-01-11 15:08:59,724 [7072] INFO: Jan 11 2022 15:08:59 test beginning...
2022-01-11 15:08:59,738 [7072] INFO: robot.rshd=0
2022-01-11 15:08:59,739 [7072] INFO: ip=192.168.1.100, port=8899
2022-01-11 15:09:00,643 [7072] INFO: connect server192.168.1.100:8899  successfully.
2022-01-11 15:09:14,988 [7072] INFO: move joint to (0.541678, 0.225068, -0.948709, 0.397018, -1.5708, 0.541673)
2022-01-11 15:09:17,351 [7072] INFO: Move point1 successfully.
2022-01-11 15:09:17,352 [7072] INFO: move joint to (0.0, 0.0, 0.0, 0.0, 0.0, 0.0)
2022-01-11 15:09:19,710 [7072] INFO: Move point2 successfully.
2022-01-11 15:09:22,546 [7072] INFO: ******************************robot_shutdown**********************
2022-01-11 15:09:23,148 [7072] INFO: ******************************disconnect2**********************
2022-01-11 15:09:25,003 [7072] INFO: client_count=0
2022-01-11 15:09:25,004 [7072] INFO: test completed
2022-01-11 15:12:14,633 [19028] INFO: Jan 11 2022 15:12:14 test beginning...
2022-01-11 15:12:14,641 [19028] INFO: robot.rshd=0
2022-01-11 15:12:14,641 [19028] INFO: ip=192.168.1.100, port=8899
2022-01-11 15:12:15,541 [19028] INFO: connect server192.168.1.100:8899  successfully.
2022-01-11 15:12:28,662 [19028] INFO: move joint to (0.541678, 0.225068, -0.948709, 0.397018, -1.5708, 0.541673)
2022-01-11 15:12:31,039 [19028] INFO: Move point1 successfully.
2022-01-11 15:12:31,040 [19028] INFO: move joint to (0.0, 0.0, 0.0, 0.0, 0.0, 0.0)
2022-01-11 15:12:33,390 [19028] INFO: Move point2 successfully.
2022-01-11 15:12:36,223 [19028] INFO: ******************************robot_shutdown**********************
2022-01-11 15:12:36,855 [19028] INFO: ******************************disconnect2**********************
2022-01-11 15:13:29,677 [20404] INFO: Jan 11 2022 15:13:29 test beginning...
2022-01-11 15:13:29,686 [20404] INFO: robot.rshd=0
2022-01-11 15:13:29,687 [20404] INFO: ip=192.168.1.100, port=8899
2022-01-11 15:13:30,576 [20404] INFO: connect server192.168.1.100:8899  successfully.
2022-01-11 15:13:43,498 [20404] INFO: move joint to (0.541678, 0.225068, -0.948709, 0.397018, -1.5708, 0.541673)
2022-01-11 15:13:45,826 [20404] INFO: Move point1 successfully.
2022-01-11 15:13:45,827 [20404] INFO: move joint to (0.0, 0.0, 0.0, 0.0, 0.0, 0.0)
2022-01-11 15:13:48,181 [20404] INFO: Move point2 successfully.
2022-01-11 15:13:51,009 [20404] INFO: ******************************robot_shutdown**********************
2022-01-11 15:13:51,519 [20404] INFO: ******************************disconnect**********************
2022-01-11 15:14:01,014 [20404] INFO: ok the project run has been successfully.
2022-01-11 15:14:01,015 [20404] INFO: client_count=0
2022-01-11 15:14:01,016 [20404] INFO: test completed
2022-01-11 15:16:51,240 [21776] INFO: Jan 11 2022 15:16:51 test beginning...
2022-01-11 15:16:51,265 [21776] INFO: robot.rshd=0
2022-01-11 15:16:51,268 [21776] INFO: ip=192.168.1.100, port=8899
2022-01-11 15:16:52,148 [21776] INFO: connect server192.168.1.100:8899  successfully.
2022-01-11 15:17:05,204 [21776] INFO: move joint to (0.541678, 0.225068, -0.948709, 0.397018, -1.5708, 0.541673)
2022-01-11 15:17:07,686 [21776] INFO: Move point1 successfully.
2022-01-11 15:17:07,686 [21776] INFO: move joint to (0.0, 0.0, 0.0, 0.0, 0.0, 0.0)
2022-01-11 15:17:10,032 [21776] INFO: Move point2 successfully.
2022-01-11 15:17:12,882 [21776] INFO: ******************************robot_shutdown**********************
2022-01-11 15:29:37,739 [21264] INFO: Jan 11 2022 15:29:37 test beginning...
2022-01-11 15:29:37,748 [21264] INFO: robot.rshd=0
2022-01-11 15:29:37,749 [21264] INFO: ip=192.168.1.100, port=8899
2022-01-11 15:29:38,625 [21264] INFO: connect server192.168.1.100:8899  successfully.
2022-01-11 15:29:51,540 [21264] INFO: move joint to (0.541678, 0.225068, -0.948709, 0.397018, -1.5708, 0.541673)
2022-01-11 15:29:53,869 [21264] INFO: Move point1 successfully.
2022-01-11 15:29:53,870 [21264] INFO: move joint to (0.0, 0.0, 0.0, 0.0, 0.0, 0.0)
2022-01-11 15:29:56,224 [21264] INFO: Move point2 successfully.
2022-01-11 15:29:59,054 [21264] INFO: ******************************robot_shutdown**********************
2022-01-11 15:29:59,568 [21264] INFO: ******************************disconnect**********************
2022-01-11 15:31:58,991 [15672] INFO: Jan 11 2022 15:31:58 test beginning...
2022-01-11 15:31:59,017 [15672] INFO: robot.rshd=0
2022-01-11 15:31:59,019 [15672] INFO: ip=192.168.1.100, port=8899
2022-01-11 15:31:59,904 [15672] INFO: connect server192.168.1.100:8899  successfully.
2022-01-11 15:32:12,914 [15672] INFO: move joint to (0.541678, 0.225068, -0.948709, 0.397018, -1.5708, 0.541673)
2022-01-11 15:32:15,249 [15672] INFO: Move point1 successfully.
2022-01-11 15:32:15,249 [15672] INFO: move joint to (0.0, 0.0, 0.0, 0.0, 0.0, 0.0)
2022-01-11 15:32:17,609 [15672] INFO: Move point2 successfully.
2022-01-11 15:32:20,444 [15672] INFO: ******************************robot_shutdown**********************
2022-01-11 15:47:42,148 [15668] INFO: Jan 11 2022 15:47:42 test beginning...
2022-01-11 15:47:42,160 [15668] INFO: robot.rshd=0
2022-01-11 15:47:42,163 [15668] INFO: ip=192.168.1.100, port=8899
2022-01-11 15:47:43,071 [15668] INFO: connect server192.168.1.100:8899  successfully.
2022-01-11 15:47:56,016 [15668] INFO: move joint to (0.541678, 0.225068, -0.948709, 0.397018, -1.5708, 0.541673)
2022-01-11 15:47:58,351 [15668] INFO: Move point1 successfully.
2022-01-11 15:47:58,352 [15668] INFO: move joint to (0.0, 0.0, 0.0, 0.0, 0.0, 0.0)
2022-01-11 15:48:00,702 [15668] INFO: Move point2 successfully.
2022-01-11 15:48:03,543 [15668] INFO: ******************************robot_shutdown**********************
2022-01-11 15:48:04,058 [15668] INFO: ******************************disconnect**********************
2022-01-11 15:48:11,024 [15668] INFO: ok the project run has been successfully.
2022-01-11 15:48:11,030 [15668] INFO: client_count=0
2022-01-11 15:48:11,037 [15668] INFO: test completed
2022-01-11 15:52:18,922 [22212] INFO: Jan 11 2022 15:52:18 test beginning...
2022-01-11 15:52:18,936 [22212] INFO: robot.rshd=0
2022-01-11 15:52:18,937 [22212] INFO: ip=192.168.1.100, port=8899
2022-01-11 15:52:19,820 [22212] INFO: connect server192.168.1.100:8899  successfully.
2022-01-11 15:52:32,950 [22212] INFO: move joint to (0.541678, 0.225068, -0.948709, 0.397018, -1.5708, 0.541673)
2022-01-11 15:52:35,285 [22212] INFO: Move point1 successfully.
2022-01-11 15:52:35,286 [22212] INFO: move joint to (0.0, 0.0, 0.0, 0.0, 0.0, 0.0)
2022-01-11 15:52:37,644 [22212] INFO: Move point2 successfully.
2022-01-11 15:52:40,473 [22212] INFO: ******************************robot_shutdown**********************
2022-01-11 15:52:40,989 [22212] INFO: ******************************disconnect**********************
2022-01-11 15:52:47,017 [22212] INFO: ok the project run has been successfully.
2022-01-11 15:52:47,018 [22212] INFO: client_count=0
2022-01-11 15:52:47,019 [22212] INFO: test completed
2022-01-11 15:52:47,023 [22212] INFO: Jan 11 2022 15:52:47 test beginning...
2022-01-11 15:52:47,023 [22212] INFO: Jan 11 2022 15:52:47 test beginning...
2022-01-11 15:52:47,031 [22212] INFO: robot.rshd=1
2022-01-11 15:52:47,031 [22212] INFO: robot.rshd=1
2022-01-11 15:52:47,032 [22212] INFO: ip=192.168.1.100, port=8899
2022-01-11 15:52:47,032 [22212] INFO: ip=192.168.1.100, port=8899
2022-01-11 15:52:47,915 [22212] INFO: connect server192.168.1.100:8899  successfully.
2022-01-11 15:52:47,915 [22212] INFO: connect server192.168.1.100:8899  successfully.
2022-01-11 15:53:00,936 [22212] INFO: move joint to (0.541678, 0.225068, -0.948709, 0.397018, -1.5708, 0.541673)
2022-01-11 15:53:00,936 [22212] INFO: move joint to (0.541678, 0.225068, -0.948709, 0.397018, -1.5708, 0.541673)
2022-01-11 15:53:03,274 [22212] INFO: Move point1 successfully.
2022-01-11 15:53:03,274 [22212] INFO: Move point1 successfully.
2022-01-11 15:53:03,277 [22212] INFO: move joint to (0.0, 0.0, 0.0, 0.0, 0.0, 0.0)
2022-01-11 15:53:03,277 [22212] INFO: move joint to (0.0, 0.0, 0.0, 0.0, 0.0, 0.0)
2022-01-11 15:53:05,625 [22212] INFO: Move point2 successfully.
2022-01-11 15:53:05,625 [22212] INFO: Move point2 successfully.
2022-01-11 15:53:08,457 [22212] INFO: ******************************robot_shutdown**********************
2022-01-11 15:53:08,457 [22212] INFO: ******************************robot_shutdown**********************
2022-01-11 15:53:08,973 [22212] INFO: ******************************disconnect**********************
2022-01-11 15:53:08,973 [22212] INFO: ******************************disconnect**********************
2022-01-11 15:53:14,009 [22212] INFO: ok the project run has been successfully.
2022-01-11 15:53:14,009 [22212] INFO: ok the project run has been successfully.
2022-01-11 15:53:14,014 [22212] INFO: client_count=0
2022-01-11 15:53:14,014 [22212] INFO: client_count=0
2022-01-11 15:53:14,031 [22212] INFO: test completed
2022-01-11 15:53:14,031 [22212] INFO: test completed
2022-01-11 15:53:14,045 [22212] INFO: Jan 11 2022 15:53:14 test beginning...
2022-01-11 15:53:14,045 [22212] INFO: Jan 11 2022 15:53:14 test beginning...
2022-01-11 15:53:14,045 [22212] INFO: Jan 11 2022 15:53:14 test beginning...
2022-01-11 15:53:14,063 [22212] INFO: robot.rshd=2
2022-01-11 15:53:14,063 [22212] INFO: robot.rshd=2
2022-01-11 15:53:14,063 [22212] INFO: robot.rshd=2
2022-01-11 15:53:14,064 [22212] INFO: ip=192.168.1.100, port=8899
2022-01-11 15:53:14,064 [22212] INFO: ip=192.168.1.100, port=8899
2022-01-11 15:53:14,064 [22212] INFO: ip=192.168.1.100, port=8899
2022-01-11 15:53:14,964 [22212] INFO: connect server192.168.1.100:8899  successfully.
2022-01-11 15:53:14,964 [22212] INFO: connect server192.168.1.100:8899  successfully.
2022-01-11 15:53:14,964 [22212] INFO: connect server192.168.1.100:8899  successfully.
2022-01-11 15:53:27,892 [22212] INFO: move joint to (0.541678, 0.225068, -0.948709, 0.397018, -1.5708, 0.541673)
2022-01-11 15:53:27,892 [22212] INFO: move joint to (0.541678, 0.225068, -0.948709, 0.397018, -1.5708, 0.541673)
2022-01-11 15:53:27,892 [22212] INFO: move joint to (0.541678, 0.225068, -0.948709, 0.397018, -1.5708, 0.541673)
2022-01-11 15:53:30,223 [22212] INFO: Move point1 successfully.
2022-01-11 15:53:30,223 [22212] INFO: Move point1 successfully.
2022-01-11 15:53:30,223 [22212] INFO: Move point1 successfully.
2022-01-11 15:53:30,224 [22212] INFO: move joint to (0.0, 0.0, 0.0, 0.0, 0.0, 0.0)
2022-01-11 15:53:30,224 [22212] INFO: move joint to (0.0, 0.0, 0.0, 0.0, 0.0, 0.0)
2022-01-11 15:53:30,224 [22212] INFO: move joint to (0.0, 0.0, 0.0, 0.0, 0.0, 0.0)
2022-01-11 15:53:32,576 [22212] INFO: Move point2 successfully.
2022-01-11 15:53:32,576 [22212] INFO: Move point2 successfully.
2022-01-11 15:53:32,576 [22212] INFO: Move point2 successfully.
2022-01-11 15:53:35,409 [22212] INFO: ******************************robot_shutdown**********************
2022-01-11 15:53:35,409 [22212] INFO: ******************************robot_shutdown**********************
2022-01-11 15:53:35,409 [22212] INFO: ******************************robot_shutdown**********************
2022-01-11 15:53:35,921 [22212] INFO: ******************************disconnect**********************
2022-01-11 15:53:35,921 [22212] INFO: ******************************disconnect**********************
2022-01-11 15:53:35,921 [22212] INFO: ******************************disconnect**********************
2022-01-11 15:53:41,018 [22212] INFO: ok the project run has been successfully.
2022-01-11 15:53:41,018 [22212] INFO: ok the project run has been successfully.
2022-01-11 15:53:41,018 [22212] INFO: ok the project run has been successfully.
2022-01-11 15:53:41,021 [22212] INFO: client_count=0
2022-01-11 15:53:41,021 [22212] INFO: client_count=0
2022-01-11 15:53:41,021 [22212] INFO: client_count=0
2022-01-11 15:53:41,028 [22212] INFO: test completed
2022-01-11 15:53:41,028 [22212] INFO: test completed
2022-01-11 15:53:41,028 [22212] INFO: test completed
2022-01-11 15:53:41,040 [22212] INFO: Jan 11 2022 15:53:41 test beginning...
2022-01-11 15:53:41,040 [22212] INFO: Jan 11 2022 15:53:41 test beginning...
2022-01-11 15:53:41,040 [22212] INFO: Jan 11 2022 15:53:41 test beginning...
2022-01-11 15:53:41,040 [22212] INFO: Jan 11 2022 15:53:41 test beginning...
2022-01-11 15:53:41,058 [22212] INFO: robot.rshd=3
2022-01-11 15:53:41,058 [22212] INFO: robot.rshd=3
2022-01-11 15:53:41,058 [22212] INFO: robot.rshd=3
2022-01-11 15:53:41,058 [22212] INFO: robot.rshd=3
2022-01-11 15:53:41,064 [22212] INFO: ip=192.168.1.100, port=8899
2022-01-11 15:53:41,064 [22212] INFO: ip=192.168.1.100, port=8899
2022-01-11 15:53:41,064 [22212] INFO: ip=192.168.1.100, port=8899
2022-01-11 15:53:41,064 [22212] INFO: ip=192.168.1.100, port=8899
2022-01-11 15:53:41,954 [22212] INFO: connect server192.168.1.100:8899  successfully.
2022-01-11 15:53:41,954 [22212] INFO: connect server192.168.1.100:8899  successfully.
2022-01-11 15:53:41,954 [22212] INFO: connect server192.168.1.100:8899  successfully.
2022-01-11 15:53:41,954 [22212] INFO: connect server192.168.1.100:8899  successfully.
2022-01-11 15:53:54,953 [22212] INFO: move joint to (0.541678, 0.225068, -0.948709, 0.397018, -1.5708, 0.541673)
2022-01-11 15:53:54,953 [22212] INFO: move joint to (0.541678, 0.225068, -0.948709, 0.397018, -1.5708, 0.541673)
2022-01-11 15:53:54,953 [22212] INFO: move joint to (0.541678, 0.225068, -0.948709, 0.397018, -1.5708, 0.541673)
2022-01-11 15:53:54,953 [22212] INFO: move joint to (0.541678, 0.225068, -0.948709, 0.397018, -1.5708, 0.541673)
2022-01-11 15:53:57,287 [22212] INFO: Move point1 successfully.
2022-01-11 15:53:57,287 [22212] INFO: Move point1 successfully.
2022-01-11 15:53:57,287 [22212] INFO: Move point1 successfully.
2022-01-11 15:53:57,287 [22212] INFO: Move point1 successfully.
2022-01-11 15:53:57,291 [22212] INFO: move joint to (0.0, 0.0, 0.0, 0.0, 0.0, 0.0)
2022-01-11 15:53:57,291 [22212] INFO: move joint to (0.0, 0.0, 0.0, 0.0, 0.0, 0.0)
2022-01-11 15:53:57,291 [22212] INFO: move joint to (0.0, 0.0, 0.0, 0.0, 0.0, 0.0)
2022-01-11 15:53:57,291 [22212] INFO: move joint to (0.0, 0.0, 0.0, 0.0, 0.0, 0.0)
2022-01-11 15:53:59,638 [22212] INFO: Move point2 successfully.
2022-01-11 15:53:59,638 [22212] INFO: Move point2 successfully.
2022-01-11 15:53:59,638 [22212] INFO: Move point2 successfully.
2022-01-11 15:53:59,638 [22212] INFO: Move point2 successfully.
2022-01-11 15:54:02,472 [22212] INFO: ******************************robot_shutdown**********************
2022-01-11 15:54:02,472 [22212] INFO: ******************************robot_shutdown**********************
2022-01-11 15:54:02,472 [22212] INFO: ******************************robot_shutdown**********************
2022-01-11 15:54:02,472 [22212] INFO: ******************************robot_shutdown**********************
2022-01-11 15:59:57,686 [952] INFO: Jan 11 2022 15:59:57 test beginning...
2022-01-11 15:59:57,707 [952] INFO: robot.rshd=0
2022-01-11 15:59:57,708 [952] INFO: ip=192.168.1.100, port=8899
2022-01-11 15:59:58,605 [952] INFO: connect server192.168.1.100:8899  successfully.
2022-01-11 16:00:11,730 [952] INFO: move joint to (0.541678, 0.225068, -0.948709, 0.397018, -1.5708, 0.541673)
2022-01-11 16:00:14,066 [952] INFO: Move point1 successfully.
2022-01-11 16:00:14,066 [952] INFO: move joint to (0.0, 0.0, 0.0, 0.0, 0.0, 0.0)
2022-01-11 16:00:16,418 [952] INFO: Move point2 successfully.
2022-01-11 16:00:19,251 [952] INFO: ******************************robot_shutdown**********************
2022-01-11 16:00:19,765 [952] INFO: ******************************disconnect**********************
2022-01-11 16:00:26,012 [952] INFO: ok the project run has been successfully.
2022-01-11 16:00:26,016 [952] INFO: client_count=0
2022-01-11 16:00:26,017 [952] INFO: test completed
2022-01-11 16:00:26,022 [952] INFO: Jan 11 2022 16:00:26 test beginning...
2022-01-11 16:00:26,022 [952] INFO: Jan 11 2022 16:00:26 test beginning...
2022-01-11 16:00:26,045 [952] INFO: robot.rshd=1
2022-01-11 16:00:26,045 [952] INFO: robot.rshd=1
2022-01-11 16:00:26,049 [952] INFO: ip=192.168.1.100, port=8899
2022-01-11 16:00:26,049 [952] INFO: ip=192.168.1.100, port=8899
2022-01-11 16:00:26,935 [952] INFO: connect server192.168.1.100:8899  successfully.
2022-01-11 16:00:26,935 [952] INFO: connect server192.168.1.100:8899  successfully.
2022-01-11 16:00:39,942 [952] INFO: move joint to (0.541678, 0.225068, -0.948709, 0.397018, -1.5708, 0.541673)
2022-01-11 16:00:39,942 [952] INFO: move joint to (0.541678, 0.225068, -0.948709, 0.397018, -1.5708, 0.541673)
2022-01-11 16:00:42,273 [952] INFO: Move point1 successfully.
2022-01-11 16:00:42,273 [952] INFO: Move point1 successfully.
2022-01-11 16:00:42,275 [952] INFO: move joint to (0.0, 0.0, 0.0, 0.0, 0.0, 0.0)
2022-01-11 16:00:42,275 [952] INFO: move joint to (0.0, 0.0, 0.0, 0.0, 0.0, 0.0)
2022-01-11 16:00:44,635 [952] INFO: Move point2 successfully.
2022-01-11 16:00:44,635 [952] INFO: Move point2 successfully.
2022-01-11 16:00:47,465 [952] INFO: ******************************robot_shutdown**********************
2022-01-11 16:00:47,465 [952] INFO: ******************************robot_shutdown**********************
2022-01-11 16:02:29,953 [17744] INFO: Jan 11 2022 16:02:29 test beginning...
2022-01-11 16:02:29,968 [17744] INFO: robot.rshd=0
2022-01-11 16:02:29,971 [17744] INFO: ip=192.168.1.100, port=8899
2022-01-11 16:02:30,888 [17744] INFO: connect server192.168.1.100:8899  successfully.
2022-01-11 16:02:43,905 [17744] INFO: move joint to (0.541678, 0.225068, -0.948709, 0.397018, -1.5708, 0.541673)
2022-01-11 16:02:46,235 [17744] INFO: Move point1 successfully.
2022-01-11 16:02:46,235 [17744] INFO: move joint to (0.0, 0.0, 0.0, 0.0, 0.0, 0.0)
2022-01-11 16:02:48,589 [17744] INFO: Move point2 successfully.
2022-01-11 16:02:51,414 [17744] INFO: ******************************robot_shutdown**********************
2022-01-11 16:02:51,925 [17744] INFO: ******************************disconnect**********************
2022-01-11 16:02:58,037 [17744] INFO: ok the project run has been successfully.
2022-01-11 16:02:58,039 [17744] INFO: client_count=0
2022-01-11 16:02:58,041 [17744] INFO: test completed
2022-01-11 16:02:58,048 [17744] INFO: Jan 11 2022 16:02:58 test beginning...
2022-01-11 16:02:58,048 [17744] INFO: Jan 11 2022 16:02:58 test beginning...
2022-01-11 16:02:58,069 [17744] INFO: robot.rshd=1
2022-01-11 16:02:58,069 [17744] INFO: robot.rshd=1
2022-01-11 16:02:58,072 [17744] INFO: ip=192.168.1.100, port=8899
2022-01-11 16:02:58,072 [17744] INFO: ip=192.168.1.100, port=8899
2022-01-11 16:02:58,963 [17744] INFO: connect server192.168.1.100:8899  successfully.
2022-01-11 16:02:58,963 [17744] INFO: connect server192.168.1.100:8899  successfully.
2022-01-11 16:03:11,994 [17744] INFO: move joint to (0.541678, 0.225068, -0.948709, 0.397018, -1.5708, 0.541673)
2022-01-11 16:03:11,994 [17744] INFO: move joint to (0.541678, 0.225068, -0.948709, 0.397018, -1.5708, 0.541673)
2022-01-11 16:03:14,326 [17744] INFO: Move point1 successfully.
2022-01-11 16:03:14,326 [17744] INFO: Move point1 successfully.
2022-01-11 16:03:14,336 [17744] INFO: move joint to (0.0, 0.0, 0.0, 0.0, 0.0, 0.0)
2022-01-11 16:03:14,336 [17744] INFO: move joint to (0.0, 0.0, 0.0, 0.0, 0.0, 0.0)
2022-01-11 16:03:16,678 [17744] INFO: Move point2 successfully.
2022-01-11 16:03:16,678 [17744] INFO: Move point2 successfully.
2022-01-11 16:03:19,522 [17744] INFO: ******************************robot_shutdown**********************
2022-01-11 16:03:19,522 [17744] INFO: ******************************robot_shutdown**********************
2022-01-11 16:03:20,035 [17744] INFO: ******************************disconnect**********************
2022-01-11 16:03:20,035 [17744] INFO: ******************************disconnect**********************
2022-01-11 16:03:27,020 [17744] INFO: ok the project run has been successfully.
2022-01-11 16:03:27,020 [17744] INFO: ok the project run has been successfully.
2022-01-11 16:03:27,021 [17744] INFO: client_count=0
2022-01-11 16:03:27,021 [17744] INFO: client_count=0
2022-01-11 16:03:27,022 [17744] INFO: test completed
2022-01-11 16:03:27,022 [17744] INFO: test completed
2022-01-11 16:03:27,025 [17744] INFO: Jan 11 2022 16:03:27 test beginning...
2022-01-11 16:03:27,025 [17744] INFO: Jan 11 2022 16:03:27 test beginning...
2022-01-11 16:03:27,025 [17744] INFO: Jan 11 2022 16:03:27 test beginning...
2022-01-11 16:03:27,036 [17744] INFO: robot.rshd=2
2022-01-11 16:03:27,036 [17744] INFO: robot.rshd=2
2022-01-11 16:03:27,036 [17744] INFO: robot.rshd=2
2022-01-11 16:03:27,037 [17744] INFO: ip=192.168.1.100, port=8899
2022-01-11 16:03:27,037 [17744] INFO: ip=192.168.1.100, port=8899
2022-01-11 16:03:27,037 [17744] INFO: ip=192.168.1.100, port=8899
2022-01-11 16:03:27,944 [17744] INFO: connect server192.168.1.100:8899  successfully.
2022-01-11 16:03:27,944 [17744] INFO: connect server192.168.1.100:8899  successfully.
2022-01-11 16:03:27,944 [17744] INFO: connect server192.168.1.100:8899  successfully.
2022-01-11 16:03:40,850 [17744] INFO: move joint to (0.541678, 0.225068, -0.948709, 0.397018, -1.5708, 0.541673)
2022-01-11 16:03:40,850 [17744] INFO: move joint to (0.541678, 0.225068, -0.948709, 0.397018, -1.5708, 0.541673)
2022-01-11 16:03:40,850 [17744] INFO: move joint to (0.541678, 0.225068, -0.948709, 0.397018, -1.5708, 0.541673)
2022-01-11 16:03:43,193 [17744] INFO: Move point1 successfully.
2022-01-11 16:03:43,193 [17744] INFO: Move point1 successfully.
2022-01-11 16:03:43,193 [17744] INFO: Move point1 successfully.
2022-01-11 16:03:43,194 [17744] INFO: move joint to (0.0, 0.0, 0.0, 0.0, 0.0, 0.0)
2022-01-11 16:03:43,194 [17744] INFO: move joint to (0.0, 0.0, 0.0, 0.0, 0.0, 0.0)
2022-01-11 16:03:43,194 [17744] INFO: move joint to (0.0, 0.0, 0.0, 0.0, 0.0, 0.0)
2022-01-11 16:03:45,539 [17744] INFO: Move point2 successfully.
2022-01-11 16:03:45,539 [17744] INFO: Move point2 successfully.
2022-01-11 16:03:45,539 [17744] INFO: Move point2 successfully.
2022-01-11 16:03:48,368 [17744] INFO: ******************************robot_shutdown**********************
2022-01-11 16:03:48,368 [17744] INFO: ******************************robot_shutdown**********************
2022-01-11 16:03:48,368 [17744] INFO: ******************************robot_shutdown**********************
2022-01-11 16:04:28,427 [20312] INFO: Jan 11 2022 16:04:28 test beginning...
2022-01-11 16:04:28,443 [20312] INFO: robot.rshd=0
2022-01-11 16:04:28,444 [20312] INFO: ip=192.168.1.100, port=8899
2022-01-11 16:04:29,348 [20312] INFO: connect server192.168.1.100:8899  successfully.
2022-01-11 16:04:42,358 [20312] INFO: move joint to (0.541678, 0.225068, -0.948709, 0.397018, -1.5708, 0.541673)
2022-01-11 16:04:44,686 [20312] INFO: Move point1 successfully.
2022-01-11 16:04:44,686 [20312] INFO: move joint to (0.0, 0.0, 0.0, 0.0, 0.0, 0.0)
2022-01-11 16:04:47,042 [20312] INFO: Move point2 successfully.
2022-01-11 16:04:49,897 [20312] INFO: ******************************robot_shutdown**********************
2022-01-11 16:59:52,604 [22856] INFO: Jan 11 2022 16:59:52 test beginning...
2022-01-11 16:59:52,623 [22856] INFO: robot.rshd=0
2022-01-11 16:59:52,623 [22856] INFO: ip=192.168.1.100, port=8899
2022-01-11 17:00:13,774 [22856] ERROR: login failed!
2022-01-11 17:00:13,774 [22856] INFO: connect server192.168.1.100:8899  failed.
2022-01-11 17:00:13,779 [22856] WARNING: RSHD uninitialized or not login!!!
2022-02-28 09:32:05,006 [13712] INFO: Feb 28 2022 09:32:05 test beginning...
2022-02-28 09:32:05,039 [13712] INFO: robot.rshd=0
2022-02-28 09:32:05,040 [13712] INFO: ip=192.168.1.100, port=8899
2022-02-28 17:37:45,068 [16024] INFO: Feb 28 2022 17:37:45 test beginning...
2022-02-28 17:37:45,082 [16024] INFO: robot.rshd=0
2022-02-28 17:37:45,082 [16024] INFO: ip=192.168.1.101, port=8899
2022-02-28 17:38:06,120 [16024] ERROR: login failed!
2022-02-28 17:38:06,122 [16024] INFO: connect server192.168.1.101:8899  failed.
2022-02-28 17:38:06,136 [16024] WARNING: RSHD uninitialized or not login!!!
2022-02-28 17:39:00,985 [16176] INFO: Feb 28 2022 17:39:00 test beginning...
2022-02-28 17:39:00,993 [16176] INFO: robot.rshd=0
2022-02-28 17:39:00,994 [16176] INFO: ip=192.168.1.101, port=8899
2022-02-28 17:39:22,036 [16176] ERROR: login failed!
2022-02-28 17:39:22,037 [16176] INFO: connect server192.168.1.101:8899  failed.
2022-02-28 17:39:22,045 [16176] WARNING: RSHD uninitialized or not login!!!
2022-02-28 17:39:58,657 [17856] INFO: Feb 28 2022 17:39:58 test beginning...
2022-02-28 17:39:58,673 [17856] INFO: robot.rshd=0
2022-02-28 17:39:58,675 [17856] INFO: ip=192.168.1.101, port=8899
2022-02-28 17:39:59,605 [17856] INFO: connect server192.168.1.101:8899  successfully.
2022-02-28 17:40:03,022 [17856] INFO: move joint to (0.541678, 0.225068, -0.948709, 0.397018, -1.5708, 0.541673)
2022-02-28 17:40:04,329 [17856] INFO: Move point1 successfully.
2022-02-28 17:40:04,329 [17856] INFO: move joint to (0.0, 0.0, 0.0, 0.0, 0.0, 0.0)
2022-02-28 17:40:06,550 [17856] INFO: Move point2 successfully.
2022-02-28 17:40:09,379 [17856] INFO: ******************************robot_shutdown**********************
2022-02-28 17:40:09,919 [17856] INFO: ******************************disconnect**********************
2022-02-28 17:40:15,022 [17856] INFO: ok the project run has been successfully.
2022-02-28 17:40:15,023 [17856] INFO: client_count=0
2022-02-28 17:40:15,024 [17856] INFO: test completed
2022-02-28 17:40:15,027 [17856] INFO: Feb 28 2022 17:40:15 test beginning...
2022-02-28 17:40:15,027 [17856] INFO: Feb 28 2022 17:40:15 test beginning...
2022-02-28 17:40:15,038 [17856] INFO: robot.rshd=1
2022-02-28 17:40:15,038 [17856] INFO: robot.rshd=1
2022-02-28 17:40:15,039 [17856] INFO: ip=192.168.1.101, port=8899
2022-02-28 17:40:15,039 [17856] INFO: ip=192.168.1.101, port=8899
2022-02-28 17:40:15,907 [17856] INFO: connect server192.168.1.101:8899  successfully.
2022-02-28 17:40:15,907 [17856] INFO: connect server192.168.1.101:8899  successfully.
2026-05-19 14:30:29,876 [548] INFO: May 19 2026 14:30:29 test beginning...
2026-05-19 14:30:29,879 [548] INFO: robot.rshd=0
2026-05-19 14:30:29,880 [548] INFO: ip=192.168.1.100, port=8899
2026-05-19 14:30:31,907 [548] ERROR: login failed!
2026-05-19 14:30:31,907 [548] INFO: connect server192.168.1.100:8899 failed.
2026-05-19 14:33:22,065 [77408] INFO: May 19 2026 14:33:22 test beginning...
2026-05-19 14:33:22,068 [77408] INFO: robot.rshd=0
2026-05-19 14:33:22,068 [77408] INFO: ip=192.168.1.100, port=8899
2026-05-19 14:33:24,103 [77408] ERROR: login failed!
2026-05-19 14:33:24,103 [77408] INFO: connect server192.168.1.100:8899 failed.
2026-05-19 14:33:26,009 [77408] INFO: May 19 2026 14:33:26 test completed.
2026-05-19 14:33:26,009 [77408] INFO: client_count=0
2026-05-19 14:33:26,009 [77408] INFO: test completed
2026-05-19 14:33:26,009 [77408] INFO: ******************************test_number 2
2026-05-19 14:33:26,009 [77408] INFO: May 19 2026 14:33:26 test beginning...
2026-05-19 14:33:26,009 [77408] INFO: May 19 2026 14:33:26 test beginning...
2026-05-19 14:33:26,012 [77408] INFO: robot.rshd=1
2026-05-19 14:33:26,012 [77408] INFO: robot.rshd=1
2026-05-19 14:33:26,014 [77408] INFO: ip=192.168.1.100, port=8899
2026-05-19 14:33:26,014 [77408] INFO: ip=192.168.1.100, port=8899
2026-05-19 14:33:28,050 [77408] ERROR: login failed!
2026-05-19 14:33:28,050 [77408] ERROR: login failed!
2026-05-19 14:33:28,050 [77408] INFO: connect server192.168.1.100:8899 failed.
2026-05-19 14:33:28,050 [77408] INFO: connect server192.168.1.100:8899 failed.
2026-05-19 15:35:13,115 [71856] INFO: May 19 2026 15:35:13 test beginning...
2026-05-19 15:35:13,122 [71856] INFO: robot.rshd=0
2026-05-19 15:35:13,122 [71856] INFO: ip=192.168.1.100, port=8899
2026-05-19 15:35:15,162 [71856] ERROR: login failed!
2026-05-19 15:35:15,162 [71856] INFO: connect server192.168.1.100:8899 failed.
2026-05-19 15:35:17,002 [71856] INFO: May 19 2026 15:35:17 test completed.
2026-05-19 15:35:17,002 [71856] INFO: client_count=0
2026-05-19 15:35:17,002 [71856] INFO: test completed
2026-05-19 15:35:17,002 [71856] INFO: ******************************test_number 2
2026-05-19 15:35:17,003 [71856] INFO: May 19 2026 15:35:17 test beginning...
2026-05-19 15:35:17,003 [71856] INFO: May 19 2026 15:35:17 test beginning...
2026-05-19 15:35:17,009 [71856] INFO: robot.rshd=1
2026-05-19 15:35:17,009 [71856] INFO: robot.rshd=1
2026-05-19 15:35:17,009 [71856] INFO: ip=192.168.1.100, port=8899
2026-05-19 15:35:17,009 [71856] INFO: ip=192.168.1.100, port=8899
2026-05-19 15:35:35,054 [72808] INFO: May 19 2026 15:35:35 test beginning...
2026-05-19 15:35:35,058 [72808] INFO: robot.rshd=0
2026-05-19 15:35:35,058 [72808] INFO: ip=192.168.100.1, port=8899
2026-05-19 15:35:48,740 [72808] INFO: joint_status={'joint1': {'current': -23, 'voltage': 48.130001068115234, 'temperature': 33.0}, 'joint2': {'current': 280, 'voltage': 48.61000061035156, 'temperature': 34.400001525878906}, 'joint3': {'current': 2208, 'voltage': 48.40999984741211, 'temperature': 33.79999923706055}, 'joint4': {'current': -388, 'voltage': 48.029998779296875, 'temperature': 33.900001525878906}, 'joint5': {'current': -1, 'voltage': 47.86000061035156, 'temperature': 37.400001525878906}, 'joint6': {'current': -2, 'voltage': 47.810001373291016, 'temperature': 35.20000076293945}}
2026-05-19 15:35:48,741 [72808] INFO: move joint to (0.541678, 0.225068, -0.948709, 0.397018, -1.5708, 0.541673)
2026-05-19 15:35:50,442 [72808] INFO: [1.5, 1.5, 1.5, 1.5, 1.5, 1.5]
2026-05-19 15:35:50,442 [72808] INFO: {'joint': [-3e-06, -0.127267, -1.321122, 0.376934, -1.570796, -8e-06], 'ori': [2.7059458405533235e-06, 0.7071085489469596, -0.7071050134122073, -2.474894023358776e-06], 'pos': [-0.4003190243099452, -0.12149882976219396, 0.5475984676269052]}
2026-05-19 15:35:50,442 [72808] INFO: {'joint': [-3.0000004733743424e-06, -0.12726700000561256, -1.3211220000098551, 0.37694132679065406, -1.5707959999979857, -8.000000473125794e-06], 'ori': [2.7059458405533235e-06, 0.7071085489469596, -0.7071050134122073, -2.474894023358776e-06], 'pos': [-0.4003190243099452, -0.12149882976219396, 0.5475984676269052]}
2026-05-19 15:35:50,442 [72808] INFO: move joint to (0.0, 0.0, 0.0, 0.0, 0.0, 0.0)
2026-05-19 15:35:53,268 [72808] INFO: ******************************disconnect1**********************
2026-05-19 15:35:55,011 [72808] INFO: May 19 2026 15:35:55 test completed.
2026-05-19 15:35:55,012 [72808] INFO: client_count=0
2026-05-19 15:35:55,012 [72808] INFO: test completed
2026-05-19 15:35:55,012 [72808] INFO: ******************************test_number 2
2026-05-19 15:35:55,014 [72808] INFO: May 19 2026 15:35:55 test beginning...
2026-05-19 15:35:55,014 [72808] INFO: May 19 2026 15:35:55 test beginning...
2026-05-19 15:35:55,021 [72808] INFO: robot.rshd=1
2026-05-19 15:35:55,021 [72808] INFO: robot.rshd=1
2026-05-19 15:35:55,022 [72808] INFO: ip=192.168.100.1, port=8899
2026-05-19 15:35:55,022 [72808] INFO: ip=192.168.100.1, port=8899
2026-05-19 15:35:59,077 [72808] INFO: joint_status={'joint1': {'current': -73, 'voltage': 48.150001525878906, 'temperature': 33.29999923706055}, 'joint2': {'current': -475, 'voltage': 48.61000061035156, 'temperature': 34.900001525878906}, 'joint3': {'current': 404, 'voltage': 48.43000030517578, 'temperature': 34.599998474121094}, 'joint4': {'current': -80, 'voltage': 48.02000045776367, 'temperature': 34.70000076293945}, 'joint5': {'current': 24, 'voltage': 47.880001068115234, 'temperature': 38.400001525878906}, 'joint6': {'current': -9, 'voltage': 47.790000915527344, 'temperature': 36.0}}
2026-05-19 15:35:59,077 [72808] INFO: joint_status={'joint1': {'current': -73, 'voltage': 48.150001525878906, 'temperature': 33.29999923706055}, 'joint2': {'current': -475, 'voltage': 48.61000061035156, 'temperature': 34.900001525878906}, 'joint3': {'current': 404, 'voltage': 48.43000030517578, 'temperature': 34.599998474121094}, 'joint4': {'current': -80, 'voltage': 48.02000045776367, 'temperature': 34.70000076293945}, 'joint5': {'current': 24, 'voltage': 47.880001068115234, 'temperature': 38.400001525878906}, 'joint6': {'current': -9, 'voltage': 47.790000915527344, 'temperature': 36.0}}
2026-05-19 15:35:59,111 [72808] INFO: move joint to (0.541678, 0.225068, -0.948709, 0.397018, -1.5708, 0.541673)
2026-05-19 15:35:59,111 [72808] INFO: move joint to (0.541678, 0.225068, -0.948709, 0.397018, -1.5708, 0.541673)
2026-05-19 15:36:01,392 [72808] INFO: [1.5, 1.5, 1.5, 1.5, 1.5, 1.5]
2026-05-19 15:36:01,392 [72808] INFO: [1.5, 1.5, 1.5, 1.5, 1.5, 1.5]
2026-05-19 15:36:01,393 [72808] INFO: {'joint': [-3e-06, -0.127267, -1.321122, 0.376934, -1.570796, -8e-06], 'ori': [2.7059458405533235e-06, 0.7071085489469596, -0.7071050134122073, -2.474894023358776e-06], 'pos': [-0.4003190243099452, -0.12149882976219396, 0.5475984676269052]}
2026-05-19 15:36:01,393 [72808] INFO: {'joint': [-3e-06, -0.127267, -1.321122, 0.376934, -1.570796, -8e-06], 'ori': [2.7059458405533235e-06, 0.7071085489469596, -0.7071050134122073, -2.474894023358776e-06], 'pos': [-0.4003190243099452, -0.12149882976219396, 0.5475984676269052]}
2026-05-19 15:36:01,398 [72808] INFO: {'joint': [-3.0000004733743424e-06, -0.12726700000561256, -1.3211220000098551, 0.37694132679065406, -1.5707959999979857, -8.000000473125794e-06], 'ori': [2.7059458405533235e-06, 0.7071085489469596, -0.7071050134122073, -2.474894023358776e-06], 'pos': [-0.4003190243099452, -0.12149882976219396, 0.5475984676269052]}
2026-05-19 15:36:01,398 [72808] INFO: {'joint': [-3.0000004733743424e-06, -0.12726700000561256, -1.3211220000098551, 0.37694132679065406, -1.5707959999979857, -8.000000473125794e-06], 'ori': [2.7059458405533235e-06, 0.7071085489469596, -0.7071050134122073, -2.474894023358776e-06], 'pos': [-0.4003190243099452, -0.12149882976219396, 0.5475984676269052]}
2026-05-19 15:36:01,399 [72808] INFO: move joint to (0.0, 0.0, 0.0, 0.0, 0.0, 0.0)
2026-05-19 15:36:01,399 [72808] INFO: move joint to (0.0, 0.0, 0.0, 0.0, 0.0, 0.0)
2026-05-19 15:36:04,215 [72808] INFO: ******************************disconnect1**********************
2026-05-19 15:36:04,215 [72808] INFO: ******************************disconnect1**********************
2026-05-19 15:36:05,013 [72808] INFO: May 19 2026 15:36:05 test completed.
2026-05-19 15:36:05,013 [72808] INFO: May 19 2026 15:36:05 test completed.
2026-05-19 15:36:05,013 [72808] INFO: client_count=0
2026-05-19 15:36:05,013 [72808] INFO: client_count=0
2026-05-19 15:36:05,014 [72808] INFO: test completed
2026-05-19 15:36:05,014 [72808] INFO: test completed
2026-05-19 15:36:05,014 [72808] INFO: ******************************test_number 3
2026-05-19 15:36:05,014 [72808] INFO: ******************************test_number 3
2026-05-19 15:36:05,015 [72808] INFO: May 19 2026 15:36:05 test beginning...
2026-05-19 15:36:05,015 [72808] INFO: May 19 2026 15:36:05 test beginning...
2026-05-19 15:36:05,015 [72808] INFO: May 19 2026 15:36:05 test beginning...
2026-05-19 15:36:05,019 [72808] INFO: robot.rshd=2
2026-05-19 15:36:05,019 [72808] INFO: robot.rshd=2
2026-05-19 15:36:05,019 [72808] INFO: robot.rshd=2
2026-05-19 15:36:05,019 [72808] INFO: ip=192.168.100.1, port=8899
2026-05-19 15:36:05,019 [72808] INFO: ip=192.168.100.1, port=8899
2026-05-19 15:36:05,019 [72808] INFO: ip=192.168.100.1, port=8899
2026-05-19 15:36:09,066 [72808] INFO: joint_status={'joint1': {'current': -42, 'voltage': 48.150001525878906, 'temperature': 33.599998474121094}, 'joint2': {'current': -482, 'voltage': 48.61000061035156, 'temperature': 35.5}, 'joint3': {'current': 376, 'voltage': 48.439998626708984, 'temperature': 35.20000076293945}, 'joint4': {'current': -69, 'voltage': 48.0099983215332, 'temperature': 35.70000076293945}, 'joint5': {'current': -67, 'voltage': 47.88999938964844, 'temperature': 39.5}, 'joint6': {'current': -11, 'voltage': 47.790000915527344, 'temperature': 37.0}}
2026-05-19 15:36:09,066 [72808] INFO: joint_status={'joint1': {'current': -42, 'voltage': 48.150001525878906, 'temperature': 33.599998474121094}, 'joint2': {'current': -482, 'voltage': 48.61000061035156, 'temperature': 35.5}, 'joint3': {'current': 376, 'voltage': 48.439998626708984, 'temperature': 35.20000076293945}, 'joint4': {'current': -69, 'voltage': 48.0099983215332, 'temperature': 35.70000076293945}, 'joint5': {'current': -67, 'voltage': 47.88999938964844, 'temperature': 39.5}, 'joint6': {'current': -11, 'voltage': 47.790000915527344, 'temperature': 37.0}}
2026-05-19 15:36:09,066 [72808] INFO: joint_status={'joint1': {'current': -42, 'voltage': 48.150001525878906, 'temperature': 33.599998474121094}, 'joint2': {'current': -482, 'voltage': 48.61000061035156, 'temperature': 35.5}, 'joint3': {'current': 376, 'voltage': 48.439998626708984, 'temperature': 35.20000076293945}, 'joint4': {'current': -69, 'voltage': 48.0099983215332, 'temperature': 35.70000076293945}, 'joint5': {'current': -67, 'voltage': 47.88999938964844, 'temperature': 39.5}, 'joint6': {'current': -11, 'voltage': 47.790000915527344, 'temperature': 37.0}}
2026-05-19 15:36:09,066 [72808] INFO: move joint to (0.541678, 0.225068, -0.948709, 0.397018, -1.5708, 0.541673)
2026-05-19 15:36:09,066 [72808] INFO: move joint to (0.541678, 0.225068, -0.948709, 0.397018, -1.5708, 0.541673)
2026-05-19 15:36:09,066 [72808] INFO: move joint to (0.541678, 0.225068, -0.948709, 0.397018, -1.5708, 0.541673)
2026-05-19 15:36:11,355 [72808] INFO: [1.5, 1.5, 1.5, 1.5, 1.5, 1.5]
2026-05-19 15:36:11,355 [72808] INFO: [1.5, 1.5, 1.5, 1.5, 1.5, 1.5]
2026-05-19 15:36:11,355 [72808] INFO: [1.5, 1.5, 1.5, 1.5, 1.5, 1.5]
2026-05-19 15:36:11,356 [72808] INFO: {'joint': [-3e-06, -0.127267, -1.321122, 0.376934, -1.570796, -8e-06], 'ori': [2.7059458405533235e-06, 0.7071085489469596, -0.7071050134122073, -2.474894023358776e-06], 'pos': [-0.4003190243099452, -0.12149882976219396, 0.5475984676269052]}
2026-05-19 15:36:11,356 [72808] INFO: {'joint': [-3e-06, -0.127267, -1.321122, 0.376934, -1.570796, -8e-06], 'ori': [2.7059458405533235e-06, 0.7071085489469596, -0.7071050134122073, -2.474894023358776e-06], 'pos': [-0.4003190243099452, -0.12149882976219396, 0.5475984676269052]}
2026-05-19 15:36:11,356 [72808] INFO: {'joint': [-3e-06, -0.127267, -1.321122, 0.376934, -1.570796, -8e-06], 'ori': [2.7059458405533235e-06, 0.7071085489469596, -0.7071050134122073, -2.474894023358776e-06], 'pos': [-0.4003190243099452, -0.12149882976219396, 0.5475984676269052]}
2026-05-19 15:36:11,356 [72808] INFO: {'joint': [-3.0000004733743424e-06, -0.12726700000561256, -1.3211220000098551, 0.37694132679065406, -1.5707959999979857, -8.000000473125794e-06], 'ori': [2.7059458405533235e-06, 0.7071085489469596, -0.7071050134122073, -2.474894023358776e-06], 'pos': [-0.4003190243099452, -0.12149882976219396, 0.5475984676269052]}
2026-05-19 15:36:11,356 [72808] INFO: {'joint': [-3.0000004733743424e-06, -0.12726700000561256, -1.3211220000098551, 0.37694132679065406, -1.5707959999979857, -8.000000473125794e-06], 'ori': [2.7059458405533235e-06, 0.7071085489469596, -0.7071050134122073, -2.474894023358776e-06], 'pos': [-0.4003190243099452, -0.12149882976219396, 0.5475984676269052]}
2026-05-19 15:36:11,356 [72808] INFO: {'joint': [-3.0000004733743424e-06, -0.12726700000561256, -1.3211220000098551, 0.37694132679065406, -1.5707959999979857, -8.000000473125794e-06], 'ori': [2.7059458405533235e-06, 0.7071085489469596, -0.7071050134122073, -2.474894023358776e-06], 'pos': [-0.4003190243099452, -0.12149882976219396, 0.5475984676269052]}
2026-05-19 15:36:11,357 [72808] INFO: move joint to (0.0, 0.0, 0.0, 0.0, 0.0, 0.0)
2026-05-19 15:36:11,357 [72808] INFO: move joint to (0.0, 0.0, 0.0, 0.0, 0.0, 0.0)
2026-05-19 15:36:11,357 [72808] INFO: move joint to (0.0, 0.0, 0.0, 0.0, 0.0, 0.0)
2026-05-19 15:36:14,190 [72808] INFO: ******************************disconnect1**********************
2026-05-19 15:36:14,190 [72808] INFO: ******************************disconnect1**********************
2026-05-19 15:36:14,190 [72808] INFO: ******************************disconnect1**********************
2026-05-19 15:36:15,014 [72808] INFO: May 19 2026 15:36:15 test completed.
2026-05-19 15:36:15,014 [72808] INFO: May 19 2026 15:36:15 test completed.
2026-05-19 15:36:15,014 [72808] INFO: May 19 2026 15:36:15 test completed.
2026-05-19 15:36:15,015 [72808] INFO: client_count=0
2026-05-19 15:36:15,015 [72808] INFO: client_count=0
2026-05-19 15:36:15,015 [72808] INFO: client_count=0
2026-05-19 15:36:15,015 [72808] INFO: test completed
2026-05-19 15:36:15,015 [72808] INFO: test completed
2026-05-19 15:36:15,015 [72808] INFO: test completed
2026-05-19 15:36:15,015 [72808] INFO: ******************************test_number 4
2026-05-19 15:36:15,015 [72808] INFO: ******************************test_number 4
2026-05-19 15:36:15,015 [72808] INFO: ******************************test_number 4
2026-05-19 15:36:15,016 [72808] INFO: May 19 2026 15:36:15 test beginning...
2026-05-19 15:36:15,016 [72808] INFO: May 19 2026 15:36:15 test beginning...
2026-05-19 15:36:15,016 [72808] INFO: May 19 2026 15:36:15 test beginning...
2026-05-19 15:36:15,016 [72808] INFO: May 19 2026 15:36:15 test beginning...
2026-05-19 15:36:15,021 [72808] INFO: robot.rshd=3
2026-05-19 15:36:15,021 [72808] INFO: robot.rshd=3
2026-05-19 15:36:15,021 [72808] INFO: robot.rshd=3
2026-05-19 15:36:15,021 [72808] INFO: robot.rshd=3
2026-05-19 15:36:15,022 [72808] INFO: ip=192.168.100.1, port=8899
2026-05-19 15:36:15,022 [72808] INFO: ip=192.168.100.1, port=8899
2026-05-19 15:36:15,022 [72808] INFO: ip=192.168.100.1, port=8899
2026-05-19 15:36:15,022 [72808] INFO: ip=192.168.100.1, port=8899
2026-05-19 15:36:19,063 [72808] INFO: joint_status={'joint1': {'current': -91, 'voltage': 48.13999938964844, 'temperature': 33.900001525878906}, 'joint2': {'current': -497, 'voltage': 48.630001068115234, 'temperature': 35.900001525878906}, 'joint3': {'current': 336, 'voltage': 48.439998626708984, 'temperature': 35.79999923706055}, 'joint4': {'current': -65, 'voltage': 48.0099983215332, 'temperature': 36.5}, 'joint5': {'current': -18, 'voltage': 47.900001525878906, 'temperature': 40.70000076293945}, 'joint6': {'current': 0, 'voltage': 47.81999969482422, 'temperature': 37.900001525878906}}
2026-05-19 15:36:19,063 [72808] INFO: joint_status={'joint1': {'current': -91, 'voltage': 48.13999938964844, 'temperature': 33.900001525878906}, 'joint2': {'current': -497, 'voltage': 48.630001068115234, 'temperature': 35.900001525878906}, 'joint3': {'current': 336, 'voltage': 48.439998626708984, 'temperature': 35.79999923706055}, 'joint4': {'current': -65, 'voltage': 48.0099983215332, 'temperature': 36.5}, 'joint5': {'current': -18, 'voltage': 47.900001525878906, 'temperature': 40.70000076293945}, 'joint6': {'current': 0, 'voltage': 47.81999969482422, 'temperature': 37.900001525878906}}
2026-05-19 15:36:19,063 [72808] INFO: joint_status={'joint1': {'current': -91, 'voltage': 48.13999938964844, 'temperature': 33.900001525878906}, 'joint2': {'current': -497, 'voltage': 48.630001068115234, 'temperature': 35.900001525878906}, 'joint3': {'current': 336, 'voltage': 48.439998626708984, 'temperature': 35.79999923706055}, 'joint4': {'current': -65, 'voltage': 48.0099983215332, 'temperature': 36.5}, 'joint5': {'current': -18, 'voltage': 47.900001525878906, 'temperature': 40.70000076293945}, 'joint6': {'current': 0, 'voltage': 47.81999969482422, 'temperature': 37.900001525878906}}
2026-05-19 15:36:19,063 [72808] INFO: joint_status={'joint1': {'current': -91, 'voltage': 48.13999938964844, 'temperature': 33.900001525878906}, 'joint2': {'current': -497, 'voltage': 48.630001068115234, 'temperature': 35.900001525878906}, 'joint3': {'current': 336, 'voltage': 48.439998626708984, 'temperature': 35.79999923706055}, 'joint4': {'current': -65, 'voltage': 48.0099983215332, 'temperature': 36.5}, 'joint5': {'current': -18, 'voltage': 47.900001525878906, 'temperature': 40.70000076293945}, 'joint6': {'current': 0, 'voltage': 47.81999969482422, 'temperature': 37.900001525878906}}
2026-05-19 15:36:19,064 [72808] INFO: move joint to (0.541678, 0.225068, -0.948709, 0.397018, -1.5708, 0.541673)
2026-05-19 15:36:19,064 [72808] INFO: move joint to (0.541678, 0.225068, -0.948709, 0.397018, -1.5708, 0.541673)
2026-05-19 15:36:19,064 [72808] INFO: move joint to (0.541678, 0.225068, -0.948709, 0.397018, -1.5708, 0.541673)
2026-05-19 15:36:19,064 [72808] INFO: move joint to (0.541678, 0.225068, -0.948709, 0.397018, -1.5708, 0.541673)
2026-05-19 15:36:21,360 [72808] INFO: [1.5, 1.5, 1.5, 1.5, 1.5, 1.5]
2026-05-19 15:36:21,360 [72808] INFO: [1.5, 1.5, 1.5, 1.5, 1.5, 1.5]
2026-05-19 15:36:21,360 [72808] INFO: [1.5, 1.5, 1.5, 1.5, 1.5, 1.5]
2026-05-19 15:36:21,360 [72808] INFO: [1.5, 1.5, 1.5, 1.5, 1.5, 1.5]
2026-05-19 15:36:21,361 [72808] INFO: {'joint': [-3e-06, -0.127267, -1.321122, 0.376934, -1.570796, -8e-06], 'ori': [2.7059458405533235e-06, 0.7071085489469596, -0.7071050134122073, -2.474894023358776e-06], 'pos': [-0.4003190243099452, -0.12149882976219396, 0.5475984676269052]}
2026-05-19 15:36:21,361 [72808] INFO: {'joint': [-3e-06, -0.127267, -1.321122, 0.376934, -1.570796, -8e-06], 'ori': [2.7059458405533235e-06, 0.7071085489469596, -0.7071050134122073, -2.474894023358776e-06], 'pos': [-0.4003190243099452, -0.12149882976219396, 0.5475984676269052]}
2026-05-19 15:36:21,361 [72808] INFO: {'joint': [-3e-06, -0.127267, -1.321122, 0.376934, -1.570796, -8e-06], 'ori': [2.7059458405533235e-06, 0.7071085489469596, -0.7071050134122073, -2.474894023358776e-06], 'pos': [-0.4003190243099452, -0.12149882976219396, 0.5475984676269052]}
2026-05-19 15:36:21,361 [72808] INFO: {'joint': [-3e-06, -0.127267, -1.321122, 0.376934, -1.570796, -8e-06], 'ori': [2.7059458405533235e-06, 0.7071085489469596, -0.7071050134122073, -2.474894023358776e-06], 'pos': [-0.4003190243099452, -0.12149882976219396, 0.5475984676269052]}
2026-05-19 15:36:21,361 [72808] INFO: {'joint': [-3.0000004733743424e-06, -0.12726700000561256, -1.3211220000098551, 0.37694132679065406, -1.5707959999979857, -8.000000473125794e-06], 'ori': [2.7059458405533235e-06, 0.7071085489469596, -0.7071050134122073, -2.474894023358776e-06], 'pos': [-0.4003190243099452, -0.12149882976219396, 0.5475984676269052]}
2026-05-19 15:36:21,361 [72808] INFO: {'joint': [-3.0000004733743424e-06, -0.12726700000561256, -1.3211220000098551, 0.37694132679065406, -1.5707959999979857, -8.000000473125794e-06], 'ori': [2.7059458405533235e-06, 0.7071085489469596, -0.7071050134122073, -2.474894023358776e-06], 'pos': [-0.4003190243099452, -0.12149882976219396, 0.5475984676269052]}
2026-05-19 15:36:21,361 [72808] INFO: {'joint': [-3.0000004733743424e-06, -0.12726700000561256, -1.3211220000098551, 0.37694132679065406, -1.5707959999979857, -8.000000473125794e-06], 'ori': [2.7059458405533235e-06, 0.7071085489469596, -0.7071050134122073, -2.474894023358776e-06], 'pos': [-0.4003190243099452, -0.12149882976219396, 0.5475984676269052]}
2026-05-19 15:36:21,361 [72808] INFO: {'joint': [-3.0000004733743424e-06, -0.12726700000561256, -1.3211220000098551, 0.37694132679065406, -1.5707959999979857, -8.000000473125794e-06], 'ori': [2.7059458405533235e-06, 0.7071085489469596, -0.7071050134122073, -2.474894023358776e-06], 'pos': [-0.4003190243099452, -0.12149882976219396, 0.5475984676269052]}
2026-05-19 15:36:21,362 [72808] INFO: move joint to (0.0, 0.0, 0.0, 0.0, 0.0, 0.0)
2026-05-19 15:36:21,362 [72808] INFO: move joint to (0.0, 0.0, 0.0, 0.0, 0.0, 0.0)
2026-05-19 15:36:21,362 [72808] INFO: move joint to (0.0, 0.0, 0.0, 0.0, 0.0, 0.0)
2026-05-19 15:36:21,362 [72808] INFO: move joint to (0.0, 0.0, 0.0, 0.0, 0.0, 0.0)
2026-05-19 15:36:24,190 [72808] INFO: ******************************disconnect1**********************
2026-05-19 15:36:24,190 [72808] INFO: ******************************disconnect1**********************
2026-05-19 15:36:24,190 [72808] INFO: ******************************disconnect1**********************
2026-05-19 15:36:24,190 [72808] INFO: ******************************disconnect1**********************
2026-05-19 15:36:25,004 [72808] INFO: May 19 2026 15:36:25 test completed.
2026-05-19 15:36:25,004 [72808] INFO: May 19 2026 15:36:25 test completed.
2026-05-19 15:36:25,004 [72808] INFO: May 19 2026 15:36:25 test completed.
2026-05-19 15:36:25,004 [72808] INFO: May 19 2026 15:36:25 test completed.
2026-05-19 15:36:25,005 [72808] INFO: client_count=0
2026-05-19 15:36:25,005 [72808] INFO: client_count=0
2026-05-19 15:36:25,005 [72808] INFO: client_count=0
2026-05-19 15:36:25,005 [72808] INFO: client_count=0
2026-05-19 15:36:25,005 [72808] INFO: test completed
2026-05-19 15:36:25,005 [72808] INFO: test completed
2026-05-19 15:36:25,005 [72808] INFO: test completed
2026-05-19 15:36:25,005 [72808] INFO: test completed
2026-05-19 15:36:25,005 [72808] INFO: ******************************test_number 5
2026-05-19 15:36:25,005 [72808] INFO: ******************************test_number 5
2026-05-19 15:36:25,005 [72808] INFO: ******************************test_number 5
2026-05-19 15:36:25,005 [72808] INFO: ******************************test_number 5
2026-05-19 15:36:25,007 [72808] INFO: May 19 2026 15:36:25 test beginning...
2026-05-19 15:36:25,007 [72808] INFO: May 19 2026 15:36:25 test beginning...
2026-05-19 15:36:25,007 [72808] INFO: May 19 2026 15:36:25 test beginning...
2026-05-19 15:36:25,007 [72808] INFO: May 19 2026 15:36:25 test beginning...
2026-05-19 15:36:25,007 [72808] INFO: May 19 2026 15:36:25 test beginning...
2026-05-19 15:36:25,012 [72808] INFO: robot.rshd=4
2026-05-19 15:36:25,012 [72808] INFO: robot.rshd=4
2026-05-19 15:36:25,012 [72808] INFO: robot.rshd=4
2026-05-19 15:36:25,012 [72808] INFO: robot.rshd=4
2026-05-19 15:36:25,012 [72808] INFO: robot.rshd=4
2026-05-19 15:36:25,013 [72808] INFO: ip=192.168.100.1, port=8899
2026-05-19 15:36:25,013 [72808] INFO: ip=192.168.100.1, port=8899
2026-05-19 15:36:25,013 [72808] INFO: ip=192.168.100.1, port=8899
2026-05-19 15:36:25,013 [72808] INFO: ip=192.168.100.1, port=8899
2026-05-19 15:36:25,013 [72808] INFO: ip=192.168.100.1, port=8899
2026-05-19 15:36:29,059 [72808] INFO: joint_status={'joint1': {'current': -46, 'voltage': 48.150001525878906, 'temperature': 34.099998474121094}, 'joint2': {'current': -450, 'voltage': 48.619998931884766, 'temperature': 36.20000076293945}, 'joint3': {'current': 369, 'voltage': 48.45000076293945, 'temperature': 36.29999923706055}, 'joint4': {'current': -68, 'voltage': 47.9900016784668, 'temperature': 37.400001525878906}, 'joint5': {'current': -46, 'voltage': 48.040000915527344, 'temperature': 41.599998474121094}, 'joint6': {'current': -25, 'voltage': 47.779998779296875, 'temperature': 38.70000076293945}}
2026-05-19 15:36:29,059 [72808] INFO: joint_status={'joint1': {'current': -46, 'voltage': 48.150001525878906, 'temperature': 34.099998474121094}, 'joint2': {'current': -450, 'voltage': 48.619998931884766, 'temperature': 36.20000076293945}, 'joint3': {'current': 369, 'voltage': 48.45000076293945, 'temperature': 36.29999923706055}, 'joint4': {'current': -68, 'voltage': 47.9900016784668, 'temperature': 37.400001525878906}, 'joint5': {'current': -46, 'voltage': 48.040000915527344, 'temperature': 41.599998474121094}, 'joint6': {'current': -25, 'voltage': 47.779998779296875, 'temperature': 38.70000076293945}}
2026-05-19 15:36:29,059 [72808] INFO: joint_status={'joint1': {'current': -46, 'voltage': 48.150001525878906, 'temperature': 34.099998474121094}, 'joint2': {'current': -450, 'voltage': 48.619998931884766, 'temperature': 36.20000076293945}, 'joint3': {'current': 369, 'voltage': 48.45000076293945, 'temperature': 36.29999923706055}, 'joint4': {'current': -68, 'voltage': 47.9900016784668, 'temperature': 37.400001525878906}, 'joint5': {'current': -46, 'voltage': 48.040000915527344, 'temperature': 41.599998474121094}, 'joint6': {'current': -25, 'voltage': 47.779998779296875, 'temperature': 38.70000076293945}}
2026-05-19 15:36:29,059 [72808] INFO: joint_status={'joint1': {'current': -46, 'voltage': 48.150001525878906, 'temperature': 34.099998474121094}, 'joint2': {'current': -450, 'voltage': 48.619998931884766, 'temperature': 36.20000076293945}, 'joint3': {'current': 369, 'voltage': 48.45000076293945, 'temperature': 36.29999923706055}, 'joint4': {'current': -68, 'voltage': 47.9900016784668, 'temperature': 37.400001525878906}, 'joint5': {'current': -46, 'voltage': 48.040000915527344, 'temperature': 41.599998474121094}, 'joint6': {'current': -25, 'voltage': 47.779998779296875, 'temperature': 38.70000076293945}}
2026-05-19 15:36:29,059 [72808] INFO: joint_status={'joint1': {'current': -46, 'voltage': 48.150001525878906, 'temperature': 34.099998474121094}, 'joint2': {'current': -450, 'voltage': 48.619998931884766, 'temperature': 36.20000076293945}, 'joint3': {'current': 369, 'voltage': 48.45000076293945, 'temperature': 36.29999923706055}, 'joint4': {'current': -68, 'voltage': 47.9900016784668, 'temperature': 37.400001525878906}, 'joint5': {'current': -46, 'voltage': 48.040000915527344, 'temperature': 41.599998474121094}, 'joint6': {'current': -25, 'voltage': 47.779998779296875, 'temperature': 38.70000076293945}}
2026-05-19 15:36:29,060 [72808] INFO: move joint to (0.541678, 0.225068, -0.948709, 0.397018, -1.5708, 0.541673)
2026-05-19 15:36:29,060 [72808] INFO: move joint to (0.541678, 0.225068, -0.948709, 0.397018, -1.5708, 0.541673)
2026-05-19 15:36:29,060 [72808] INFO: move joint to (0.541678, 0.225068, -0.948709, 0.397018, -1.5708, 0.541673)
2026-05-19 15:36:29,060 [72808] INFO: move joint to (0.541678, 0.225068, -0.948709, 0.397018, -1.5708, 0.541673)
2026-05-19 15:36:29,060 [72808] INFO: move joint to (0.541678, 0.225068, -0.948709, 0.397018, -1.5708, 0.541673)
2026-05-19 15:38:59,473 [65188] INFO: May 19 2026 15:38:59 test beginning...
2026-05-19 15:38:59,486 [65188] INFO: robot.rshd=0
2026-05-19 15:38:59,487 [65188] INFO: ip=192.168.100.1, port=8899
2026-05-19 15:39:03,573 [65188] INFO: joint_status={'joint1': {'current': 127, 'voltage': 48.13999938964844, 'temperature': 36.099998474121094}, 'joint2': {'current': -1192, 'voltage': 48.63999938964844, 'temperature': 39.099998474121094}, 'joint3': {'current': 1338, 'voltage': 48.47999954223633, 'temperature': 39.5}, 'joint4': {'current': -159, 'voltage': 47.970001220703125, 'temperature': 42.0}, 'joint5': {'current': -39, 'voltage': 48.04999923706055, 'temperature': 47.599998474121094}, 'joint6': {'current': -7, 'voltage': 47.790000915527344, 'temperature': 43.20000076293945}}
2026-05-19 15:39:03,573 [65188] INFO: move joint to (0.541678, 0.225068, -0.948709, 0.397018, -1.5708, 0.541673)
2026-05-19 15:39:04,772 [65188] INFO: [1.5, 1.5, 1.5, 1.5, 1.5, 1.5]
2026-05-19 15:39:04,772 [65188] INFO: {'joint': [-3e-06, -0.127267, -1.321122, 0.376934, -1.570796, -8e-06], 'ori': [2.7059458405533235e-06, 0.7071085489469596, -0.7071050134122073, -2.474894023358776e-06], 'pos': [-0.4003190243099452, -0.12149882976219396, 0.5475984676269052]}
2026-05-19 15:39:04,772 [65188] INFO: {'joint': [-3.0000004733743424e-06, -0.12726700000561256, -1.3211220000098551, 0.37694132679065406, -1.5707959999979857, -8.000000473125794e-06], 'ori': [2.7059458405533235e-06, 0.7071085489469596, -0.7071050134122073, -2.474894023358776e-06], 'pos': [-0.4003190243099452, -0.12149882976219396, 0.5475984676269052]}
2026-05-19 15:39:04,772 [65188] INFO: move joint to (0.0, 0.0, 0.0, 0.0, 0.0, 0.0)
2026-05-19 15:39:07,564 [65188] INFO: ******************************disconnect1**********************
2026-05-19 15:39:09,000 [65188] INFO: May 19 2026 15:39:09 test completed.
2026-05-19 15:39:09,000 [65188] INFO: client_count=0
2026-05-19 15:39:09,001 [65188] INFO: test completed
2026-05-19 15:39:09,001 [65188] INFO: ******************************test_number 2
2026-05-19 15:39:09,002 [65188] INFO: May 19 2026 15:39:09 test beginning...
2026-05-19 15:39:09,002 [65188] INFO: May 19 2026 15:39:09 test beginning...
2026-05-19 15:39:09,008 [65188] INFO: robot.rshd=1
2026-05-19 15:39:09,008 [65188] INFO: robot.rshd=1
2026-05-19 15:39:09,008 [65188] INFO: ip=192.168.100.1, port=8899
2026-05-19 15:39:09,008 [65188] INFO: ip=192.168.100.1, port=8899
2026-05-19 15:39:13,070 [65188] INFO: joint_status={'joint1': {'current': 10, 'voltage': 48.150001525878906, 'temperature': 36.20000076293945}, 'joint2': {'current': -507, 'voltage': 48.63999938964844, 'temperature': 39.20000076293945}, 'joint3': {'current': 358, 'voltage': 48.4900016784668, 'temperature': 39.599998474121094}, 'joint4': {'current': -49, 'voltage': 47.9900016784668, 'temperature': 42.099998474121094}, 'joint5': {'current': -54, 'voltage': 47.93000030517578, 'temperature': 47.70000076293945}, 'joint6': {'current': -34, 'voltage': 47.779998779296875, 'temperature': 43.400001525878906}}
2026-05-19 15:39:13,070 [65188] INFO: joint_status={'joint1': {'current': 10, 'voltage': 48.150001525878906, 'temperature': 36.20000076293945}, 'joint2': {'current': -507, 'voltage': 48.63999938964844, 'temperature': 39.20000076293945}, 'joint3': {'current': 358, 'voltage': 48.4900016784668, 'temperature': 39.599998474121094}, 'joint4': {'current': -49, 'voltage': 47.9900016784668, 'temperature': 42.099998474121094}, 'joint5': {'current': -54, 'voltage': 47.93000030517578, 'temperature': 47.70000076293945}, 'joint6': {'current': -34, 'voltage': 47.779998779296875, 'temperature': 43.400001525878906}}
2026-05-19 15:39:13,071 [65188] INFO: move joint to (0.541678, 0.225068, -0.948709, 0.397018, -1.5708, 0.541673)
2026-05-19 15:39:13,071 [65188] INFO: move joint to (0.541678, 0.225068, -0.948709, 0.397018, -1.5708, 0.541673)
2026-05-19 15:39:15,372 [65188] INFO: [1.5, 1.5, 1.5, 1.5, 1.5, 1.5]
2026-05-19 15:39:15,372 [65188] INFO: [1.5, 1.5, 1.5, 1.5, 1.5, 1.5]
2026-05-19 15:39:15,372 [65188] INFO: {'joint': [-3e-06, -0.127267, -1.321122, 0.376934, -1.570796, -8e-06], 'ori': [2.7059458405533235e-06, 0.7071085489469596, -0.7071050134122073, -2.474894023358776e-06], 'pos': [-0.4003190243099452, -0.12149882976219396, 0.5475984676269052]}
2026-05-19 15:39:15,372 [65188] INFO: {'joint': [-3e-06, -0.127267, -1.321122, 0.376934, -1.570796, -8e-06], 'ori': [2.7059458405533235e-06, 0.7071085489469596, -0.7071050134122073, -2.474894023358776e-06], 'pos': [-0.4003190243099452, -0.12149882976219396, 0.5475984676269052]}
2026-05-19 15:39:15,376 [65188] INFO: {'joint': [-3.0000004733743424e-06, -0.12726700000561256, -1.3211220000098551, 0.37694132679065406, -1.5707959999979857, -8.000000473125794e-06], 'ori': [2.7059458405533235e-06, 0.7071085489469596, -0.7071050134122073, -2.474894023358776e-06], 'pos': [-0.4003190243099452, -0.12149882976219396, 0.5475984676269052]}
2026-05-19 15:39:15,376 [65188] INFO: {'joint': [-3.0000004733743424e-06, -0.12726700000561256, -1.3211220000098551, 0.37694132679065406, -1.5707959999979857, -8.000000473125794e-06], 'ori': [2.7059458405533235e-06, 0.7071085489469596, -0.7071050134122073, -2.474894023358776e-06], 'pos': [-0.4003190243099452, -0.12149882976219396, 0.5475984676269052]}
2026-05-19 15:39:15,376 [65188] INFO: move joint to (0.0, 0.0, 0.0, 0.0, 0.0, 0.0)
2026-05-19 15:39:15,376 [65188] INFO: move joint to (0.0, 0.0, 0.0, 0.0, 0.0, 0.0)
2026-05-19 15:39:18,178 [65188] INFO: ******************************disconnect1**********************
2026-05-19 15:39:18,178 [65188] INFO: ******************************disconnect1**********************
2026-05-19 15:39:19,003 [65188] INFO: May 19 2026 15:39:19 test completed.
2026-05-19 15:39:19,003 [65188] INFO: May 19 2026 15:39:19 test completed.
2026-05-19 15:39:19,004 [65188] INFO: client_count=0
2026-05-19 15:39:19,004 [65188] INFO: client_count=0
2026-05-19 15:39:19,004 [65188] INFO: test completed
2026-05-19 15:39:19,004 [65188] INFO: test completed
2026-05-19 15:39:19,004 [65188] INFO: ******************************test_number 3
2026-05-19 15:39:19,004 [65188] INFO: ******************************test_number 3
2026-05-19 15:39:19,006 [65188] INFO: May 19 2026 15:39:19 test beginning...
2026-05-19 15:39:19,006 [65188] INFO: May 19 2026 15:39:19 test beginning...
2026-05-19 15:39:19,006 [65188] INFO: May 19 2026 15:39:19 test beginning...
2026-05-19 15:39:19,012 [65188] INFO: robot.rshd=2
2026-05-19 15:39:19,012 [65188] INFO: robot.rshd=2
2026-05-19 15:39:19,012 [65188] INFO: robot.rshd=2
2026-05-19 15:39:19,012 [65188] INFO: ip=192.168.100.1, port=8899
2026-05-19 15:39:19,012 [65188] INFO: ip=192.168.100.1, port=8899
2026-05-19 15:39:19,012 [65188] INFO: ip=192.168.100.1, port=8899
2026-05-19 15:39:23,054 [65188] INFO: joint_status={'joint1': {'current': -15, 'voltage': 48.15999984741211, 'temperature': 36.29999923706055}, 'joint2': {'current': -482, 'voltage': 48.630001068115234, 'temperature': 39.29999923706055}, 'joint3': {'current': 470, 'voltage': 48.4900016784668, 'temperature': 39.599998474121094}, 'joint4': {'current': -55, 'voltage': 47.97999954223633, 'temperature': 42.29999923706055}, 'joint5': {'current': -42, 'voltage': 47.95000076293945, 'temperature': 47.79999923706055}, 'joint6': {'current': -4, 'voltage': 47.790000915527344, 'temperature': 43.5}}
2026-05-19 15:39:23,054 [65188] INFO: joint_status={'joint1': {'current': -15, 'voltage': 48.15999984741211, 'temperature': 36.29999923706055}, 'joint2': {'current': -482, 'voltage': 48.630001068115234, 'temperature': 39.29999923706055}, 'joint3': {'current': 470, 'voltage': 48.4900016784668, 'temperature': 39.599998474121094}, 'joint4': {'current': -55, 'voltage': 47.97999954223633, 'temperature': 42.29999923706055}, 'joint5': {'current': -42, 'voltage': 47.95000076293945, 'temperature': 47.79999923706055}, 'joint6': {'current': -4, 'voltage': 47.790000915527344, 'temperature': 43.5}}
2026-05-19 15:39:23,054 [65188] INFO: joint_status={'joint1': {'current': -15, 'voltage': 48.15999984741211, 'temperature': 36.29999923706055}, 'joint2': {'current': -482, 'voltage': 48.630001068115234, 'temperature': 39.29999923706055}, 'joint3': {'current': 470, 'voltage': 48.4900016784668, 'temperature': 39.599998474121094}, 'joint4': {'current': -55, 'voltage': 47.97999954223633, 'temperature': 42.29999923706055}, 'joint5': {'current': -42, 'voltage': 47.95000076293945, 'temperature': 47.79999923706055}, 'joint6': {'current': -4, 'voltage': 47.790000915527344, 'temperature': 43.5}}
2026-05-19 15:39:23,054 [65188] INFO: move joint to (0.541678, 0.225068, -0.948709, 0.397018, -1.5708, 0.541673)
2026-05-19 15:39:23,054 [65188] INFO: move joint to (0.541678, 0.225068, -0.948709, 0.397018, -1.5708, 0.541673)
2026-05-19 15:39:23,054 [65188] INFO: move joint to (0.541678, 0.225068, -0.948709, 0.397018, -1.5708, 0.541673)
2026-05-19 15:39:25,340 [65188] INFO: [1.5, 1.5, 1.5, 1.5, 1.5, 1.5]
2026-05-19 15:39:25,340 [65188] INFO: [1.5, 1.5, 1.5, 1.5, 1.5, 1.5]
2026-05-19 15:39:25,340 [65188] INFO: [1.5, 1.5, 1.5, 1.5, 1.5, 1.5]
2026-05-19 15:39:25,341 [65188] INFO: {'joint': [-3e-06, -0.127267, -1.321122, 0.376934, -1.570796, -8e-06], 'ori': [2.7059458405533235e-06, 0.7071085489469596, -0.7071050134122073, -2.474894023358776e-06], 'pos': [-0.4003190243099452, -0.12149882976219396, 0.5475984676269052]}
2026-05-19 15:39:25,341 [65188] INFO: {'joint': [-3e-06, -0.127267, -1.321122, 0.376934, -1.570796, -8e-06], 'ori': [2.7059458405533235e-06, 0.7071085489469596, -0.7071050134122073, -2.474894023358776e-06], 'pos': [-0.4003190243099452, -0.12149882976219396, 0.5475984676269052]}
2026-05-19 15:39:25,341 [65188] INFO: {'joint': [-3e-06, -0.127267, -1.321122, 0.376934, -1.570796, -8e-06], 'ori': [2.7059458405533235e-06, 0.7071085489469596, -0.7071050134122073, -2.474894023358776e-06], 'pos': [-0.4003190243099452, -0.12149882976219396, 0.5475984676269052]}
2026-05-19 15:39:25,343 [65188] INFO: {'joint': [-3.0000004733743424e-06, -0.12726700000561256, -1.3211220000098551, 0.37694132679065406, -1.5707959999979857, -8.000000473125794e-06], 'ori': [2.7059458405533235e-06, 0.7071085489469596, -0.7071050134122073, -2.474894023358776e-06], 'pos': [-0.4003190243099452, -0.12149882976219396, 0.5475984676269052]}
2026-05-19 15:39:25,343 [65188] INFO: {'joint': [-3.0000004733743424e-06, -0.12726700000561256, -1.3211220000098551, 0.37694132679065406, -1.5707959999979857, -8.000000473125794e-06], 'ori': [2.7059458405533235e-06, 0.7071085489469596, -0.7071050134122073, -2.474894023358776e-06], 'pos': [-0.4003190243099452, -0.12149882976219396, 0.5475984676269052]}
2026-05-19 15:39:25,343 [65188] INFO: {'joint': [-3.0000004733743424e-06, -0.12726700000561256, -1.3211220000098551, 0.37694132679065406, -1.5707959999979857, -8.000000473125794e-06], 'ori': [2.7059458405533235e-06, 0.7071085489469596, -0.7071050134122073, -2.474894023358776e-06], 'pos': [-0.4003190243099452, -0.12149882976219396, 0.5475984676269052]}
2026-05-19 15:39:25,343 [65188] INFO: move joint to (0.0, 0.0, 0.0, 0.0, 0.0, 0.0)
2026-05-19 15:39:25,343 [65188] INFO: move joint to (0.0, 0.0, 0.0, 0.0, 0.0, 0.0)
2026-05-19 15:39:25,343 [65188] INFO: move joint to (0.0, 0.0, 0.0, 0.0, 0.0, 0.0)
2026-05-19 15:39:28,161 [65188] INFO: ******************************disconnect1**********************
2026-05-19 15:39:28,161 [65188] INFO: ******************************disconnect1**********************
2026-05-19 15:39:28,161 [65188] INFO: ******************************disconnect1**********************
2026-05-19 15:39:29,009 [65188] INFO: May 19 2026 15:39:29 test completed.
2026-05-19 15:39:29,009 [65188] INFO: May 19 2026 15:39:29 test completed.
2026-05-19 15:39:29,009 [65188] INFO: May 19 2026 15:39:29 test completed.
2026-05-19 15:39:29,009 [65188] INFO: client_count=0
2026-05-19 15:39:29,009 [65188] INFO: client_count=0
2026-05-19 15:39:29,009 [65188] INFO: client_count=0
2026-05-19 15:39:29,010 [65188] INFO: test completed
2026-05-19 15:39:29,010 [65188] INFO: test completed
2026-05-19 15:39:29,010 [65188] INFO: test completed
2026-05-19 15:39:29,011 [65188] INFO: ******************************test_number 4
2026-05-19 15:39:29,011 [65188] INFO: ******************************test_number 4
2026-05-19 15:39:29,011 [65188] INFO: ******************************test_number 4
2026-05-19 15:39:29,013 [65188] INFO: May 19 2026 15:39:29 test beginning...
2026-05-19 15:39:29,013 [65188] INFO: May 19 2026 15:39:29 test beginning...
2026-05-19 15:39:29,013 [65188] INFO: May 19 2026 15:39:29 test beginning...
2026-05-19 15:39:29,013 [65188] INFO: May 19 2026 15:39:29 test beginning...
2026-05-19 15:39:29,018 [65188] INFO: robot.rshd=3
2026-05-19 15:39:29,018 [65188] INFO: robot.rshd=3
2026-05-19 15:39:29,018 [65188] INFO: robot.rshd=3
2026-05-19 15:39:29,018 [65188] INFO: robot.rshd=3
2026-05-19 15:39:29,019 [65188] INFO: ip=192.168.100.1, port=8899
2026-05-19 15:39:29,019 [65188] INFO: ip=192.168.100.1, port=8899
2026-05-19 15:39:29,019 [65188] INFO: ip=192.168.100.1, port=8899
2026-05-19 15:39:29,019 [65188] INFO: ip=192.168.100.1, port=8899
2026-05-19 15:39:33,069 [65188] INFO: joint_status={'joint1': {'current': 2, 'voltage': 48.150001525878906, 'temperature': 36.400001525878906}, 'joint2': {'current': -500, 'voltage': 48.63999938964844, 'temperature': 39.29999923706055}, 'joint3': {'current': 345, 'voltage': 48.4900016784668, 'temperature': 39.70000076293945}, 'joint4': {'current': -55, 'voltage': 47.97999954223633, 'temperature': 42.400001525878906}, 'joint5': {'current': -59, 'voltage': 47.93000030517578, 'temperature': 48.0}, 'joint6': {'current': -20, 'voltage': 47.779998779296875, 'temperature': 43.599998474121094}}
2026-05-19 15:39:33,069 [65188] INFO: joint_status={'joint1': {'current': 2, 'voltage': 48.150001525878906, 'temperature': 36.400001525878906}, 'joint2': {'current': -500, 'voltage': 48.63999938964844, 'temperature': 39.29999923706055}, 'joint3': {'current': 345, 'voltage': 48.4900016784668, 'temperature': 39.70000076293945}, 'joint4': {'current': -55, 'voltage': 47.97999954223633, 'temperature': 42.400001525878906}, 'joint5': {'current': -59, 'voltage': 47.93000030517578, 'temperature': 48.0}, 'joint6': {'current': -20, 'voltage': 47.779998779296875, 'temperature': 43.599998474121094}}
2026-05-19 15:39:33,069 [65188] INFO: joint_status={'joint1': {'current': 2, 'voltage': 48.150001525878906, 'temperature': 36.400001525878906}, 'joint2': {'current': -500, 'voltage': 48.63999938964844, 'temperature': 39.29999923706055}, 'joint3': {'current': 345, 'voltage': 48.4900016784668, 'temperature': 39.70000076293945}, 'joint4': {'current': -55, 'voltage': 47.97999954223633, 'temperature': 42.400001525878906}, 'joint5': {'current': -59, 'voltage': 47.93000030517578, 'temperature': 48.0}, 'joint6': {'current': -20, 'voltage': 47.779998779296875, 'temperature': 43.599998474121094}}
2026-05-19 15:39:33,069 [65188] INFO: joint_status={'joint1': {'current': 2, 'voltage': 48.150001525878906, 'temperature': 36.400001525878906}, 'joint2': {'current': -500, 'voltage': 48.63999938964844, 'temperature': 39.29999923706055}, 'joint3': {'current': 345, 'voltage': 48.4900016784668, 'temperature': 39.70000076293945}, 'joint4': {'current': -55, 'voltage': 47.97999954223633, 'temperature': 42.400001525878906}, 'joint5': {'current': -59, 'voltage': 47.93000030517578, 'temperature': 48.0}, 'joint6': {'current': -20, 'voltage': 47.779998779296875, 'temperature': 43.599998474121094}}
2026-05-19 15:39:33,070 [65188] INFO: move joint to (0.541678, 0.225068, -0.948709, 0.397018, -1.5708, 0.541673)
2026-05-19 15:39:33,070 [65188] INFO: move joint to (0.541678, 0.225068, -0.948709, 0.397018, -1.5708, 0.541673)
2026-05-19 15:39:33,070 [65188] INFO: move joint to (0.541678, 0.225068, -0.948709, 0.397018, -1.5708, 0.541673)
2026-05-19 15:39:33,070 [65188] INFO: move joint to (0.541678, 0.225068, -0.948709, 0.397018, -1.5708, 0.541673)
2026-05-19 15:39:35,359 [65188] INFO: [1.5, 1.5, 1.5, 1.5, 1.5, 1.5]
2026-05-19 15:39:35,359 [65188] INFO: [1.5, 1.5, 1.5, 1.5, 1.5, 1.5]
2026-05-19 15:39:35,359 [65188] INFO: [1.5, 1.5, 1.5, 1.5, 1.5, 1.5]
2026-05-19 15:39:35,359 [65188] INFO: [1.5, 1.5, 1.5, 1.5, 1.5, 1.5]
2026-05-19 15:39:35,360 [65188] INFO: {'joint': [-3e-06, -0.127267, -1.321122, 0.376934, -1.570796, -8e-06], 'ori': [2.7059458405533235e-06, 0.7071085489469596, -0.7071050134122073, -2.474894023358776e-06], 'pos': [-0.4003190243099452, -0.12149882976219396, 0.5475984676269052]}
2026-05-19 15:39:35,360 [65188] INFO: {'joint': [-3e-06, -0.127267, -1.321122, 0.376934, -1.570796, -8e-06], 'ori': [2.7059458405533235e-06, 0.7071085489469596, -0.7071050134122073, -2.474894023358776e-06], 'pos': [-0.4003190243099452, -0.12149882976219396, 0.5475984676269052]}
2026-05-19 15:39:35,360 [65188] INFO: {'joint': [-3e-06, -0.127267, -1.321122, 0.376934, -1.570796, -8e-06], 'ori': [2.7059458405533235e-06, 0.7071085489469596, -0.7071050134122073, -2.474894023358776e-06], 'pos': [-0.4003190243099452, -0.12149882976219396, 0.5475984676269052]}
2026-05-19 15:39:35,360 [65188] INFO: {'joint': [-3e-06, -0.127267, -1.321122, 0.376934, -1.570796, -8e-06], 'ori': [2.7059458405533235e-06, 0.7071085489469596, -0.7071050134122073, -2.474894023358776e-06], 'pos': [-0.4003190243099452, -0.12149882976219396, 0.5475984676269052]}
2026-05-19 15:39:35,360 [65188] INFO: {'joint': [-3.0000004733743424e-06, -0.12726700000561256, -1.3211220000098551, 0.37694132679065406, -1.5707959999979857, -8.000000473125794e-06], 'ori': [2.7059458405533235e-06, 0.7071085489469596, -0.7071050134122073, -2.474894023358776e-06], 'pos': [-0.4003190243099452, -0.12149882976219396, 0.5475984676269052]}
2026-05-19 15:39:35,360 [65188] INFO: {'joint': [-3.0000004733743424e-06, -0.12726700000561256, -1.3211220000098551, 0.37694132679065406, -1.5707959999979857, -8.000000473125794e-06], 'ori': [2.7059458405533235e-06, 0.7071085489469596, -0.7071050134122073, -2.474894023358776e-06], 'pos': [-0.4003190243099452, -0.12149882976219396, 0.5475984676269052]}
2026-05-19 15:39:35,360 [65188] INFO: {'joint': [-3.0000004733743424e-06, -0.12726700000561256, -1.3211220000098551, 0.37694132679065406, -1.5707959999979857, -8.000000473125794e-06], 'ori': [2.7059458405533235e-06, 0.7071085489469596, -0.7071050134122073, -2.474894023358776e-06], 'pos': [-0.4003190243099452, -0.12149882976219396, 0.5475984676269052]}
2026-05-19 15:39:35,360 [65188] INFO: {'joint': [-3.0000004733743424e-06, -0.12726700000561256, -1.3211220000098551, 0.37694132679065406, -1.5707959999979857, -8.000000473125794e-06], 'ori': [2.7059458405533235e-06, 0.7071085489469596, -0.7071050134122073, -2.474894023358776e-06], 'pos': [-0.4003190243099452, -0.12149882976219396, 0.5475984676269052]}
2026-05-19 15:39:35,361 [65188] INFO: move joint to (0.0, 0.0, 0.0, 0.0, 0.0, 0.0)
2026-05-19 15:39:35,361 [65188] INFO: move joint to (0.0, 0.0, 0.0, 0.0, 0.0, 0.0)
2026-05-19 15:39:35,361 [65188] INFO: move joint to (0.0, 0.0, 0.0, 0.0, 0.0, 0.0)
2026-05-19 15:39:35,361 [65188] INFO: move joint to (0.0, 0.0, 0.0, 0.0, 0.0, 0.0)
2026-05-19 15:39:38,187 [65188] INFO: ******************************disconnect1**********************
2026-05-19 15:39:38,187 [65188] INFO: ******************************disconnect1**********************
2026-05-19 15:39:38,187 [65188] INFO: ******************************disconnect1**********************
2026-05-19 15:39:38,187 [65188] INFO: ******************************disconnect1**********************
2026-05-19 15:39:39,008 [65188] INFO: May 19 2026 15:39:39 test completed.
2026-05-19 15:39:39,008 [65188] INFO: May 19 2026 15:39:39 test completed.
2026-05-19 15:39:39,008 [65188] INFO: May 19 2026 15:39:39 test completed.
2026-05-19 15:39:39,008 [65188] INFO: May 19 2026 15:39:39 test completed.
2026-05-19 15:39:39,009 [65188] INFO: client_count=0
2026-05-19 15:39:39,009 [65188] INFO: client_count=0
2026-05-19 15:39:39,009 [65188] INFO: client_count=0
2026-05-19 15:39:39,009 [65188] INFO: client_count=0
2026-05-19 15:39:39,010 [65188] INFO: test completed
2026-05-19 15:39:39,010 [65188] INFO: test completed
2026-05-19 15:39:39,010 [65188] INFO: test completed
2026-05-19 15:39:39,010 [65188] INFO: test completed
2026-05-19 15:39:39,010 [65188] INFO: ******************************test_number 5
2026-05-19 15:39:39,010 [65188] INFO: ******************************test_number 5
2026-05-19 15:39:39,010 [65188] INFO: ******************************test_number 5
2026-05-19 15:39:39,010 [65188] INFO: ******************************test_number 5
2026-05-19 15:39:39,012 [65188] INFO: May 19 2026 15:39:39 test beginning...
2026-05-19 15:39:39,012 [65188] INFO: May 19 2026 15:39:39 test beginning...
2026-05-19 15:39:39,012 [65188] INFO: May 19 2026 15:39:39 test beginning...
2026-05-19 15:39:39,012 [65188] INFO: May 19 2026 15:39:39 test beginning...
2026-05-19 15:39:39,012 [65188] INFO: May 19 2026 15:39:39 test beginning...
2026-05-19 15:39:39,016 [65188] INFO: robot.rshd=4
2026-05-19 15:39:39,016 [65188] INFO: robot.rshd=4
2026-05-19 15:39:39,016 [65188] INFO: robot.rshd=4
2026-05-19 15:39:39,016 [65188] INFO: robot.rshd=4
2026-05-19 15:39:39,016 [65188] INFO: robot.rshd=4
2026-05-19 15:39:39,017 [65188] INFO: ip=192.168.100.1, port=8899
2026-05-19 15:39:39,017 [65188] INFO: ip=192.168.100.1, port=8899
2026-05-19 15:39:39,017 [65188] INFO: ip=192.168.100.1, port=8899
2026-05-19 15:39:39,017 [65188] INFO: ip=192.168.100.1, port=8899
2026-05-19 15:39:39,017 [65188] INFO: ip=192.168.100.1, port=8899
2026-05-19 15:39:43,088 [65188] INFO: joint_status={'joint1': {'current': 21, 'voltage': 48.15999984741211, 'temperature': 36.5}, 'joint2': {'current': -507, 'voltage': 48.630001068115234, 'temperature': 39.5}, 'joint3': {'current': 330, 'voltage': 48.470001220703125, 'temperature': 39.70000076293945}, 'joint4': {'current': -57, 'voltage': 47.97999954223633, 'temperature': 42.5}, 'joint5': {'current': -47, 'voltage': 47.93000030517578, 'temperature': 48.099998474121094}, 'joint6': {'current': -13, 'voltage': 47.779998779296875, 'temperature': 43.599998474121094}}
2026-05-19 15:39:43,088 [65188] INFO: joint_status={'joint1': {'current': 21, 'voltage': 48.15999984741211, 'temperature': 36.5}, 'joint2': {'current': -507, 'voltage': 48.630001068115234, 'temperature': 39.5}, 'joint3': {'current': 330, 'voltage': 48.470001220703125, 'temperature': 39.70000076293945}, 'joint4': {'current': -57, 'voltage': 47.97999954223633, 'temperature': 42.5}, 'joint5': {'current': -47, 'voltage': 47.93000030517578, 'temperature': 48.099998474121094}, 'joint6': {'current': -13, 'voltage': 47.779998779296875, 'temperature': 43.599998474121094}}
2026-05-19 15:39:43,088 [65188] INFO: joint_status={'joint1': {'current': 21, 'voltage': 48.15999984741211, 'temperature': 36.5}, 'joint2': {'current': -507, 'voltage': 48.630001068115234, 'temperature': 39.5}, 'joint3': {'current': 330, 'voltage': 48.470001220703125, 'temperature': 39.70000076293945}, 'joint4': {'current': -57, 'voltage': 47.97999954223633, 'temperature': 42.5}, 'joint5': {'current': -47, 'voltage': 47.93000030517578, 'temperature': 48.099998474121094}, 'joint6': {'current': -13, 'voltage': 47.779998779296875, 'temperature': 43.599998474121094}}
2026-05-19 15:39:43,088 [65188] INFO: joint_status={'joint1': {'current': 21, 'voltage': 48.15999984741211, 'temperature': 36.5}, 'joint2': {'current': -507, 'voltage': 48.630001068115234, 'temperature': 39.5}, 'joint3': {'current': 330, 'voltage': 48.470001220703125, 'temperature': 39.70000076293945}, 'joint4': {'current': -57, 'voltage': 47.97999954223633, 'temperature': 42.5}, 'joint5': {'current': -47, 'voltage': 47.93000030517578, 'temperature': 48.099998474121094}, 'joint6': {'current': -13, 'voltage': 47.779998779296875, 'temperature': 43.599998474121094}}
2026-05-19 15:39:43,088 [65188] INFO: joint_status={'joint1': {'current': 21, 'voltage': 48.15999984741211, 'temperature': 36.5}, 'joint2': {'current': -507, 'voltage': 48.630001068115234, 'temperature': 39.5}, 'joint3': {'current': 330, 'voltage': 48.470001220703125, 'temperature': 39.70000076293945}, 'joint4': {'current': -57, 'voltage': 47.97999954223633, 'temperature': 42.5}, 'joint5': {'current': -47, 'voltage': 47.93000030517578, 'temperature': 48.099998474121094}, 'joint6': {'current': -13, 'voltage': 47.779998779296875, 'temperature': 43.599998474121094}}
2026-05-19 15:39:43,090 [65188] INFO: move joint to (0.541678, 0.225068, -0.948709, 0.397018, -1.5708, 0.541673)
2026-05-19 15:39:43,090 [65188] INFO: move joint to (0.541678, 0.225068, -0.948709, 0.397018, -1.5708, 0.541673)
2026-05-19 15:39:43,090 [65188] INFO: move joint to (0.541678, 0.225068, -0.948709, 0.397018, -1.5708, 0.541673)
2026-05-19 15:39:43,090 [65188] INFO: move joint to (0.541678, 0.225068, -0.948709, 0.397018, -1.5708, 0.541673)
2026-05-19 15:39:43,090 [65188] INFO: move joint to (0.541678, 0.225068, -0.948709, 0.397018, -1.5708, 0.541673)
2026-05-19 15:39:45,378 [65188] INFO: [1.5, 1.5, 1.5, 1.5, 1.5, 1.5]
2026-05-19 15:39:45,378 [65188] INFO: [1.5, 1.5, 1.5, 1.5, 1.5, 1.5]
2026-05-19 15:39:45,378 [65188] INFO: [1.5, 1.5, 1.5, 1.5, 1.5, 1.5]
2026-05-19 15:39:45,378 [65188] INFO: [1.5, 1.5, 1.5, 1.5, 1.5, 1.5]
2026-05-19 15:39:45,378 [65188] INFO: [1.5, 1.5, 1.5, 1.5, 1.5, 1.5]
2026-05-19 15:39:45,379 [65188] INFO: {'joint': [-3e-06, -0.127267, -1.321122, 0.376934, -1.570796, -8e-06], 'ori': [2.7059458405533235e-06, 0.7071085489469596, -0.7071050134122073, -2.474894023358776e-06], 'pos': [-0.4003190243099452, -0.12149882976219396, 0.5475984676269052]}
2026-05-19 15:39:45,379 [65188] INFO: {'joint': [-3e-06, -0.127267, -1.321122, 0.376934, -1.570796, -8e-06], 'ori': [2.7059458405533235e-06, 0.7071085489469596, -0.7071050134122073, -2.474894023358776e-06], 'pos': [-0.4003190243099452, -0.12149882976219396, 0.5475984676269052]}
2026-05-19 15:39:45,379 [65188] INFO: {'joint': [-3e-06, -0.127267, -1.321122, 0.376934, -1.570796, -8e-06], 'ori': [2.7059458405533235e-06, 0.7071085489469596, -0.7071050134122073, -2.474894023358776e-06], 'pos': [-0.4003190243099452, -0.12149882976219396, 0.5475984676269052]}
2026-05-19 15:39:45,379 [65188] INFO: {'joint': [-3e-06, -0.127267, -1.321122, 0.376934, -1.570796, -8e-06], 'ori': [2.7059458405533235e-06, 0.7071085489469596, -0.7071050134122073, -2.474894023358776e-06], 'pos': [-0.4003190243099452, -0.12149882976219396, 0.5475984676269052]}
2026-05-19 15:39:45,379 [65188] INFO: {'joint': [-3e-06, -0.127267, -1.321122, 0.376934, -1.570796, -8e-06], 'ori': [2.7059458405533235e-06, 0.7071085489469596, -0.7071050134122073, -2.474894023358776e-06], 'pos': [-0.4003190243099452, -0.12149882976219396, 0.5475984676269052]}
2026-05-19 15:39:45,380 [65188] INFO: {'joint': [-3.0000004733743424e-06, -0.12726700000561256, -1.3211220000098551, 0.37694132679065406, -1.5707959999979857, -8.000000473125794e-06], 'ori': [2.7059458405533235e-06, 0.7071085489469596, -0.7071050134122073, -2.474894023358776e-06], 'pos': [-0.4003190243099452, -0.12149882976219396, 0.5475984676269052]}
2026-05-19 15:39:45,380 [65188] INFO: {'joint': [-3.0000004733743424e-06, -0.12726700000561256, -1.3211220000098551, 0.37694132679065406, -1.5707959999979857, -8.000000473125794e-06], 'ori': [2.7059458405533235e-06, 0.7071085489469596, -0.7071050134122073, -2.474894023358776e-06], 'pos': [-0.4003190243099452, -0.12149882976219396, 0.5475984676269052]}
2026-05-19 15:39:45,380 [65188] INFO: {'joint': [-3.0000004733743424e-06, -0.12726700000561256, -1.3211220000098551, 0.37694132679065406, -1.5707959999979857, -8.000000473125794e-06], 'ori': [2.7059458405533235e-06, 0.7071085489469596, -0.7071050134122073, -2.474894023358776e-06], 'pos': [-0.4003190243099452, -0.12149882976219396, 0.5475984676269052]}
2026-05-19 15:39:45,380 [65188] INFO: {'joint': [-3.0000004733743424e-06, -0.12726700000561256, -1.3211220000098551, 0.37694132679065406, -1.5707959999979857, -8.000000473125794e-06], 'ori': [2.7059458405533235e-06, 0.7071085489469596, -0.7071050134122073, -2.474894023358776e-06], 'pos': [-0.4003190243099452, -0.12149882976219396, 0.5475984676269052]}
2026-05-19 15:39:45,380 [65188] INFO: {'joint': [-3.0000004733743424e-06, -0.12726700000561256, -1.3211220000098551, 0.37694132679065406, -1.5707959999979857, -8.000000473125794e-06], 'ori': [2.7059458405533235e-06, 0.7071085489469596, -0.7071050134122073, -2.474894023358776e-06], 'pos': [-0.4003190243099452, -0.12149882976219396, 0.5475984676269052]}
2026-05-19 15:39:45,381 [65188] INFO: move joint to (0.0, 0.0, 0.0, 0.0, 0.0, 0.0)
2026-05-19 15:39:45,381 [65188] INFO: move joint to (0.0, 0.0, 0.0, 0.0, 0.0, 0.0)
2026-05-19 15:39:45,381 [65188] INFO: move joint to (0.0, 0.0, 0.0, 0.0, 0.0, 0.0)
2026-05-19 15:39:45,381 [65188] INFO: move joint to (0.0, 0.0, 0.0, 0.0, 0.0, 0.0)
2026-05-19 15:39:45,381 [65188] INFO: move joint to (0.0, 0.0, 0.0, 0.0, 0.0, 0.0)
2026-05-19 15:39:48,197 [65188] INFO: ******************************disconnect1**********************
2026-05-19 15:39:48,197 [65188] INFO: ******************************disconnect1**********************
2026-05-19 15:39:48,197 [65188] INFO: ******************************disconnect1**********************
2026-05-19 15:39:48,197 [65188] INFO: ******************************disconnect1**********************
2026-05-19 15:39:48,197 [65188] INFO: ******************************disconnect1**********************
2026-05-19 15:39:49,006 [65188] INFO: May 19 2026 15:39:49 test completed.
2026-05-19 15:39:49,006 [65188] INFO: May 19 2026 15:39:49 test completed.
2026-05-19 15:39:49,006 [65188] INFO: May 19 2026 15:39:49 test completed.
2026-05-19 15:39:49,006 [65188] INFO: May 19 2026 15:39:49 test completed.
2026-05-19 15:39:49,006 [65188] INFO: May 19 2026 15:39:49 test completed.
2026-05-19 15:39:49,007 [65188] INFO: client_count=0
2026-05-19 15:39:49,007 [65188] INFO: client_count=0
2026-05-19 15:39:49,007 [65188] INFO: client_count=0
2026-05-19 15:39:49,007 [65188] INFO: client_count=0
2026-05-19 15:39:49,007 [65188] INFO: client_count=0
2026-05-19 15:39:49,008 [65188] INFO: test completed
2026-05-19 15:39:49,008 [65188] INFO: test completed
2026-05-19 15:39:49,008 [65188] INFO: test completed
2026-05-19 15:39:49,008 [65188] INFO: test completed
2026-05-19 15:39:49,008 [65188] INFO: test completed
2026-05-19 15:39:49,008 [65188] INFO: ******************************test_number 6
2026-05-19 15:39:49,008 [65188] INFO: ******************************test_number 6
2026-05-19 15:39:49,008 [65188] INFO: ******************************test_number 6
2026-05-19 15:39:49,008 [65188] INFO: ******************************test_number 6
2026-05-19 15:39:49,008 [65188] INFO: ******************************test_number 6
2026-05-19 15:39:49,010 [65188] INFO: May 19 2026 15:39:49 test beginning...
2026-05-19 15:39:49,010 [65188] INFO: May 19 2026 15:39:49 test beginning...
2026-05-19 15:39:49,010 [65188] INFO: May 19 2026 15:39:49 test beginning...
2026-05-19 15:39:49,010 [65188] INFO: May 19 2026 15:39:49 test beginning...
2026-05-19 15:39:49,010 [65188] INFO: May 19 2026 15:39:49 test beginning...
2026-05-19 15:39:49,010 [65188] INFO: May 19 2026 15:39:49 test beginning...
2026-05-19 15:39:49,016 [65188] INFO: robot.rshd=5
2026-05-19 15:39:49,016 [65188] INFO: robot.rshd=5
2026-05-19 15:39:49,016 [65188] INFO: robot.rshd=5
2026-05-19 15:39:49,016 [65188] INFO: robot.rshd=5
2026-05-19 15:39:49,016 [65188] INFO: robot.rshd=5
2026-05-19 15:39:49,016 [65188] INFO: robot.rshd=5
2026-05-19 15:39:49,017 [65188] INFO: ip=192.168.100.1, port=8899
2026-05-19 15:39:49,017 [65188] INFO: ip=192.168.100.1, port=8899
2026-05-19 15:39:49,017 [65188] INFO: ip=192.168.100.1, port=8899
2026-05-19 15:39:49,017 [65188] INFO: ip=192.168.100.1, port=8899
2026-05-19 15:39:49,017 [65188] INFO: ip=192.168.100.1, port=8899
2026-05-19 15:39:49,017 [65188] INFO: ip=192.168.100.1, port=8899
2026-05-20 17:36:47,293 [42936] INFO: May 20 2026 17:36:47 test beginning...
2026-05-20 17:36:47,297 [42936] INFO: robot.rshd=0
2026-05-20 17:36:47,297 [42936] INFO: ip=192.168.100.1, port=8899
2026-05-20 17:38:04,862 [101684] INFO: ip=192.168.100.1, port=8899
2026-05-25 19:16:50,858 [29560] INFO: ip=192.168.100.1, port=8899
2026-05-25 21:24:20,020 [34572] INFO: ip=192.168.100.1, port=8899
2026-05-25 21:24:41,074 [34572] ERROR: login failed!
2026-05-25 21:27:02,335 [34572] INFO: client_count=0
2026-05-25 21:41:26,216 [32040] INFO: ip=192.168.100.1, port=8899
2026-05-25 21:41:47,260 [32040] ERROR: login failed!
2026-05-25 21:41:48,003 [32040] INFO: client_count=0
2026-05-25 21:48:21,627 [34648] INFO: ip=192.168.100.1, port=8899
2026-05-25 21:48:42,670 [34648] ERROR: login failed!
2026-05-25 21:48:43,003 [34648] INFO: client_count=0
2026-05-25 21:50:14,988 [33964] INFO: ip=192.168.100.1, port=8899
2026-05-25 21:50:36,048 [33964] ERROR: login failed!
2026-05-25 21:50:38,010 [33964] INFO: client_count=0
2026-05-25 21:53:05,838 [35888] INFO: ip=192.168.100.1, port=8899
2026-05-25 21:53:26,888 [35888] ERROR: login failed!
2026-05-25 21:53:27,007 [35888] INFO: client_count=0
2026-05-25 22:38:17,849 [26184] INFO: ip=192.168.100.1, port=8899
2026-05-25 22:38:17,857 [26184] ERROR: login failed!
2026-05-25 22:38:19,003 [26184] INFO: client_count=0
2026-05-25 22:42:18,137 [15316] INFO: ip=192.168.100.1, port=8899
2026-05-25 22:47:02,013 [15316] INFO: client_count=0
2026-05-25 22:52:17,135 [35148] INFO: ip=192.168.100.1, port=8899
2026-05-25 22:57:43,447 [34768] INFO: ip=192.168.100.1, port=8899
2026-05-25 22:58:27,624 [28440] INFO: ip=192.168.100.1, port=8899
2026-05-25 22:59:05,015 [30872] INFO: ip=192.168.100.1, port=8899
2026-05-25 23:11:31,586 [31788] INFO: ip=192.168.100.1, port=8899
2026-05-25 23:19:31,002 [31788] INFO: client_count=0
2026-05-26 18:05:24,605 [17504] INFO: ip=192.168.100.1, port=8899
2026-05-26 18:19:25,759 [2716] INFO: ip=192.168.100.1, port=8899
2026-05-26 18:49:14,312 [496] INFO: ip=192.168.100.1, port=8899
2026-05-26 22:19:51,694 [29940] INFO: ip=192.168.100.1, port=8899
2026-05-26 22:20:12,744 [29940] ERROR: login failed!
2026-05-26 22:20:13,005 [29940] INFO: client_count=0
2026-05-27 15:55:43,221 [16396] INFO: ip=192.168.100.1, port=8899
2026-05-27 15:56:04,266 [16396] ERROR: login failed!
2026-05-27 15:56:05,005 [16396] INFO: client_count=0
2026-05-27 15:56:19,552 [10324] INFO: ip=192.168.100.1, port=8899
2026-05-27 16:25:43,571 [10324] INFO: client_count=0
2026-05-27 21:22:40,019 [20348] INFO: ip=192.168.100.1, port=8899
2026-05-28 18:27:35,152 [22240] INFO: ip=192.168.100.1, port=8899
2026-05-28 18:29:10,846 [11244] INFO: ip=192.168.100.1, port=8899
2026-05-28 18:32:59,106 [536] INFO: ip=192.168.100.1, port=8899
2026-05-28 18:40:41,959 [12316] INFO: ip=192.168.100.1, port=8899
2026-06-01 16:21:24,767 [69248] INFO: ip=192.168.100.1, port=8899
2026-06-01 16:22:06,656 [131172] INFO: ip=192.168.100.1, port=8899
2026-06-01 16:23:58,521 [130428] INFO: ip=192.168.100.1, port=8899
2026-06-01 16:30:14,685 [91332] INFO: ip=192.168.100.1, port=8899
2026-06-01 16:42:32,761 [112016] INFO: ip=192.168.100.1, port=8899
2026-06-01 17:14:52,799 [79256] INFO: ip=192.168.100.1, port=8899
2026-06-01 17:15:58,062 [92916] INFO: ip=192.168.100.1, port=8899
2026-06-01 17:18:23,317 [124416] INFO: ip=192.168.100.1, port=8899
2026-06-01 17:19:33,522 [32136] INFO: ip=192.168.100.1, port=8899
2026-06-01 17:40:13,310 [60052] INFO: Jun 01 2026 17:40:13 test beginning...
2026-06-01 17:40:13,313 [60052] INFO: robot.rshd=0
2026-06-01 17:40:13,313 [60052] INFO: ip=192.168.100.1, port=8899
2026-06-01 17:40:17,293 [60052] INFO: joint_status={'joint1': {'current': 392, 'voltage': 48.130001068115234, 'temperature': 39.79999923706055}, 'joint2': {'current': -2233, 'voltage': 48.65999984741211, 'temperature': 42.29999923706055}, 'joint3': {'current': 2643, 'voltage': 48.72999954223633, 'temperature': 41.79999923706055}, 'joint4': {'current': -178, 'voltage': 47.97999954223633, 'temperature': 44.0}, 'joint5': {'current': -180, 'voltage': 47.95000076293945, 'temperature': 50.599998474121094}, 'joint6': {'current': 19, 'voltage': 47.75, 'temperature': 45.79999923706055}}
2026-06-01 17:40:17,293 [60052] INFO: move joint to (0.541678, 0.225068, -0.948709, 0.397018, -1.5708, 0.541673)
2026-06-01 17:40:19,389 [60052] INFO: [1.5, 1.5, 1.5, 1.5, 1.5, 1.5]
2026-06-01 17:40:19,390 [60052] INFO: {'joint': [-3e-06, -0.127267, -1.321122, 0.376934, -1.570796, -8e-06], 'ori': [2.7059458405533235e-06, 0.7071085489469596, -0.7071050134122073, -2.474894023358776e-06], 'pos': [-0.4003190243099452, -0.12149882976219396, 0.5475984676269052]}
2026-06-01 17:40:19,390 [60052] INFO: {'joint': [-3.0000004733743424e-06, -0.12726700000561256, -1.3211220000098551, 0.37694132679065406, -1.5707959999979857, -8.000000473125794e-06], 'ori': [2.7059458405533235e-06, 0.7071085489469596, -0.7071050134122073, -2.474894023358776e-06], 'pos': [-0.4003190243099452, -0.12149882976219396, 0.5475984676269052]}
2026-06-01 17:40:19,390 [60052] INFO: move joint to (0.0, 0.0, 0.0, 0.0, 0.0, 0.0)
2026-06-01 17:40:22,223 [60052] INFO: ******************************disconnect1**********************
2026-06-01 17:40:23,001 [60052] INFO: Jun 01 2026 17:40:23 test completed.
2026-06-01 17:40:23,001 [60052] INFO: client_count=0
2026-06-01 17:40:23,001 [60052] INFO: test completed
2026-06-01 17:40:23,001 [60052] INFO: ******************************test_number 2
2026-06-01 17:40:23,002 [60052] INFO: Jun 01 2026 17:40:23 test beginning...
2026-06-01 17:40:23,002 [60052] INFO: Jun 01 2026 17:40:23 test beginning...
2026-06-01 17:40:23,004 [60052] INFO: robot.rshd=1
2026-06-01 17:40:23,004 [60052] INFO: robot.rshd=1
2026-06-01 17:40:23,005 [60052] INFO: ip=192.168.100.1, port=8899
2026-06-01 17:40:23,005 [60052] INFO: ip=192.168.100.1, port=8899
2026-06-01 17:40:27,039 [60052] INFO: joint_status={'joint1': {'current': -125, 'voltage': 48.150001525878906, 'temperature': 39.79999923706055}, 'joint2': {'current': -250, 'voltage': 48.689998626708984, 'temperature': 42.29999923706055}, 'joint3': {'current': 438, 'voltage': 48.72999954223633, 'temperature': 41.70000076293945}, 'joint4': {'current': -16, 'voltage': 47.959999084472656, 'temperature': 44.099998474121094}, 'joint5': {'current': -117, 'voltage': 47.939998626708984, 'temperature': 50.599998474121094}, 'joint6': {'current': -10, 'voltage': 47.7400016784668, 'temperature': 45.79999923706055}}
2026-06-01 17:40:27,039 [60052] INFO: joint_status={'joint1': {'current': -125, 'voltage': 48.150001525878906, 'temperature': 39.79999923706055}, 'joint2': {'current': -250, 'voltage': 48.689998626708984, 'temperature': 42.29999923706055}, 'joint3': {'current': 438, 'voltage': 48.72999954223633, 'temperature': 41.70000076293945}, 'joint4': {'current': -16, 'voltage': 47.959999084472656, 'temperature': 44.099998474121094}, 'joint5': {'current': -117, 'voltage': 47.939998626708984, 'temperature': 50.599998474121094}, 'joint6': {'current': -10, 'voltage': 47.7400016784668, 'temperature': 45.79999923706055}}
2026-06-01 17:40:27,039 [60052] INFO: move joint to (0.541678, 0.225068, -0.948709, 0.397018, -1.5708, 0.541673)
2026-06-01 17:40:27,039 [60052] INFO: move joint to (0.541678, 0.225068, -0.948709, 0.397018, -1.5708, 0.541673)
2026-06-01 17:40:29,335 [60052] INFO: [1.5, 1.5, 1.5, 1.5, 1.5, 1.5]
2026-06-01 17:40:29,335 [60052] INFO: [1.5, 1.5, 1.5, 1.5, 1.5, 1.5]
2026-06-01 17:40:29,335 [60052] INFO: {'joint': [-3e-06, -0.127267, -1.321122, 0.376934, -1.570796, -8e-06], 'ori': [2.7059458405533235e-06, 0.7071085489469596, -0.7071050134122073, -2.474894023358776e-06], 'pos': [-0.4003190243099452, -0.12149882976219396, 0.5475984676269052]}
2026-06-01 17:40:29,335 [60052] INFO: {'joint': [-3e-06, -0.127267, -1.321122, 0.376934, -1.570796, -8e-06], 'ori': [2.7059458405533235e-06, 0.7071085489469596, -0.7071050134122073, -2.474894023358776e-06], 'pos': [-0.4003190243099452, -0.12149882976219396, 0.5475984676269052]}
2026-06-01 17:40:29,337 [60052] INFO: {'joint': [-3.0000004733743424e-06, -0.12726700000561256, -1.3211220000098551, 0.37694132679065406, -1.5707959999979857, -8.000000473125794e-06], 'ori': [2.7059458405533235e-06, 0.7071085489469596, -0.7071050134122073, -2.474894023358776e-06], 'pos': [-0.4003190243099452, -0.12149882976219396, 0.5475984676269052]}
2026-06-01 17:40:29,337 [60052] INFO: {'joint': [-3.0000004733743424e-06, -0.12726700000561256, -1.3211220000098551, 0.37694132679065406, -1.5707959999979857, -8.000000473125794e-06], 'ori': [2.7059458405533235e-06, 0.7071085489469596, -0.7071050134122073, -2.474894023358776e-06], 'pos': [-0.4003190243099452, -0.12149882976219396, 0.5475984676269052]}
2026-06-01 17:40:29,337 [60052] INFO: move joint to (0.0, 0.0, 0.0, 0.0, 0.0, 0.0)
2026-06-01 17:40:29,337 [60052] INFO: move joint to (0.0, 0.0, 0.0, 0.0, 0.0, 0.0)
2026-06-01 17:40:38,878 [60052] INFO: ******************************robot_shutdown**********************
2026-06-01 17:40:38,878 [60052] INFO: ******************************robot_shutdown**********************
2026-06-01 17:40:39,390 [60052] INFO: ******************************disconnect2**********************
2026-06-01 17:40:39,390 [60052] INFO: ******************************disconnect2**********************
2026-06-01 17:40:41,004 [60052] INFO: Jun 01 2026 17:40:41 test completed.
2026-06-01 17:40:41,004 [60052] INFO: Jun 01 2026 17:40:41 test completed.
2026-06-01 17:40:41,006 [60052] INFO: client_count=0
2026-06-01 17:40:41,006 [60052] INFO: client_count=0
2026-06-01 17:41:20,381 [58588] INFO: ip=192.168.100.1, port=8899
2026-06-01 18:01:06,445 [19032] INFO: ip=192.168.100.1, port=8899
2026-06-01 18:01:54,010 [19032] INFO: client_count=0
2026-06-01 18:01:54,027 [19032] INFO: ip=192.168.100.1, port=8899
2026-06-01 18:01:54,027 [19032] INFO: ip=192.168.100.1, port=8899
2026-06-01 18:05:38,008 [19032] INFO: client_count=0
2026-06-01 18:05:38,008 [19032] INFO: client_count=0
2026-06-01 18:05:38,011 [19032] INFO: ip=192.168.100.1, port=8899
2026-06-01 18:05:38,011 [19032] INFO: ip=192.168.100.1, port=8899
2026-06-01 18:05:38,011 [19032] INFO: ip=192.168.100.1, port=8899
2026-06-01 18:06:02,693 [82616] INFO: ip=192.168.100.1, port=8899
2026-06-01 18:24:41,823 [134560] INFO: ip=192.168.100.1, port=8899
2026-06-01 18:26:43,573 [71100] INFO: ip=192.168.100.1, port=8899
2026-06-01 18:28:35,447 [126108] INFO: ip=192.168.100.1, port=8899
2026-06-01 18:32:52,090 [81844] INFO: ip=192.168.100.1, port=8899
2026-06-01 20:21:16,571 [106756] INFO: ip=192.168.100.1, port=8899
2026-06-01 20:40:02,044 [32792] INFO: ip=192.168.100.1, port=8899
2026-06-01 22:06:57,164 [94924] INFO: ip=192.168.100.1, port=8899
2026-06-02 15:37:30,147 [60048] INFO: ip=192.168.100.1, port=8899
2026-06-02 15:52:07,673 [18212] INFO: ip=192.168.100.1, port=8899
2026-06-02 16:16:46,264 [105216] INFO: ip=192.168.100.1, port=8899
2026-06-02 16:19:37,068 [117460] INFO: ip=192.168.100.1, port=8899
2026-06-02 16:31:17,282 [76864] INFO: ip=192.168.100.1, port=8899
2026-06-10 21:21:04,710 [17240] INFO: ip=192.168.100.1, port=8899
2026-06-10 21:25:07,758 [12176] INFO: ip=192.168.100.1, port=8899
2026-06-10 21:27:53,342 [15748] INFO: ip=192.168.100.1, port=8899
2026-06-11 17:00:40,003 [15480] INFO: Jun 11 2026 17:00:40 test beginning...
2026-06-11 17:00:40,007 [15480] INFO: robot.rshd=0
2026-06-11 17:00:40,007 [15480] INFO: ip=192.168.100.1, port=8899
2026-06-11 17:00:44,068 [15480] INFO: joint_status={'joint1': {'current': -35, 'voltage': 48.11000061035156, 'temperature': 37.20000076293945}, 'joint2': {'current': -1308, 'voltage': 48.619998931884766, 'temperature': 38.0}, 'joint3': {'current': 2089, 'voltage': 48.7400016784668, 'temperature': 38.599998474121094}, 'joint4': {'current': -208, 'voltage': 47.959999084472656, 'temperature': 41.099998474121094}, 'joint5': {'current': -41, 'voltage': 47.900001525878906, 'temperature': 45.900001525878906}, 'joint6': {'current': 25, 'voltage': 47.72999954223633, 'temperature': 41.29999923706055}}
2026-06-11 17:00:44,068 [15480] INFO: move joint to (0.541678, 0.225068, -0.948709, 0.397018, -1.5708, 0.541673)
2026-06-11 17:00:46,102 [15480] INFO: [1.5, 1.5, 1.5, 1.5, 1.5, 1.5]
2026-06-11 17:00:46,102 [15480] INFO: {'joint': [-3e-06, -0.127267, -1.321122, 0.376934, -1.570796, -8e-06], 'ori': [2.7059458405533235e-06, 0.7071085489469596, -0.7071050134122073, -2.474894023358776e-06], 'pos': [-0.4003190243099452, -0.12149882976219396, 0.5475984676269052]}
2026-06-11 17:00:46,102 [15480] INFO: {'joint': [-3.0000004733743424e-06, -0.12726700000561256, -1.3211220000098551, 0.37694132679065406, -1.5707959999979857, -8.000000473125794e-06], 'ori': [2.7059458405533235e-06, 0.7071085489469596, -0.7071050134122073, -2.474894023358776e-06], 'pos': [-0.4003190243099452, -0.12149882976219396, 0.5475984676269052]}
2026-06-11 17:00:46,102 [15480] INFO: move joint to (0.0, 0.0, 0.0, 0.0, 0.0, 0.0)
2026-06-11 17:00:48,924 [15480] INFO: ******************************disconnect1**********************
2026-06-11 17:00:50,003 [15480] INFO: Jun 11 2026 17:00:50 test completed.
2026-06-11 17:00:50,003 [15480] INFO: client_count=0
2026-06-11 17:00:50,003 [15480] INFO: test completed
2026-06-11 17:00:50,003 [15480] INFO: ******************************test_number 2
2026-06-11 17:00:50,004 [15480] INFO: Jun 11 2026 17:00:50 test beginning...
2026-06-11 17:00:50,004 [15480] INFO: Jun 11 2026 17:00:50 test beginning...
2026-06-11 17:00:50,008 [15480] INFO: robot.rshd=1
2026-06-11 17:00:50,008 [15480] INFO: robot.rshd=1
2026-06-11 17:00:50,008 [15480] INFO: ip=192.168.100.1, port=8899
2026-06-11 17:00:50,008 [15480] INFO: ip=192.168.100.1, port=8899
2026-06-11 17:01:00,538 [15480] INFO: ******************************robot_shutdown**********************
2026-06-11 17:01:00,538 [15480] INFO: ******************************robot_shutdown**********************
2026-06-11 17:01:01,053 [15480] INFO: ******************************disconnect2**********************
2026-06-11 17:01:01,053 [15480] INFO: ******************************disconnect2**********************
2026-06-11 17:01:02,014 [15480] INFO: Jun 11 2026 17:01:02 test completed.
2026-06-11 17:01:02,014 [15480] INFO: Jun 11 2026 17:01:02 test completed.
2026-06-11 17:01:02,036 [15480] INFO: client_count=0
2026-06-11 17:01:02,036 [15480] INFO: client_count=0
2026-06-11 17:12:06,835 [17084] INFO: ip=192.168.100.1, port=8899
2026-06-11 17:13:30,558 [24336] INFO: ip=192.168.100.1, port=8899
2026-06-11 17:15:58,535 [21588] INFO: ip=192.168.100.1, port=8899
2026-06-11 17:56:23,700 [23824] INFO: ip=192.168.100.1, port=8899
2026-06-11 17:58:18,124 [20588] INFO: ip=192.168.100.1, port=8899
